-- MariaDB dump 10.19  Distrib 10.4.28-MariaDB, for Win64 (AMD64)
--
-- Host: localhost    Database: tracker
-- ------------------------------------------------------
-- Server version	10.4.28-MariaDB

/*!40101 SET @OLD_CHARACTER_SET_CLIENT=@@CHARACTER_SET_CLIENT */;
/*!40101 SET @OLD_CHARACTER_SET_RESULTS=@@CHARACTER_SET_RESULTS */;
/*!40101 SET @OLD_COLLATION_CONNECTION=@@COLLATION_CONNECTION */;
/*!40101 SET NAMES utf8mb4 */;
/*!40103 SET @OLD_TIME_ZONE=@@TIME_ZONE */;
/*!40103 SET TIME_ZONE='+00:00' */;
/*!40014 SET @OLD_UNIQUE_CHECKS=@@UNIQUE_CHECKS, UNIQUE_CHECKS=0 */;
/*!40014 SET @OLD_FOREIGN_KEY_CHECKS=@@FOREIGN_KEY_CHECKS, FOREIGN_KEY_CHECKS=0 */;
/*!40101 SET @OLD_SQL_MODE=@@SQL_MODE, SQL_MODE='NO_AUTO_VALUE_ON_ZERO' */;
/*!40111 SET @OLD_SQL_NOTES=@@SQL_NOTES, SQL_NOTES=0 */;

--
-- Current Database: `tracker`
--

CREATE DATABASE /*!32312 IF NOT EXISTS*/ `tracker` /*!40100 DEFAULT CHARACTER SET latin1 COLLATE latin1_swedish_ci */;

USE `tracker`;

--
-- Table structure for table `almacena`
--

DROP TABLE IF EXISTS `almacena`;
/*!40101 SET @saved_cs_client     = @@character_set_client */;
/*!40101 SET character_set_client = utf8 */;
CREATE TABLE `almacena` (
  `id` int(10) unsigned NOT NULL AUTO_INCREMENT,
  `almacen_id` int(10) unsigned NOT NULL,
  `producto_id` int(10) unsigned NOT NULL,
  `created_at` timestamp NOT NULL DEFAULT current_timestamp(),
  `updated_at` timestamp NOT NULL DEFAULT current_timestamp(),
  `deleted_at` timestamp NULL DEFAULT NULL,
  PRIMARY KEY (`id`),
  UNIQUE KEY `almacen_id` (`almacen_id`,`producto_id`),
  KEY `producto_id` (`producto_id`),
  CONSTRAINT `almacena_ibfk_1` FOREIGN KEY (`almacen_id`) REFERENCES `almacenes` (`id`),
  CONSTRAINT `almacena_ibfk_2` FOREIGN KEY (`producto_id`) REFERENCES `productos` (`id`)
) ENGINE=InnoDB AUTO_INCREMENT=31 DEFAULT CHARSET=utf8mb4 COLLATE=utf8mb4_general_ci;
/*!40101 SET character_set_client = @saved_cs_client */;

--
-- Dumping data for table `almacena`
--

LOCK TABLES `almacena` WRITE;
/*!40000 ALTER TABLE `almacena` DISABLE KEYS */;
INSERT INTO `almacena` VALUES (8,1000,1044,'2023-09-04 21:34:07','2023-09-04 21:34:07',NULL),(9,1000,1045,'2023-09-04 21:34:23','2023-09-04 21:34:23',NULL),(10,1000,1046,'2023-09-04 21:34:28','2023-09-04 21:34:28',NULL),(11,1000,1068,'2023-09-04 21:34:41','2023-09-04 21:34:41',NULL),(12,1000,1069,'2023-09-04 21:34:47','2023-09-04 21:34:47',NULL),(13,1050,1070,'2023-09-04 21:45:23','2023-09-04 21:45:23',NULL),(14,1050,1071,'2023-09-04 21:45:27','2023-09-04 21:45:27',NULL),(15,1050,1074,'2023-09-04 21:45:40','2023-09-04 21:45:40',NULL),(17,750,750,'2023-09-26 01:50:05','2023-09-26 01:50:05',NULL),(22,1060,1121,'2023-10-10 01:20:48','2023-10-10 01:20:48',NULL),(23,1060,1122,'2023-10-10 01:21:30','2023-10-10 01:21:30',NULL),(24,1060,1124,'2023-10-10 01:24:37','2023-10-10 01:24:37',NULL),(25,1030,1123,'2023-10-12 23:29:08','2023-10-13 08:00:40',NULL),(26,1030,1060,'2023-10-16 01:11:57','2023-10-16 01:11:57',NULL),(29,1060,1127,'2023-10-19 01:25:20','2023-10-19 01:25:20',NULL),(30,1050,1073,'2023-10-30 21:08:45','2023-10-30 21:08:45',NULL);
/*!40000 ALTER TABLE `almacena` ENABLE KEYS */;
UNLOCK TABLES;

--
-- Table structure for table `almacenes`
--

DROP TABLE IF EXISTS `almacenes`;
/*!40101 SET @saved_cs_client     = @@character_set_client */;
/*!40101 SET character_set_client = utf8 */;
CREATE TABLE `almacenes` (
  `id` int(10) unsigned NOT NULL AUTO_INCREMENT,
  `departamento` varchar(50) NOT NULL,
  `calle` varchar(50) NOT NULL,
  `numero_puerta` varchar(8) NOT NULL,
  `latitud` decimal(8,6) NOT NULL,
  `longitud` decimal(9,6) NOT NULL,
  `telefono` int(11) NOT NULL,
  `capacidad` int(11) NOT NULL,
  `created_at` timestamp NOT NULL DEFAULT current_timestamp(),
  `updated_at` timestamp NOT NULL DEFAULT current_timestamp(),
  `deleted_at` timestamp NULL DEFAULT NULL,
  PRIMARY KEY (`id`)
) ENGINE=InnoDB AUTO_INCREMENT=1097 DEFAULT CHARSET=utf8mb4 COLLATE=utf8mb4_general_ci;
/*!40101 SET character_set_client = @saved_cs_client */;

--
-- Dumping data for table `almacenes`
--

LOCK TABLES `almacenes` WRITE;
/*!40000 ALTER TABLE `almacenes` DISABLE KEYS */;
INSERT INTO `almacenes` VALUES (750,'Florida','Aniyah Mission','551',-34.393833,-58.529064,94547486,2708,'2023-08-18 00:25:13','2023-09-05 01:42:25',NULL),(1000,'Durazno','Acevedo Diaz','3331',-34.898403,-56.128820,94418258,3152,'2023-08-18 00:25:13','2023-10-23 21:59:54',NULL),(1028,'North Codyville','Jarrell Vista','13820',-30.760513,-56.621587,94018230,228,'2023-08-18 00:25:13','2023-08-18 00:25:13',NULL),(1029,'Lake Ashtynburgh','Emmerich Island','10990',-32.117889,-56.933469,94938315,5112,'2023-08-18 00:25:13','2023-08-18 00:25:13',NULL),(1030,'Lake Jimmy','Matilde Mall','132',-30.559721,-54.514391,94698760,9248,'2023-08-18 00:25:13','2023-08-18 00:25:13',NULL),(1031,'East Felipehaven','Albert Knoll','48405',-33.953357,-56.578228,94315017,6926,'2023-08-18 00:25:13','2023-08-18 00:25:13',NULL),(1032,'Ludwigburgh','Lillie Mountain','2156',-33.030482,-58.980319,94344991,1282,'2023-08-18 00:25:13','2023-08-18 00:25:13',NULL),(1033,'Yasminburgh','Beahan Cliffs','114',-33.132273,-55.383417,94465714,3276,'2023-08-18 00:25:13','2023-08-18 00:25:13',NULL),(1034,'Wilkinsonton','Tiana Fields','39727',-31.808921,-56.470899,94243872,1191,'2023-08-18 00:25:13','2023-08-18 00:25:13',NULL),(1035,'West Myrtisfort','Nader Spurs','28053',-34.543478,-57.409230,94255961,8427,'2023-08-18 00:25:13','2023-08-18 00:25:13',NULL),(1036,'Horacemouth','Rath Ville','36139',-31.458717,-57.399383,94263199,4977,'2023-08-18 00:25:13','2023-08-18 00:25:13',NULL),(1037,'Kiehnview','Anissa Neck','91179',-31.538354,-57.621151,94845102,7677,'2023-08-18 00:25:13','2023-08-18 00:25:13',NULL),(1038,'East Nat','Fay Highway','3501',-32.147924,-58.726195,94626218,7990,'2023-08-18 00:25:13','2023-08-18 00:25:13',NULL),(1039,'North Amiya','McKenzie Meadows','1576',-34.654463,-57.068756,94115398,2700,'2023-08-18 00:25:13','2023-08-18 00:25:13',NULL),(1040,'North Evietown','Kunze Lane','29579',-30.334715,-56.390058,94777703,5895,'2023-08-18 00:25:13','2023-08-18 00:25:13',NULL),(1041,'Elmerport','Anderson Dam','81914',-30.683522,-55.359217,94265640,5259,'2023-08-18 00:25:13','2023-08-18 00:25:13',NULL),(1042,'North Shaneberg','Aglae Isle','486',-33.414532,-58.889965,94659331,4885,'2023-08-18 00:25:13','2023-08-18 00:25:13',NULL),(1043,'Breitenbergborough','Webster Drive','2303',-33.667472,-58.186337,94833227,1809,'2023-08-18 00:25:13','2023-08-18 00:25:13',NULL),(1044,'Lake Norris','Addie Lodge','69045',-30.892030,-57.173009,94952715,3587,'2023-08-18 00:25:13','2023-08-18 00:25:13',NULL),(1045,'Goldnerburgh','Lydia Loaf','3196',-31.922070,-53.172330,94472561,7513,'2023-08-18 00:25:13','2023-08-18 00:25:13',NULL),(1046,'Salto','Comercio','1431',-31.611908,-57.029783,94213139,420,'2023-08-18 00:25:13','2023-08-18 00:46:39',NULL),(1047,'Grantview','Hill Coves','4211',-31.164671,-56.131683,94041638,5863,'2023-08-18 00:25:13','2023-08-18 00:25:13',NULL),(1048,'Rocha','Herrera y Rivera','1431',-34.854026,-56.194190,94223139,420,'2023-08-18 00:40:15','2023-08-18 00:40:15',NULL),(1049,'Rocha','Herrera','1431',-34.854026,-56.194190,94223139,420,'2023-08-18 21:08:24','2023-08-18 21:08:24',NULL),(1050,'Flores','Obes','2221',-34.854026,-56.194190,94523139,850,'2023-08-22 03:31:31','2023-08-22 03:31:31',NULL),(1051,'Maldonado','Obes','2221',-34.854026,-56.194190,94523139,850,'2023-08-22 03:40:19','2023-08-22 03:40:19',NULL),(1052,'Maldonado','Obes','2221',-34.854026,-56.194190,94523139,850,'2023-08-22 03:43:25','2023-08-22 03:43:25',NULL),(1053,'Maldonado','Obes','2221',-34.854026,-56.194190,94523139,850,'2023-08-22 03:47:24','2023-08-22 03:47:24',NULL),(1054,'Maldonado','Obes','2221',-34.854026,-56.194190,94523139,850,'2023-08-22 03:47:43','2023-08-22 03:47:43',NULL),(1055,'Maldonado','Obes','2221',-34.854026,-56.194190,94523139,850,'2023-08-22 07:17:27','2023-08-22 07:17:27',NULL),(1056,'Maldonado','Obes','2221',-34.854026,-56.194190,94523139,850,'2023-08-22 07:21:32','2023-08-22 07:21:32',NULL),(1057,'Maldonado','Obes','2221',-34.854026,-56.194190,94523139,850,'2023-08-22 07:22:53','2023-08-22 07:22:53',NULL),(1058,'Rocha','Herrera','1431',-34.854026,-56.194190,94223139,420,'2023-08-22 22:50:35','2023-08-22 22:50:35',NULL),(1059,'Rocha','Herrera','1431',-34.854026,-56.194190,94223139,420,'2023-08-22 23:00:43','2023-08-22 23:00:43',NULL),(1060,'Rocha','Herrera','1431',-34.854026,-56.194190,94223139,420,'2023-08-22 23:07:43','2023-08-22 23:07:43',NULL),(1061,'Rocha','Herrera','1431',-34.854026,-56.194190,94223139,420,'2023-08-22 23:08:29','2023-08-22 23:08:29',NULL),(1062,'Rocha','Herrera','1431',-34.854026,-56.194190,94223139,420,'2023-08-22 23:09:56','2023-08-22 23:09:56',NULL),(1063,'Rocha','Herrera','1431',-34.854026,-56.194190,94223139,420,'2023-08-22 23:18:22','2023-08-22 23:18:22',NULL),(1064,'Rocha','Herrera','1431',-34.854026,-56.194190,94223139,420,'2023-08-22 23:18:48','2023-08-22 23:18:48',NULL),(1065,'Salto','Corrientes','1852',-34.737611,-56.091102,212371232,131334,'2023-09-04 22:44:08','2023-09-04 22:44:28',NULL),(1066,'Canelones','Rambla','6666',-34.737611,-56.091102,94225534,414124,'2023-09-04 23:28:21','2023-09-04 23:28:21',NULL),(1067,'Rivera','Rivera','3132',-34.737611,-54.737611,26236140,1331,'2023-09-04 23:50:36','2023-09-04 23:50:36',NULL),(1068,'Cerro Largo','Leopoldo','1431',-34.737611,-54.737611,26860140,1313,'2023-09-04 23:55:36','2023-09-04 23:55:36',NULL),(1069,'Maldonado','Obes','2221',-34.854026,-56.194190,94523139,850,'2023-09-12 23:19:29','2023-09-12 23:19:29',NULL),(1070,'Maldonado','Obes','2221',-34.854026,-56.194190,94523139,850,'2023-09-13 03:51:58','2023-09-13 03:51:58',NULL),(1071,'Maldonado','Obes','2221',-34.854026,-56.194190,94523139,850,'2023-09-13 03:55:01','2023-09-13 03:55:01',NULL),(1072,'Maldonado','Obes','2221',-34.854026,-56.194190,94523139,850,'2023-09-13 04:02:09','2023-09-13 04:02:09',NULL),(1073,'Maldonado','Obes','2221',-34.854026,-56.194190,94523139,850,'2023-09-13 04:06:54','2023-09-13 04:06:54',NULL),(1074,'Maldonado','Obes','2221',-34.854026,-56.194190,94523139,850,'2023-09-13 04:10:56','2023-09-13 04:10:56',NULL),(1075,'Maldonado','Obes','2221',-34.854026,-56.194190,94523139,850,'2023-09-13 21:17:47','2023-09-13 21:17:47',NULL),(1076,'Maldonado','Obes','2221',-34.854026,-56.194190,94523139,850,'2023-09-13 21:20:20','2023-09-13 21:20:20',NULL),(1077,'Maldonado','Obes','2221',-34.854026,-56.194190,94523139,850,'2023-09-13 21:23:36','2023-09-13 21:23:36',NULL),(1078,'Maldonado','Obes','2221',-34.854026,-56.194190,94523139,850,'2023-09-13 21:26:40','2023-09-13 21:26:40',NULL),(1079,'Maldonado','Obes','2221',-34.854026,-56.194190,94523139,850,'2023-09-13 21:32:26','2023-09-13 21:32:26',NULL),(1080,'Maldonado','Obes','2221',-34.854026,-56.194190,94523139,850,'2023-09-13 21:33:23','2023-09-13 21:33:23',NULL),(1081,'Maldonado','Obes','2221',-34.854026,-56.194190,94523119,850,'2023-09-13 21:52:52','2023-09-13 21:52:52',NULL),(1082,'Canelones','Venezuela','3131',-34.569323,-56.074531,21257140,311,'2023-09-22 22:20:08','2023-09-22 22:20:08',NULL),(1083,'Maldonado','Obes','2221',-34.854026,-56.194190,94523138,850,'2023-09-22 22:23:02','2023-09-22 22:23:02',NULL),(1084,'Maldonado','Obes','2221',-34.854026,-56.194190,9134591,850,'2023-09-22 22:41:54','2023-09-22 22:41:54',NULL),(1085,'Rocha','Herrera','1431',-34.854026,-56.194190,94223139,420,'2023-09-22 22:53:38','2023-09-22 22:53:38',NULL),(1086,'Rocha','Herrera','1431',-34.854026,-56.194190,94223139,420,'2023-09-22 22:54:50','2023-09-22 22:54:50',NULL),(1087,'Rocha','Herrera','1431',-34.854026,-56.194190,94223139,420,'2023-09-22 23:06:18','2023-09-22 23:06:18',NULL),(1088,'Rocha','Herrera','1431',-34.854026,-56.194190,94223139,420,'2023-09-22 23:06:33','2023-09-22 23:06:33',NULL),(1089,'Rocha','Herrera','1431',-34.854026,-56.194190,94223139,420,'2023-09-22 23:10:09','2023-09-22 23:10:09',NULL),(1090,'Rocha','Herrera','1431',-34.854026,-56.194190,94223139,420,'2023-09-22 23:30:13','2023-09-22 23:30:13',NULL),(1091,'Rocha','Herrera','1431',-34.854026,-56.194190,94223139,420,'2023-09-22 23:32:04','2023-09-22 23:32:04',NULL),(1092,'Rocha','Herrera','1431',-34.854026,-56.194190,94223139,420,'2023-09-26 01:48:27','2023-09-26 01:48:27',NULL),(1093,'Rocha','Herrera','1431',-34.854026,-56.194190,94223139,420,'2023-09-26 01:50:02','2023-09-26 01:50:02',NULL),(1094,'Maldonado','Obes','2221',-34.854026,-56.194190,94523188,850,'2023-10-23 21:31:12','2023-10-23 21:31:12',NULL),(1095,'Artigas','Calle Ejemplo 123','1234',-30.647991,-56.667235,-679,100,'2023-11-03 19:26:24','2023-11-03 19:26:24',NULL),(1096,'Salto','Otra Calle 456','5678',-31.611908,-57.029783,-5123,200,'2023-11-03 19:26:27','2023-11-03 19:26:27',NULL);
/*!40000 ALTER TABLE `almacenes` ENABLE KEYS */;
UNLOCK TABLES;

--
-- Table structure for table `failed_jobs`
--

DROP TABLE IF EXISTS `failed_jobs`;
/*!40101 SET @saved_cs_client     = @@character_set_client */;
/*!40101 SET character_set_client = utf8 */;
CREATE TABLE `failed_jobs` (
  `id` bigint(20) unsigned NOT NULL AUTO_INCREMENT,
  `uuid` varchar(255) NOT NULL,
  `connection` text NOT NULL,
  `queue` text NOT NULL,
  `payload` longtext NOT NULL,
  `exception` longtext NOT NULL,
  `failed_at` timestamp NOT NULL DEFAULT current_timestamp(),
  PRIMARY KEY (`id`),
  UNIQUE KEY `failed_jobs_uuid_unique` (`uuid`)
) ENGINE=InnoDB DEFAULT CHARSET=utf8mb4 COLLATE=utf8mb4_unicode_ci;
/*!40101 SET character_set_client = @saved_cs_client */;

--
-- Dumping data for table `failed_jobs`
--

LOCK TABLES `failed_jobs` WRITE;
/*!40000 ALTER TABLE `failed_jobs` DISABLE KEYS */;
/*!40000 ALTER TABLE `failed_jobs` ENABLE KEYS */;
UNLOCK TABLES;

--
-- Table structure for table `funcionarios`
--

DROP TABLE IF EXISTS `funcionarios`;
/*!40101 SET @saved_cs_client     = @@character_set_client */;
/*!40101 SET character_set_client = utf8 */;
CREATE TABLE `funcionarios` (
  `id` int(10) unsigned NOT NULL AUTO_INCREMENT,
  `usuario` varchar(255) NOT NULL,
  `ci` char(8) NOT NULL,
  `primer_nombre` varchar(20) NOT NULL,
  `primer_apellido` varchar(20) NOT NULL,
  `segundo_apellido` varchar(20) DEFAULT NULL,
  `calle` varchar(50) NOT NULL,
  `numero_de_puerta` varchar(8) NOT NULL,
  `created_at` timestamp NOT NULL DEFAULT current_timestamp(),
  `updated_at` timestamp NOT NULL DEFAULT current_timestamp(),
  `deleted_at` timestamp NULL DEFAULT NULL,
  PRIMARY KEY (`id`),
  UNIQUE KEY `usuario` (`usuario`),
  UNIQUE KEY `ci` (`ci`)
) ENGINE=InnoDB AUTO_INCREMENT=1004 DEFAULT CHARSET=utf8mb4 COLLATE=utf8mb4_general_ci;
/*!40101 SET character_set_client = @saved_cs_client */;

--
-- Dumping data for table `funcionarios`
--

LOCK TABLES `funcionarios` WRITE;
/*!40000 ALTER TABLE `funcionarios` DISABLE KEYS */;
INSERT INTO `funcionarios` VALUES (1,'blake.trantow@stokes.com','25670141','Jamey Rolfson','Wunsch','Koepp','Aufderhar Curve','603','2023-07-10 23:35:24','2023-07-10 23:35:24',NULL),(2,'beulah.champlin@will.com','47441187','Mrs. Layla Abernathy','Hand','Prohaska','Wintheiser Neck','34694','2023-07-10 23:35:24','2023-07-10 23:35:24',NULL),(3,'bailey.katharina@hotmail.com','80082745','Afton Hand','Funk','Gorczany','Heller Flats','37640','2023-07-10 23:35:24','2023-07-10 23:35:24',NULL),(4,'sawayn.gillian@orn.com','32216009','Frederic Wisoky MD','Hudson',NULL,'McDermott Station','776','2023-07-10 23:35:24','2023-07-10 23:35:24',NULL),(5,'catherine22@mcclure.com','81836409','Miss Alyson Reilly','Legros','Ziemann','Gerhold Club','147','2023-07-10 23:35:24','2023-07-10 23:35:24',NULL),(6,'marcellus51@yahoo.com','17964462','Dr. Rosalyn Boyle','Kiehn','Bernier','Murazik Center','136','2023-07-10 23:35:24','2023-07-10 23:35:24',NULL),(7,'turner49@gmail.com','86030228','Mr. Royal Steuber','Mayert',NULL,'Leuschke Island','27744','2023-07-10 23:35:25','2023-07-10 23:35:25',NULL),(8,'abshire.fausto@sanford.com','70660833','Carmella','Howe','Brekke','Williamson Road','36173','2023-07-10 23:37:12','2023-07-10 23:37:12',NULL),(9,'frieda.watsica@gottlieb.com','12958607','Elyssa','O\'Conner','Sauer','Little View','76843','2023-07-10 23:37:12','2023-07-10 23:37:12',NULL),(10,'elian48@ebert.org','27104050','Kaleb','Medhurst',NULL,'Melyssa Branch','1785','2023-07-10 23:37:12','2023-07-10 23:37:12',NULL),(11,'berge.shea@hotmail.com','63212673','Preston','Goodwin','Witting','Amos Centers','60813','2023-07-10 23:37:12','2023-07-10 23:37:12',NULL),(12,'carmel14@davis.com','73472610','Novella','Runte',NULL,'Freeman Plaza','5363','2023-07-10 23:37:12','2023-07-10 23:37:12',NULL),(13,'davis.melyssa@hotmail.com','06277200','Eliane','Franecki','Lockman','Marks Glens','9723','2023-07-10 23:37:12','2023-07-10 23:37:12',NULL),(14,'shana11@hahn.com','70495078','Nathanael','Roob',NULL,'Smitham Circles','15613','2023-07-10 23:37:12','2023-07-10 23:37:12',NULL),(15,'treutel.cristian@gmail.com','72989549','Maymie','Armstrong','Lowe','Ratke Forges','4744','2023-07-10 23:37:12','2023-07-10 23:37:12',NULL),(16,'margarete01@keebler.com','04224998','Levi','Crist','Conn','Francesco Crossroad','754','2023-07-10 23:37:12','2023-07-10 23:37:12',NULL),(17,'franco11@homenick.biz','29690535','Jan','Cummings',NULL,'Hilpert Parks','630','2023-07-10 23:37:12','2023-07-10 23:37:12',NULL),(18,'powlowski.maeve@rippin.biz','72686512','Lilian','Schneider','Stracke','Beahan Forges','43097','2023-07-10 23:37:12','2023-07-10 23:37:12',NULL),(19,'pzulauf@pagac.com','04725091','Kraig','Pagac','Bernhard','Anderson Courts','850','2023-07-10 23:37:12','2023-07-10 23:37:12',NULL),(20,'llesch@yahoo.com','25383219','Gia','Waelchi',NULL,'Darryl Parks','3548','2023-07-10 23:37:12','2023-07-10 23:37:12',NULL),(21,'aubrey99@hyatt.com','27506366','Maeve','Champlin',NULL,'Beth Locks','4548','2023-07-10 23:37:12','2023-07-10 23:37:12',NULL),(22,'howe.dewayne@hotmail.com','15970289','Ena','Veum',NULL,'Fermin Key','6023','2023-07-10 23:37:12','2023-07-10 23:37:12',NULL),(23,'lorena.renner@welch.biz','17543913','Devon','Johnson','Haley','Lindgren Flats','62267','2023-07-10 23:37:12','2023-07-10 23:37:12',NULL),(24,'deckow.sarina@gmail.com','57088764','Leann','Connelly','White','Taurean Via','65528','2023-07-10 23:37:12','2023-07-10 23:37:12',NULL),(25,'zhirthe@ferry.com','69517756','Paul','Kulas',NULL,'Welch River','535','2023-07-10 23:37:12','2023-07-10 23:37:12',NULL),(26,'alejandra35@adams.com','22950606','Maurice','Crooks','Gorczany','Natasha Loop','8515','2023-07-10 23:37:12','2023-07-10 23:37:12',NULL),(27,'hagenes.nola@gmail.com','45155274','Dillan','Watsica',NULL,'Tremblay Mountain','5181','2023-07-10 23:37:12','2023-07-10 23:37:12',NULL),(750,'dberge@konopelski.com','76242083','Kevon','Corkery',NULL,'Ernie Courts','6896','2023-07-12 01:49:40','2023-07-12 01:49:40',NULL),(1000,'correo@gmail.com','53227239','Manuel','Gonzalez',NULL,'Av Italia','1333','2023-07-12 01:49:40','2023-07-12 02:46:24',NULL),(1001,'utuInformatica@adinet.com','51550959','Jorge','Ramirez','Perez','Av General Rivera','1642','2023-07-12 02:35:11','2023-07-12 02:35:11',NULL),(1003,'utu_Informatica@adinet.com','51550859','Jorge','Ramirez','Perez','Av General Rivera','1642','2023-07-12 02:46:24','2023-07-12 02:46:24',NULL);
/*!40000 ALTER TABLE `funcionarios` ENABLE KEYS */;
UNLOCK TABLES;

--
-- Table structure for table `gestiona`
--

DROP TABLE IF EXISTS `gestiona`;
/*!40101 SET @saved_cs_client     = @@character_set_client */;
/*!40101 SET character_set_client = utf8 */;
CREATE TABLE `gestiona` (
  `id` int(10) unsigned NOT NULL AUTO_INCREMENT,
  `producto_id` int(10) unsigned NOT NULL,
  `vehiculo_id` int(10) unsigned NOT NULL,
  `usuario_id` int(10) unsigned NOT NULL,
  `IDLote` int(10) unsigned NOT NULL,
  `fecha` date NOT NULL,
  `created_at` timestamp NOT NULL DEFAULT current_timestamp(),
  `updated_at` timestamp NOT NULL DEFAULT current_timestamp(),
  `deleted_at` timestamp NULL DEFAULT NULL,
  PRIMARY KEY (`id`),
  UNIQUE KEY `producto_id` (`producto_id`),
  KEY `vehiculo_id` (`vehiculo_id`),
  KEY `usuario_id` (`usuario_id`),
  CONSTRAINT `gestiona_ibfk_1` FOREIGN KEY (`producto_id`) REFERENCES `productos` (`id`),
  CONSTRAINT `gestiona_ibfk_2` FOREIGN KEY (`vehiculo_id`) REFERENCES `vehiculos` (`id`),
  CONSTRAINT `gestiona_ibfk_3` FOREIGN KEY (`usuario_id`) REFERENCES `usuarios` (`id`)
) ENGINE=InnoDB AUTO_INCREMENT=35 DEFAULT CHARSET=latin1 COLLATE=latin1_swedish_ci;
/*!40101 SET character_set_client = @saved_cs_client */;

--
-- Dumping data for table `gestiona`
--

LOCK TABLES `gestiona` WRITE;
/*!40000 ALTER TABLE `gestiona` DISABLE KEYS */;
INSERT INTO `gestiona` VALUES (1,1073,2,2,38,'2023-11-06','2023-09-14 20:07:33','2023-09-14 20:07:33',NULL),(2,1074,2,2,38,'2023-11-06','2023-09-14 20:07:33','2023-09-14 20:07:33',NULL),(4,1072,2,2,38,'2023-11-06','2023-09-14 20:07:33','2023-09-14 20:07:33',NULL),(5,750,1,2,1,'2023-09-14','2023-09-14 20:07:33','2023-09-14 20:07:33',NULL),(6,1000,1,2,1,'2023-09-14','2023-09-14 20:07:33','2023-09-14 20:07:33',NULL),(7,1044,1,2,1,'2023-09-14','2023-09-14 20:07:33','2023-09-14 20:07:33',NULL),(8,1045,1,2,1,'2023-09-14','2023-09-14 20:07:33','2023-09-14 20:07:33',NULL),(9,1046,1,2,2,'2023-09-14','2023-09-14 20:07:33','2023-09-14 20:07:33',NULL),(10,1047,1,2,2,'2023-09-14','2023-09-14 20:07:33','2023-09-14 20:07:33',NULL),(11,1048,1,2,2,'2023-09-14','2023-09-14 20:07:33','2023-09-14 20:07:33',NULL),(12,1049,2,2,3,'2023-11-06','2023-09-14 20:07:33','2023-09-14 20:07:33',NULL),(13,1050,2,2,3,'2023-11-06','2023-09-14 20:07:33','2023-09-14 20:07:33',NULL),(14,1051,2,2,3,'2023-11-06','2023-09-14 20:07:33','2023-09-14 20:07:33',NULL),(15,1052,10,2,4,'2023-09-18','2023-09-18 21:20:34','2023-09-18 21:20:34',NULL),(16,1053,10,2,4,'2023-09-18','2023-09-18 21:57:00','2023-09-18 21:57:00',NULL),(17,1054,10,2,5,'2023-09-18','2023-09-18 21:57:29','2023-09-18 21:57:29',NULL),(18,1055,10,2,987,'2023-09-15','2023-09-18 22:22:42','2023-09-18 22:22:42',NULL),(19,1056,10,2,900,'2023-09-19','2023-09-18 22:35:20','2023-09-18 22:35:20',NULL),(21,1095,1022,2,718,'2023-09-18','2023-09-19 04:58:56','2023-09-19 04:58:56',NULL),(22,1058,1027,1032,10,'2023-10-03','2023-10-03 21:49:58','2023-10-03 21:49:58',NULL),(23,1059,1027,1032,10,'2023-10-03','2023-10-03 21:49:58','2023-10-03 21:49:58',NULL),(24,1060,1027,1032,10,'2023-10-03','2023-10-03 21:49:58','2023-10-03 21:49:58',NULL),(28,1068,1027,1032,97,'2023-10-03','2023-10-03 23:28:53','2023-10-03 23:28:53',NULL),(29,1069,1027,1032,97,'2023-10-03','2023-10-03 23:28:53','2023-10-03 23:28:53',NULL),(30,1070,1027,1032,97,'2023-10-03','2023-10-03 23:28:53','2023-10-03 23:28:53',NULL),(31,1114,1022,1009,2206,'2023-10-10','2023-10-10 22:06:37','2023-10-10 22:06:37',NULL),(32,1115,1022,1009,2206,'2023-10-10','2023-10-10 22:06:37','2023-10-10 22:06:37',NULL),(33,1116,1022,1009,2206,'2023-10-10','2023-10-10 22:06:37','2023-10-10 22:06:37',NULL),(34,1117,2,2,39,'2023-11-06','2023-11-05 19:09:14','2023-11-05 19:09:14',NULL);
/*!40000 ALTER TABLE `gestiona` ENABLE KEYS */;
UNLOCK TABLES;

--
-- Table structure for table `maneja`
--

DROP TABLE IF EXISTS `maneja`;
/*!40101 SET @saved_cs_client     = @@character_set_client */;
/*!40101 SET character_set_client = utf8 */;
CREATE TABLE `maneja` (
  `id` int(10) unsigned NOT NULL AUTO_INCREMENT,
  `vehiculo_id` int(10) unsigned DEFAULT NULL,
  `usuario_id` int(10) unsigned DEFAULT NULL,
  `created_at` timestamp NOT NULL DEFAULT current_timestamp(),
  `updated_at` timestamp NOT NULL DEFAULT current_timestamp() ON UPDATE current_timestamp(),
  `deleted_at` timestamp NULL DEFAULT NULL,
  PRIMARY KEY (`id`),
  KEY `vehiculo_id` (`vehiculo_id`),
  KEY `usuario_id` (`usuario_id`),
  CONSTRAINT `maneja_ibfk_1` FOREIGN KEY (`vehiculo_id`) REFERENCES `vehiculos` (`id`),
  CONSTRAINT `maneja_ibfk_2` FOREIGN KEY (`usuario_id`) REFERENCES `usuarios` (`id`)
) ENGINE=InnoDB AUTO_INCREMENT=8 DEFAULT CHARSET=latin1 COLLATE=latin1_swedish_ci;
/*!40101 SET character_set_client = @saved_cs_client */;

--
-- Dumping data for table `maneja`
--

LOCK TABLES `maneja` WRITE;
/*!40000 ALTER TABLE `maneja` DISABLE KEYS */;
INSERT INTO `maneja` VALUES (1,1,1,'2023-09-14 19:43:21','2023-09-14 19:43:21',NULL),(2,2,1000,'2023-09-14 19:43:21','2023-09-14 19:43:21',NULL),(3,3,1008,'2023-09-14 19:43:21','2023-09-14 19:43:21',NULL),(4,10,1000,'2023-09-18 21:15:14','2023-11-05 01:04:06','2023-11-05 01:04:06'),(5,10,1000,'2023-09-18 22:21:17','2023-11-05 01:04:03','2023-11-05 01:04:03'),(6,1,1029,'2023-10-16 02:03:34','2023-10-16 03:28:49',NULL),(7,1012,1001,'2023-10-30 21:13:33','2023-10-30 21:13:33',NULL);
/*!40000 ALTER TABLE `maneja` ENABLE KEYS */;
UNLOCK TABLES;

--
-- Table structure for table `migrations`
--

DROP TABLE IF EXISTS `migrations`;
/*!40101 SET @saved_cs_client     = @@character_set_client */;
/*!40101 SET character_set_client = utf8 */;
CREATE TABLE `migrations` (
  `id` int(10) unsigned NOT NULL AUTO_INCREMENT,
  `migration` varchar(255) NOT NULL,
  `batch` int(11) NOT NULL,
  PRIMARY KEY (`id`)
) ENGINE=InnoDB AUTO_INCREMENT=11 DEFAULT CHARSET=utf8mb4 COLLATE=utf8mb4_unicode_ci;
/*!40101 SET character_set_client = @saved_cs_client */;

--
-- Dumping data for table `migrations`
--

LOCK TABLES `migrations` WRITE;
/*!40000 ALTER TABLE `migrations` DISABLE KEYS */;
INSERT INTO `migrations` VALUES (1,'2014_10_12_000000_create_users_table',1),(2,'2014_10_12_100000_create_password_resets_table',1),(3,'2019_08_19_000000_create_failed_jobs_table',1),(4,'2019_12_14_000001_create_personal_access_tokens_table',1),(5,'2016_06_01_000001_create_oauth_auth_codes_table',2),(6,'2016_06_01_000002_create_oauth_access_tokens_table',2),(7,'2016_06_01_000003_create_oauth_refresh_tokens_table',2),(8,'2016_06_01_000004_create_oauth_clients_table',2),(9,'2016_06_01_000005_create_oauth_personal_access_clients_table',2),(10,'2023_10_05_182311_create_imagenes_table',3);
/*!40000 ALTER TABLE `migrations` ENABLE KEYS */;
UNLOCK TABLES;

--
-- Table structure for table `oauth_access_tokens`
--

DROP TABLE IF EXISTS `oauth_access_tokens`;
/*!40101 SET @saved_cs_client     = @@character_set_client */;
/*!40101 SET character_set_client = utf8 */;
CREATE TABLE `oauth_access_tokens` (
  `id` varchar(100) NOT NULL,
  `user_id` bigint(20) unsigned DEFAULT NULL,
  `client_id` bigint(20) unsigned NOT NULL,
  `name` varchar(255) DEFAULT NULL,
  `scopes` text DEFAULT NULL,
  `revoked` tinyint(1) NOT NULL,
  `created_at` timestamp NULL DEFAULT NULL,
  `updated_at` timestamp NULL DEFAULT NULL,
  `expires_at` datetime DEFAULT NULL,
  PRIMARY KEY (`id`),
  KEY `oauth_access_tokens_user_id_index` (`user_id`)
) ENGINE=InnoDB DEFAULT CHARSET=utf8mb4 COLLATE=utf8mb4_unicode_ci;
/*!40101 SET character_set_client = @saved_cs_client */;

--
-- Dumping data for table `oauth_access_tokens`
--

LOCK TABLES `oauth_access_tokens` WRITE;
/*!40000 ALTER TABLE `oauth_access_tokens` DISABLE KEYS */;
INSERT INTO `oauth_access_tokens` VALUES ('008b89e7562db6f598454e4967e60b14d33fef7543c58f5dbe8e7c5f7cdff3d2f6bdbfe53be4cda3',1041,1,NULL,'[]',0,'2023-09-26 01:50:12','2023-09-26 01:50:12','2024-09-25 22:50:12'),('00ab25b45e5043074e689940d7eb7294e0d414f2154096eae758410e0d6614ee1659e2e24c9b1cf3',1001,1,NULL,'[]',0,'2023-09-22 21:36:05','2023-09-22 21:36:05','2024-09-22 18:36:05'),('0103951a5dee7ed1deb631f9f1088efdb04cbf805c260ee465e85d90b9af3ad74fd69166d7c79e44',1001,1,NULL,'[]',0,'2023-09-22 00:22:56','2023-09-22 00:22:56','2024-09-21 21:22:56'),('013ff0dc7110a151c43e94cb9934c0fbe8d2f8b455daa1871ea18951d8d1adc5d7df4986618fa7b0',1001,1,NULL,'[]',0,'2023-09-22 00:18:47','2023-09-22 00:18:47','2024-09-21 21:18:47'),('01d78af3000e8facfba8d0034613db9c94e29834d613c912150a931beb83d427a5576deac82be7d4',1001,1,NULL,'[]',0,'2023-09-21 20:46:08','2023-09-21 20:46:08','2024-09-21 17:46:08'),('0282da109249919fe409abdbd282fc24ef40e7ef9492b7699a1d7ee4d30efa98829400717c05762b',1001,1,NULL,'[]',0,'2023-09-21 23:57:32','2023-09-21 23:57:32','2024-09-21 20:57:32'),('02b5fcd9100c630fa8c42b5200542c85fbc2737cb55268aa2a112972b8f96bd03e92bf4faaf70a08',1001,1,NULL,'[]',1,'2023-10-31 01:51:58','2023-10-31 01:51:58','2024-10-30 22:51:58'),('02dde2b4855376133cf292bacc064305066827b3829c23c2eeba0b0243d92b7eaa10c4b882e417e5',1001,1,NULL,'[]',0,'2023-09-21 20:42:33','2023-09-21 20:42:33','2024-09-21 17:42:33'),('04b379b7c05acfc24525a699bf954d4ede085ad99f15b05b748bd75ccaf22a41e2e70daa7248b1ad',1001,1,NULL,'[]',0,'2023-10-02 21:07:10','2023-10-02 21:07:10','2024-10-02 18:07:10'),('04fc1e656241bfd5656b33ec38b1dc8f873e3a3b3b7b6a7111a114b1706d9fe958ff758fc089aa94',1001,1,NULL,'[]',0,'2023-09-22 00:13:47','2023-09-22 00:13:47','2024-09-21 21:13:47'),('0521d546213dccbc19ddd153a2ad807c66b4f9590ccf93ea42085facb55acb8a2b8591857b1de062',1041,1,NULL,'[]',0,'2023-09-26 01:48:25','2023-09-26 01:48:25','2024-09-25 22:48:25'),('0592b0451f1bf14c7ea62382dc1f555cb4dfbd1d2feb8a40fb521488664f85d7df210d3d29650701',1001,1,NULL,'[]',0,'2023-10-02 21:52:13','2023-10-02 21:52:13','2024-10-02 18:52:13'),('05f0997a0dabc0456546ce812edf737c47ffac0f300fd44f5452e26138403b6a90534c62d887569b',1001,1,NULL,'[]',0,'2023-09-22 23:32:08','2023-09-22 23:32:08','2024-09-22 20:32:08'),('05facb5733ab23af49464b994d35a3327358aecbd9129a91227dd18da6dae2f4f4b9a222f4a72a4d',1001,1,NULL,'[]',0,'2023-09-22 00:17:21','2023-09-22 00:17:21','2024-09-21 21:17:21'),('07121b6ff3659aa38f9813ba5a9617b79975b8df14ba4b77b2a15452c9533bd6a7d3859cb1d231c6',1041,1,NULL,'[]',0,'2023-10-17 00:12:21','2023-10-17 00:12:21','2024-10-16 21:12:21'),('0796791660246f3dcf1a30bcacf596d095a86677d38d4a2e288bf6cf31d0c971d058ed14adafdbc5',1001,1,NULL,'[]',0,'2023-09-22 21:34:34','2023-09-22 21:34:34','2024-09-22 18:34:34'),('083cac7530d6335e5a3e013672c8654985844102912e1858c2590a8348fb2f6390f217c6560066ab',1001,1,NULL,'[]',0,'2023-09-22 00:26:02','2023-09-22 00:26:02','2024-09-21 21:26:02'),('0882378aa2df3148460a582281f30a57288e64230cb31aeda013a6745ce0788a52d700040d0cd65e',1001,1,NULL,'[]',0,'2023-09-21 23:58:29','2023-09-21 23:58:29','2024-09-21 20:58:29'),('08cd1dcf75c7affa3ad9a6972f666de4145b5424a653db590371761dd9630eb806b5ab1a7df08e9c',1,1,NULL,'[]',0,'2023-08-22 22:47:39','2023-08-22 22:47:39','2024-08-22 19:47:39'),('0921e3b587fbc03d44e95b3665d382c37366c1fe41e84d0da277e8e20e368254e1f338a9b06421a1',1041,1,NULL,'[]',1,'2023-09-28 01:26:27','2023-09-28 01:26:27','2024-09-27 22:26:27'),('0992177954a4089ced1069c23293a595a726276c02a19420b3b64b0554cdbfa3f09584972f2d9087',1041,1,NULL,'[]',0,'2023-09-27 22:56:02','2023-09-27 22:56:02','2024-09-27 19:56:02'),('09e14b86024d3de92ae34347850716a4688479507449389302b7127de1dee48d8f5d6dadd8122e36',1001,1,NULL,'[]',0,'2023-09-22 21:36:06','2023-09-22 21:36:06','2024-09-22 18:36:06'),('09ee596cf9fe73596bae3c002220328e91580e2174db6c9d8c3458a7dc70f3c441e2ac799195d13f',1001,1,NULL,'[]',0,'2023-09-21 07:03:28','2023-09-21 07:03:28','2024-09-21 04:03:28'),('09eff7328f26da448512e0faa12f8888ab819eadf3d53f0585a4c6415a5926b21330bc88d93bb399',1001,1,NULL,'[]',0,'2023-09-22 21:46:02','2023-09-22 21:46:02','2024-09-22 18:46:02'),('09f258dd882f1b7a24689095a64a6143df504834995f3e01c571caa16c142d50f61941fc91f6b242',1001,1,NULL,'[]',0,'2023-09-22 00:18:46','2023-09-22 00:18:46','2024-09-21 21:18:46'),('0a9ddee5ebbc2b7213c1d70c41238a20e612eced0a4da9f7128c8135a1405da91d425023d458183c',1041,1,NULL,'[]',0,'2023-10-02 22:05:08','2023-10-02 22:05:08','2024-10-02 19:05:08'),('0ad087005e2e64abe2cd66575122f82ef7286ba389bd31877a7d1960b72acdc2df0e5468d498ee97',1041,1,NULL,'[]',0,'2023-09-26 01:50:14','2023-09-26 01:50:14','2024-09-25 22:50:14'),('0b29ee385c4efc1d2b80cd6de7ee8d31f3c82af1558feea299e51baac7a612ac7058efe7056645e1',1041,1,NULL,'[]',1,'2023-09-28 01:25:55','2023-09-28 01:25:55','2024-09-27 22:25:55'),('0b2ba3ff8e6eb5adb8527c1bee64685b6f372fc6fa6be0e60457395b41cf3f4a2227a025ede7bb85',1041,1,NULL,'[]',0,'2023-10-17 00:12:24','2023-10-17 00:12:24','2024-10-16 21:12:24'),('0b426b04c2c41968d5f1141cf9a50c02ea87bcdecb081a9b639677974b7486fd31e6616cc9a5255c',1001,1,NULL,'[]',0,'2023-09-22 00:22:04','2023-09-22 00:22:04','2024-09-21 21:22:04'),('0b46798eb821a86a3477cda6b96913a9d52b0018ea147bc99f2b56351f4eda7aebc3faa6655b542c',1001,1,NULL,'[]',0,'2023-09-22 00:13:49','2023-09-22 00:13:49','2024-09-21 21:13:49'),('0b8167b40cc6603b14cc83fb644c64acccaf32773e95de1271c7455a8d1e45ceb7c7211014ffffd5',1001,1,NULL,'[]',0,'2023-09-22 00:25:57','2023-09-22 00:25:57','2024-09-21 21:25:57'),('0c17f8763503ba3152cd95cb40635dea98bac43837bc1ac711233a4f41da2a3317c32e354d6a6053',1001,1,NULL,'[]',0,'2023-10-02 21:52:16','2023-10-02 21:52:16','2024-10-02 18:52:16'),('0c35d42254f64355fb1fa503280047d8116097097af692155aa94b544a5bbde7d1736ca885faba36',1001,1,NULL,'[]',0,'2023-09-22 23:30:13','2023-09-22 23:30:13','2024-09-22 20:30:13'),('0ca23072077b5d7ed2dca7a92d9bc35141939a23676a7795f9009675a432f45c3b964c4472218ce7',1001,1,NULL,'[]',0,'2023-09-22 21:46:01','2023-09-22 21:46:01','2024-09-22 18:46:01'),('0ca4ad1917ce935c553c2da7a608f1e9e62e2ee3adc643eeaf290363acf58ea403a0fcfcef6fd045',1001,1,NULL,'[]',0,'2023-09-22 21:46:01','2023-09-22 21:46:01','2024-09-22 18:46:01'),('0cb39191d6417b7095a436ba53d331914c21e344938f9c9520fb6fdeb8d40b188e803b70f5c707c3',1041,1,NULL,'[]',0,'2023-10-02 22:05:09','2023-10-02 22:05:09','2024-10-02 19:05:09'),('0cce5b3892b0a13062b5a0316afeb1b30981cb154f98e56265a657261a62bddee71276ace60bf62f',1001,1,NULL,'[]',0,'2023-10-02 21:01:07','2023-10-02 21:01:07','2024-10-02 18:01:07'),('0cf11a425d7ff75412b02b67f743d2e8092784138503aac1fdebdb399f1ac9112dd5e82f0c4bfd1d',1041,1,NULL,'[]',0,'2023-09-26 01:48:31','2023-09-26 01:48:31','2024-09-25 22:48:31'),('0d55b2d60f75ce46fb45c03bb15cc45fefe09eaf498ebf4b3ea58a85cda6dc1368a87e16183e4216',1001,1,NULL,'[]',0,'2023-09-22 23:32:09','2023-09-22 23:32:09','2024-09-22 20:32:09'),('0dc46ef369ea39bad2a2cb291b5d7bbb8ba1e3e1579c31eaa3e0eb8d7a53cf62e7d5797ec183b424',1041,1,NULL,'[]',0,'2023-10-02 22:05:03','2023-10-02 22:05:03','2024-10-02 19:05:03'),('0eecfde550bebf9c3889be55e89ba28b4d2a2d56bf103f1f9b14c6c806d3543b6a66eaec7231cbb6',1041,1,NULL,'[]',0,'2023-09-26 01:50:07','2023-09-26 01:50:07','2024-09-25 22:50:07'),('102489ff0c70f15f8be2817a2c9be21b8553c302f2f6d7e50694b909478e3f3399b9556cde48a556',1001,1,NULL,'[]',0,'2023-09-22 21:36:03','2023-09-22 21:36:03','2024-09-22 18:36:03'),('104b6255185fef19856d71703a5d3c8e39513e385a9e3174cb39e6517d77f35af244d725edf45f69',1041,1,NULL,'[]',0,'2023-10-02 22:53:31','2023-10-02 22:53:31','2024-10-02 19:53:31'),('1070e92856ba7123899fe929d52cfbbd6806a1f986bda68ad8a77204d9c39c6c35632b03cc710561',1001,1,NULL,'[]',0,'2023-10-02 21:52:16','2023-10-02 21:52:16','2024-10-02 18:52:16'),('1075828313ba78bef3edbc10a793e72a179dd382a57b400bab09106beb6b28d1c6deea91925fa7ed',1001,1,NULL,'[]',0,'2023-09-22 00:19:28','2023-09-22 00:19:28','2024-09-21 21:19:28'),('1080b1c4e86f221881061d8c647a06885cfd066d608a100af3835ee5f59e50b0457ceb0d6ead69f1',1041,1,NULL,'[]',0,'2023-10-17 00:12:32','2023-10-17 00:12:32','2024-10-16 21:12:32'),('1087446c0c91fd06b1e427b2c9855f4f288b826d8a8c370f81a46af8aa333276c2fac8fb487784ae',1000,1,NULL,'[]',1,'2023-10-23 00:31:07','2023-10-23 00:31:07','2024-10-22 21:31:07'),('10b7740ab7b45691158b0fbb14af6195845207fd140e6ff149a287b7b1f29e8ac708d5a740780f64',1001,1,NULL,'[]',1,'2023-10-09 21:48:49','2023-10-09 21:48:49','2024-10-09 18:48:49'),('113900343b5b9692cb0d33b5f58ee100d8603810431cbc7cf69e8d94cecd329ce7aa9909f9ff900b',1041,1,NULL,'[]',0,'2023-10-17 00:12:21','2023-10-17 00:12:21','2024-10-16 21:12:21'),('122917e363074529d3f8436d2a9722b89f186b0dc4c9781b6a1a2ac65e5756a9b374977db18b92d6',1001,1,NULL,'[]',0,'2023-09-22 00:04:30','2023-09-22 00:04:30','2024-09-21 21:04:30'),('12b3d9d6a47258ecf57656f7be7e22b6ad6f2b219bfc484caa55de189bbeff6802e361e02b027e23',1001,1,NULL,'[]',0,'2023-09-22 21:39:47','2023-09-22 21:39:47','2024-09-22 18:39:47'),('12be7f43fd02550324db62afcce09b0f221a3077bfdb65ea719dde04b6947cd8e642b014b8a2c4eb',1001,1,NULL,'[]',0,'2023-09-22 00:22:57','2023-09-22 00:22:57','2024-09-21 21:22:57'),('12fcc5bf98d7a1fb8af9170a71f3c853551a9b4e3d2a96cc690aaa12aa3baf474e4e8adec4958162',1001,1,NULL,'[]',0,'2023-09-22 21:39:44','2023-09-22 21:39:44','2024-09-22 18:39:44'),('1302a13cdffcd82cd81fb0957ad6c27698447369739f1e1d94ac4d042e1309e15708af5e1fbe117f',1001,1,NULL,'[]',0,'2023-09-21 20:42:31','2023-09-21 20:42:31','2024-09-21 17:42:31'),('1315853811f1784714be435734f868a69a8036c78211960fd7707b7577524247bd35c87fef984dbe',1001,1,NULL,'[]',0,'2023-09-22 21:36:03','2023-09-22 21:36:03','2024-09-22 18:36:03'),('139f01c21b3d0db46997cbf08cbfc6a16f86fa195b368dcb9f9bb4728ff62a81e879e706f3744c87',1041,1,NULL,'[]',1,'2023-10-19 21:00:08','2023-10-19 21:00:08','2024-10-19 18:00:08'),('13fc33b76b4ed8b5870447bc82b153e8ff88257050ce89e45ed7be102e2d8e5c9779ba2c2eda65a2',1000,1,NULL,'[]',1,'2023-11-05 22:03:34','2023-11-05 22:03:34','2024-11-05 19:03:34'),('1485e417d7394c8fa7a6779111c10a2ca53fe012648cb3ef1299083234ceffc9f1ba8119594cb294',1041,1,NULL,'[]',0,'2023-09-26 01:48:39','2023-09-26 01:48:39','2024-09-25 22:48:39'),('148c33cd5cf6e876fd4cac538148b11104b9d82ee04c58c2ac2ee23598a7f2e55073b64115802416',1000,1,NULL,'[]',1,'2023-10-22 22:02:45','2023-10-22 22:02:45','2024-10-22 19:02:45'),('14926ae93feea420b0867a9b09e5ba9766073f9c34b855adbb15a4699ad5e08b8dbcc1403cf42589',1041,1,NULL,'[]',1,'2023-11-01 03:23:47','2023-11-01 03:23:47','2024-11-01 00:23:47'),('14a72250644020261a91db4f9ed5cd59688dd4011d349c6607847ffb71dafbb985d36668cd818bc1',1041,1,NULL,'[]',0,'2023-11-02 21:44:40','2023-11-02 21:44:40','2024-11-02 18:44:40'),('14b7fa0ab8cb2d86cbd1a3923c4ffe63d74818c0526b86a68b1d1a4eeba35f3a1f47569ec4493226',1001,1,NULL,'[]',0,'2023-09-22 23:10:11','2023-09-22 23:10:11','2024-09-22 20:10:11'),('14f96223469e0f823054d511080dbb50a2e468c01bbb7c32cce88943c01efa15769c0d5627005461',1001,1,NULL,'[]',0,'2023-09-22 23:30:22','2023-09-22 23:30:22','2024-09-22 20:30:22'),('155599a09887622e438249c6e4e22f897f1412e20c197e39c8eb2eb079ebb05dc9c62f9ac96105e2',1041,1,NULL,'[]',0,'2023-09-26 01:50:13','2023-09-26 01:50:13','2024-09-25 22:50:13'),('15b2788ffa4142c19342346dc724cebcf883a1e7c531d3fab56a4c16307d5de39304408da4c924c5',1041,1,NULL,'[]',0,'2023-09-26 01:48:35','2023-09-26 01:48:35','2024-09-25 22:48:35'),('16823c51b94044580a4ba53983853f8a7527467cd19498084daf1e1490dce54ae976218c9b75143e',1001,1,NULL,'[]',0,'2023-09-22 00:22:08','2023-09-22 00:22:08','2024-09-21 21:22:08'),('16ad7026e8472d1b92bdb835544e52ff9912da610e45d113d82168270b729daf18df8b49a8eaa6ad',1041,1,NULL,'[]',0,'2023-10-17 00:15:58','2023-10-17 00:15:58','2024-10-16 21:15:58'),('172bd1d0964fb15c14e70684c1817ed9db41ed1ed7e5e463df45b8370401c008ae3c926b10fb12cb',1041,1,NULL,'[]',0,'2023-10-06 00:19:30','2023-10-06 00:19:30','2024-10-05 21:19:30'),('179c749ba194abd3a50cf23859a05d84a7b77b9bbf51e8bd5874dbfae2aa60173e8164cb153eeb12',1041,1,NULL,'[]',1,'2023-10-09 00:39:47','2023-10-09 00:39:47','2024-10-08 21:39:47'),('18c665a3831bce4d70b66af3bcb7d8c563dfefed221f528ee0c0f79cd7cf36db3eab8fd759bd9c64',1041,1,NULL,'[]',1,'2023-10-09 00:59:39','2023-10-09 00:59:39','2024-10-08 21:59:39'),('1941ca3040e55f9e533ac9d5cab9c82468ef6cc0832972d6f6ff1a19cd9968e63ca3d9dc9a584289',1041,1,NULL,'[]',0,'2023-09-27 22:19:01','2023-09-27 22:19:01','2024-09-27 19:19:01'),('199307796b4d077b2ddbd68c5ffabda9e17604bf6b66a4e827ccba5d2b8089d8f72bed05f52dd576',1001,1,NULL,'[]',0,'2023-10-31 22:56:42','2023-10-31 22:56:42','2024-10-31 19:56:42'),('1a0efda86d3d1183783477eaa63bff5349d621a53f48dfbd10cbbbc910e06e562c9d913ccf24fea0',1001,1,NULL,'[]',0,'2023-09-20 23:17:26','2023-09-20 23:17:26','2024-09-20 20:17:26'),('1a820a8490bbac143ade0a71247a3a39c5978ada8036c4934f306721be1f775f1754ae71466b3b37',1041,1,NULL,'[]',0,'2023-09-27 22:36:22','2023-09-27 22:36:22','2024-09-27 19:36:22'),('1a8f689ae8b90fe92a4bc76d214c21b69e473336e6ec0cdfa2a3885dbe2042f35095ed677926e015',1001,1,NULL,'[]',0,'2023-09-22 23:10:08','2023-09-22 23:10:08','2024-09-22 20:10:08'),('1af67e54b09a9fbb7526098dcc4fe61cc66f303bfc24ba41ba5ce6e8d38554f7a217103b6eef39f9',1041,1,NULL,'[]',0,'2023-09-26 01:50:04','2023-09-26 01:50:04','2024-09-25 22:50:04'),('1b67ff25fc89fa62e1fd58ed16309a69eb0980fdc752d69b1a5c5d07ea0299b2bc9de4c4c6a8b08b',1001,1,NULL,'[]',0,'2023-09-22 00:04:29','2023-09-22 00:04:29','2024-09-21 21:04:29'),('1b9be776b2af782daacd43200662ce064eafe88490cc51c3662a48e364554d00daeec1f01b7ced45',1001,1,NULL,'[]',0,'2023-09-22 00:22:56','2023-09-22 00:22:56','2024-09-21 21:22:56'),('1ce76458fe1143f118a3a1eb961fa01182d7cff242d613942d11c362424507e4024f00d8e6baba32',1001,1,NULL,'[]',0,'2023-09-22 00:04:31','2023-09-22 00:04:31','2024-09-21 21:04:31'),('1e14609a119ec84c573bd7f635ec9e0372da1eff197c84736a60b319cf1e5f78dcd77c36451bf95e',1041,1,NULL,'[]',0,'2023-10-19 21:04:04','2023-10-19 21:04:04','2024-10-19 18:04:04'),('1e1fb348412ecbbea157f9b549377ea8f9dc85e5d05d7eea1f09316572276d9652908d1db5d9812c',1001,1,NULL,'[]',0,'2023-09-22 23:30:15','2023-09-22 23:30:15','2024-09-22 20:30:15'),('1ea91cbbaec3dd4fef1ee6f9f2e2074b60e54cfe5fa524b18360d9281d96cb5236b84f7a3eeeee66',1001,1,NULL,'[]',0,'2023-09-22 00:22:07','2023-09-22 00:22:07','2024-09-21 21:22:07'),('1eaf64303a9f5459812c30950a4e66a90381a7e89e0923124b47adeef747f8e218127c1532636c90',1041,1,NULL,'[]',0,'2023-10-02 22:05:07','2023-10-02 22:05:07','2024-10-02 19:05:07'),('1eb62a78a7e43e87beaf4b91a646c7c8cac20e22e14e23c9309694545f7d445380ca54b7656c6202',1001,1,NULL,'[]',0,'2023-09-21 23:56:36','2023-09-21 23:56:36','2024-09-21 20:56:36'),('1ec7207abc93173a160f1a5a2d4df2343505a2cb933c1fe3db64a5c318230497f810b8db76e41aa5',1001,1,NULL,'[]',1,'2023-09-28 21:06:12','2023-09-28 21:06:12','2024-09-28 18:06:12'),('1ef2a10ecac3f5ff3a262b09732f83e25a970f7ce8b4489a3060fed539e1f60965e3912f9747c61d',1038,1,NULL,'[]',0,'2023-09-25 23:06:12','2023-09-25 23:06:12','2024-09-25 20:06:12'),('1f5d5bdedf3326d18c556e5402e45f80d87108e19faf73295c62c79d1f3ed204985d6a74391c14aa',1041,1,NULL,'[]',0,'2023-09-26 01:50:11','2023-09-26 01:50:11','2024-09-25 22:50:11'),('1f90670955e870139db6fbf818ef26ca5123129e370d8b15c5ab1974116b5db26551bd28762de63b',1041,1,NULL,'[]',0,'2023-09-26 01:50:01','2023-09-26 01:50:01','2024-09-25 22:50:01'),('1facd29e6bbc6bef8a85421199e23425632a3c942b6899f079d12e422bae8158122b8fca531ae62d',1001,1,NULL,'[]',0,'2023-09-25 23:08:46','2023-09-25 23:08:46','2024-09-25 20:08:46'),('1fcc50df7cdadd4fef9198bc20bcc0dad3c7a47e7d612ea35b5d7606d5ac75fcb434f3e9cbf32141',1001,1,NULL,'[]',0,'2023-09-22 00:21:25','2023-09-22 00:21:25','2024-09-21 21:21:25'),('200a2acbf7e91ce05e2c709662bfe6b6a76dfe06e358153220c17c056315c635eb0ccefb8cc4bb19',1041,1,NULL,'[]',1,'2023-09-28 00:16:37','2023-09-28 00:16:37','2024-09-27 21:16:37'),('2080e2858f8ee008017d12bad67880dbad09efaad52f2ee3741fe12ea731b91ab4a93915ccfbd86b',1001,1,NULL,'[]',0,'2023-09-22 00:19:26','2023-09-22 00:19:26','2024-09-21 21:19:26'),('20f342d2377dca4292e791325363852a2f4b6d57a0d9ae468637952a694f455cf86e9116e7977511',1001,1,NULL,'[]',0,'2023-09-22 21:39:51','2023-09-22 21:39:51','2024-09-22 18:39:51'),('21467ce98a7a2ceda7fb2a78c2a9860a090f677e9632a5212b0bbe471295fdda6ec26cc51b7543f9',1001,1,NULL,'[]',0,'2023-09-22 23:32:13','2023-09-22 23:32:13','2024-09-22 20:32:13'),('21825eb086d4ad42667a94fdff789e7b1e43c9dfc5558e196296f47e7e869f6fe938e7ac8913bfdb',1001,1,NULL,'[]',0,'2023-09-22 21:46:08','2023-09-22 21:46:08','2024-09-22 18:46:08'),('21b9c33ee04cd7bb695c9023547e22b27ff981bda4b8727c7d3602a9d63eade02c3e4a8c0d44c4c9',1001,1,NULL,'[]',0,'2023-10-02 21:07:08','2023-10-02 21:07:08','2024-10-02 18:07:08'),('2251ec5a8dfa7f6742d2e66a2b0f1b8c1ff0c16aeb2a852cd5cd272807889eaf4c61ec16da3d39cf',1001,1,NULL,'[]',0,'2023-09-22 23:10:10','2023-09-22 23:10:10','2024-09-22 20:10:10'),('225656ad1fa4f87a774e25bd048af58e1c25efdf571c572ecdac02e07f1ba9da7032cabf948319de',1041,1,NULL,'[]',0,'2023-10-02 22:53:36','2023-10-02 22:53:36','2024-10-02 19:53:36'),('22a5ebb2fb7eee0d83f50faa4d0fc00d53e7bacc43a1e1e2aef4d3ce4617b68a873c6f62716ed65a',1001,1,NULL,'[]',0,'2023-09-22 00:13:47','2023-09-22 00:13:47','2024-09-21 21:13:47'),('22df1bad850dce249544b2a3a199c850298570115b6740b5390b5a171924ac20e992fa6e2520d299',1001,1,NULL,'[]',0,'2023-09-21 07:51:51','2023-09-21 07:51:51','2024-09-21 04:51:51'),('236d1300b10c462e0afebefaf657f646d0e6066605ff9dc8aafc5d8acfef6cd6a2a4c289f0a0271d',1001,1,NULL,'[]',0,'2023-09-22 21:36:02','2023-09-22 21:36:02','2024-09-22 18:36:02'),('23a547753c47fb896374aa11d31955e43f8ba08a10c58aaeae1cb9a06265bbd4fb9fd98bd5431691',1041,1,NULL,'[]',0,'2023-09-26 01:50:03','2023-09-26 01:50:03','2024-09-25 22:50:03'),('24767d931270a942d5d1a13436df56a6e81ce7d39b12a0ead18ef773d686e8dbef405d31e4cdf4f6',1000,1,NULL,'[]',1,'2023-11-05 01:07:26','2023-11-05 01:07:26','2024-11-04 22:07:26'),('250cc45b3daf7019895e95ee9daef0300dbeb2dee7220072140ce28845521d5ea1ba47ae2871e3be',1041,1,NULL,'[]',0,'2023-10-17 00:16:00','2023-10-17 00:16:00','2024-10-16 21:16:00'),('2539eac18d0699839b09ca1b2328b681eb7844235a3236f531e0f7d36c5aa92a3e1c1cef1e8ba61f',1000,1,NULL,'[]',1,'2023-11-05 21:37:05','2023-11-05 21:37:05','2024-11-05 18:37:05'),('2558d2287dd85cb13bbad82c797d6004ac05bf7cdd5b3e3f9ac6fae4713f7c0890c87baa4f3610d2',1001,1,NULL,'[]',0,'2023-09-21 08:15:44','2023-09-21 08:15:44','2024-09-21 05:15:44'),('25f24b1b6a09ee940c786b869550126dc3f82f232815f02611f604c33128ea86c25f4bf913d62eb2',1001,1,NULL,'[]',0,'2023-09-28 01:13:07','2023-09-28 01:13:07','2024-09-27 22:13:07'),('25f73b32769a750cca014788ab9af17f839380800800bdfc16474e13c9af0b8c96184f3158a0432f',1001,1,NULL,'[]',0,'2023-09-22 00:23:27','2023-09-22 00:23:27','2024-09-21 21:23:27'),('26008994cdc4d5a1fcb92c2bd14c851cbaf47b216b26247e0038675421f783bdd5813b551afb5def',1,1,NULL,'[]',0,'2023-08-22 22:47:12','2023-08-22 22:47:12','2024-08-22 19:47:12'),('264e9c0c910af1a9e956a4ad38c226c44b0f428e02eb6ccc63058a7e6c6679cec7869ae5bdd2629c',1001,1,NULL,'[]',0,'2023-09-22 23:06:18','2023-09-22 23:06:18','2024-09-22 20:06:18'),('26578250d3a537a7d5d64a42b1e6dd3ee84417a45ca3e16387aefb36202864abcdd9b6c74d212c84',1041,1,NULL,'[]',0,'2023-10-02 22:53:29','2023-10-02 22:53:29','2024-10-02 19:53:29'),('27296e591cb0943d61d0635a81f230babab12b35742214576b6b55ece98bdcc20c25c4daacc9b11d',1001,1,NULL,'[]',1,'2023-10-23 00:25:27','2023-10-23 00:25:27','2024-10-22 21:25:27'),('27b312986f302ad83c098dd31a95b0adb45c9308f924f40ddb22f52ceae0875e321c2dc9d6ae16ac',1001,1,NULL,'[]',0,'2023-09-22 23:10:13','2023-09-22 23:10:13','2024-09-22 20:10:13'),('27cff53ccf6a5fffbc748865a85fd3e74e9d69ada8a9d2bdd57c6cf8419a02e99c452a22f08676c9',1,1,NULL,'[]',0,'2023-08-22 22:47:29','2023-08-22 22:47:29','2024-08-22 19:47:29'),('28dab19ac118f4353ffa2748afb70344ec399648253f8f1b18fd7cef80e27bdfd0383a10be9b07e9',1001,1,NULL,'[]',0,'2023-09-22 21:39:46','2023-09-22 21:39:46','2024-09-22 18:39:46'),('29af30961a8caba9abd68015c76eacfab3901cbc8f75e51ad31b022037e64671ac20f181b7c4bd88',1001,1,NULL,'[]',0,'2023-09-22 23:30:19','2023-09-22 23:30:19','2024-09-22 20:30:19'),('2a663b848c758464ef9e7b229b92f93f1248f4463fd1e878ab0fbd92577db3854d6ba4b4489103de',1001,1,NULL,'[]',0,'2023-09-22 23:06:19','2023-09-22 23:06:19','2024-09-22 20:06:19'),('2a9d746be54902bf8af5efe13be841fb28974df71546698358ec24185474369c794e50248a21b2ea',1001,1,NULL,'[]',0,'2023-09-22 21:34:39','2023-09-22 21:34:39','2024-09-22 18:34:39'),('2abbe0e3bf75159d53bdf53d71202269a73c3cf59d3617ec3521b471b6c64c8e7ac37fbde7538bf0',1041,1,NULL,'[]',1,'2023-09-28 00:48:37','2023-09-28 00:48:37','2024-09-27 21:48:37'),('2b501771a7ceae2a74f7de54383c3f980651bdaeb98c5f6a2ec052583ad6bb269dbf10fbbb32f042',1001,1,NULL,'[]',1,'2023-10-31 01:43:24','2023-10-31 01:43:24','2024-10-30 22:43:24'),('2b88da28d44b3884bbe8778cff1502d3f8c667a432a70937e72b0feb8285fddf868d35ed363519a0',1001,1,NULL,'[]',0,'2023-10-02 21:52:14','2023-10-02 21:52:14','2024-10-02 18:52:14'),('2b8d65417919a6a2a52704ee1fb76c2cdc7714ec462c8bf4678f3b1749563849e57825ac46c5e571',1041,1,NULL,'[]',0,'2023-09-28 01:10:27','2023-09-28 01:10:27','2024-09-27 22:10:27'),('2c3301c0286ef63f374b57edf7139e7816d380888ad09e091f7e08c820242b066e4041ca92b4f385',1001,1,NULL,'[]',0,'2023-09-22 00:22:09','2023-09-22 00:22:09','2024-09-21 21:22:09'),('2c3fd292fd48fb0a3c959e4b3deafa10a069217f58a5f2d422136faecfb1c0668d3a9384bcdbc358',1041,1,NULL,'[]',1,'2023-11-02 21:34:42','2023-11-02 21:34:42','2024-11-02 18:34:42'),('2dd07cc615d8fd9478b2ea95dc2e6e4ce8af263b8cda8416525ccec52347a53a3e32a8755e61820b',1041,1,NULL,'[]',0,'2023-10-02 22:45:40','2023-10-02 22:45:40','2024-10-02 19:45:40'),('2e5e83bbe475dc65af3a9ebb011b3361fae2383fe34fdc8192805c11c56eefdc44b7c908854dd94d',1001,1,NULL,'[]',0,'2023-09-21 23:57:33','2023-09-21 23:57:33','2024-09-21 20:57:33'),('2e6671ce7bf60bfe01cbe632bdbf27c240acf35153dfb8b9fa3cfd8858d02109ac6c8b56b80d0e53',1001,1,NULL,'[]',0,'2023-09-22 21:39:49','2023-09-22 21:39:49','2024-09-22 18:39:49'),('2e91c6b8a0d54af8d9c0055e8298f9df050ea74d5bde58a48aace8b1dc919db49a683edca9ce01b5',1001,1,NULL,'[]',0,'2023-09-22 23:06:17','2023-09-22 23:06:17','2024-09-22 20:06:17'),('2ed84abb930506ed814cf83d7ea7a19e452205608e474c4e65d5cbbaf2e2ca5cfad36641d8a60fa0',1041,1,NULL,'[]',1,'2023-10-09 00:29:36','2023-10-09 00:29:36','2024-10-08 21:29:36'),('2fa2a651cf2b3c7ca6774312e047c235fbea330fe2c9f5b71c88033b1b7ad2ec8c5ffdceedb8563a',1001,1,NULL,'[]',0,'2023-10-02 21:07:08','2023-10-02 21:07:08','2024-10-02 18:07:08'),('2fe0573e8ea37886f1f5fc97e1794d3b60c141cc6296f34a361a372d6981dc349dd623f259e17a20',1001,1,NULL,'[]',0,'2023-09-22 00:22:05','2023-09-22 00:22:05','2024-09-21 21:22:05'),('309fff56a370a364c7a41c4886f14c6339204119b365b78b1a847842550ff75fc75a19ba42357aff',1001,1,NULL,'[]',0,'2023-09-22 00:18:46','2023-09-22 00:18:46','2024-09-21 21:18:46'),('30d81ef5175a81a808772978f302e024c4ef71f81004a781a070ef231173aa77358397292ad279c8',1001,1,NULL,'[]',0,'2023-09-22 00:04:30','2023-09-22 00:04:30','2024-09-21 21:04:30'),('30e1344cbaf67d6f4ecc63703f979fc253cf937cc375b8d0e5a5897045182aa55863c8754e63abd9',1041,1,NULL,'[]',0,'2023-10-02 22:45:50','2023-10-02 22:45:50','2024-10-02 19:45:50'),('30fc7b9a94a8bcba0b4fc63dfd8904a3b5481c681a60140d4801ba368464993f090bcebbea087ebf',1001,1,NULL,'[]',0,'2023-09-22 00:23:44','2023-09-22 00:23:44','2024-09-21 21:23:44'),('322fd0ce77b20588da43cc9d4f8fd97cffccd12c16d944e5cf35f0460b5c5c44fff162afdda484c9',1041,1,NULL,'[]',0,'2023-09-26 01:50:02','2023-09-26 01:50:02','2024-09-25 22:50:02'),('3248be533948151c238211409cc93d1eed8e773d4a23cf73e29693bbf342c1903d48a5630789bd3b',1001,1,NULL,'[]',0,'2023-09-22 23:10:15','2023-09-22 23:10:15','2024-09-22 20:10:15'),('3283a4dcdb2f2664b56608c89c70880f83973750306b2e8170e964fee678bc67244c44adfeb129e3',1001,1,NULL,'[]',1,'2023-10-31 04:04:30','2023-10-31 04:04:30','2024-10-31 01:04:30'),('32974cfb401f6ca090165f1c6937823fd609d58dd362854fff603950ba167e6b953fe98002e45634',1001,1,NULL,'[]',0,'2023-09-22 00:17:21','2023-09-22 00:17:21','2024-09-21 21:17:21'),('32b40f5d8ca5514dd55da66fe48a0df66c2db23b14a105c5c92dd3d6b3df06d5cf7bc4c8baf9e47f',1001,1,NULL,'[]',0,'2023-09-22 00:23:43','2023-09-22 00:23:43','2024-09-21 21:23:43'),('330b4b640c40a0101082f1f874dd0ec13eab2b853ff180fda8784d879dd81c8a7ce5009bebf3b55f',1041,1,NULL,'[]',0,'2023-09-27 23:09:58','2023-09-27 23:09:58','2024-09-27 20:09:58'),('33201ef3722052000b4bbd9a2ebbd817f281bcfc3a8cc7ca75f37ff77a46420bd55aacf3a67b69f5',1041,1,NULL,'[]',0,'2023-10-17 00:12:29','2023-10-17 00:12:29','2024-10-16 21:12:29'),('3321aae37f1b62979a2298d45e9b0e77bc21784535a91f239d9da72af6c59c5e18e926adeb5312f6',1001,1,NULL,'[]',0,'2023-09-22 00:22:03','2023-09-22 00:22:03','2024-09-21 21:22:03'),('3378b5764104b41a5ff6881e8e9d8444882483383a40afebe816291686fc79987579a67d6c555c92',1001,1,NULL,'[]',1,'2023-10-23 02:33:42','2023-10-23 02:33:42','2024-10-22 23:33:42'),('33e78c0d241f575179e4e374bcfd1bf6f64b66d15de5528849b106a72792eb48610f03ee279113c0',1001,1,NULL,'[]',0,'2023-09-22 00:23:26','2023-09-22 00:23:26','2024-09-21 21:23:26'),('345a04f00e01da9030cd3dc28fe047dad9a48831ab4947baada500455dff2e8ee9b07cb6e7c9b30b',1001,1,NULL,'[]',0,'2023-09-22 21:46:04','2023-09-22 21:46:04','2024-09-22 18:46:04'),('3487156b3bea46a3ec77c5317028c73c4626cc03b61a10b53e36c47d677fd933c3a0d49b34cf9406',1041,1,NULL,'[]',0,'2023-10-02 22:53:33','2023-10-02 22:53:33','2024-10-02 19:53:33'),('348c373efe505a9ac3e09b064dc6c110bf1e0db1814ff3dd27620428a9aa7d3143b13391e8de4e67',1041,1,NULL,'[]',0,'2023-10-02 22:45:43','2023-10-02 22:45:43','2024-10-02 19:45:43'),('34cc973908d44deb3e0d5224b207f6321dc8737a23eb01e39685838662c2926a45b0d942fe1a1345',1041,1,NULL,'[]',0,'2023-10-02 22:53:31','2023-10-02 22:53:31','2024-10-02 19:53:31'),('356434b8047f90940afd9bee0b984256fc6b54c2c3ddb06ae5175586abb7731962c4c8b2d778a64c',1001,1,NULL,'[]',1,'2023-10-31 04:03:51','2023-10-31 04:03:51','2024-10-31 01:03:51'),('3566d7caa9f7dbe0d2552b6b9d71ebece58ff82af5a3ad4b984d205b98c331bfc2def2adcee6df2d',1001,1,NULL,'[]',0,'2023-09-21 08:15:12','2023-09-21 08:15:12','2024-09-21 05:15:12'),('35670d08b529ee2e68b17924dc774bf2a4194a53a5ed50e47c09d5b6323c492e4c0ee771eb9959e4',1001,1,NULL,'[]',0,'2023-09-21 20:46:08','2023-09-21 20:46:08','2024-09-21 17:46:08'),('357e14c08134491e1ed50f431d5624a78fd713851e4827dd689646c270467756e47009d67ddcbb9d',1041,1,NULL,'[]',0,'2023-09-26 01:48:28','2023-09-26 01:48:28','2024-09-25 22:48:28'),('35b31e7f037426bb4a4ec55628a9332000d961881c4f8c218d96d5f906a1c9126cf5fdf1d1115ac1',1001,1,NULL,'[]',0,'2023-09-22 00:22:53','2023-09-22 00:22:53','2024-09-21 21:22:53'),('3697a139a6a2971c4701977780858ce1be84b46ffe4cd57974fc8597ddd5bef1581da6260123e3b8',1041,1,NULL,'[]',0,'2023-09-26 01:48:40','2023-09-26 01:48:40','2024-09-25 22:48:40'),('36cd499765e0e13ac13f968eb4344d1cd4e8464ae8fe76304d9b58bd776f5ee11df0cf5bc0306df5',1041,1,NULL,'[]',0,'2023-10-17 00:12:28','2023-10-17 00:12:28','2024-10-16 21:12:28'),('36ef40f9e0b89760b03c4c5c88e71da29d55f6faed72893a514bb25ea6e0fbf6cf3c6ce7aa044be4',1041,1,NULL,'[]',0,'2023-09-26 01:48:26','2023-09-26 01:48:26','2024-09-25 22:48:26'),('36fc4acf9e5ff7564181b7a427955e88f15a254f9cfebe1223a436d40bd2d797d985a973063b90a1',1041,1,NULL,'[]',1,'2023-10-11 22:05:22','2023-10-11 22:05:22','2024-10-11 19:05:22'),('37477d2e65a9118996a3a226cc2ac149aaf4349b2305326d65a822159365f16fee6137df39c6f7ab',1001,1,NULL,'[]',0,'2023-09-21 08:04:03','2023-09-21 08:04:03','2024-09-21 05:04:03'),('375767ec0de19ad98e2aaa6a289bdd168bfa32b447e13d175d895fc3f6dda773c4d63f0f9851f3f1',1041,1,NULL,'[]',0,'2023-10-02 22:45:39','2023-10-02 22:45:39','2024-10-02 19:45:39'),('389ff0a59d0ba57e26cccba2dc6f3678e67e8effe84a63d6d8f1764898110d7c5b492749b1252fee',1041,1,NULL,'[]',0,'2023-10-17 00:12:29','2023-10-17 00:12:29','2024-10-16 21:12:29'),('38c4e57ba0da14f891de778725ec8ee79fb0c7ba72c715938bd293e7d446de621c1495968840f385',1001,1,NULL,'[]',0,'2023-09-21 08:15:12','2023-09-21 08:15:12','2024-09-21 05:15:12'),('39225020f70db11a5789d7d696ab5e524d40fe3c15e5e2ce2d5d3fb06fa741b82bd783499effd37e',1041,1,NULL,'[]',0,'2023-10-02 22:53:39','2023-10-02 22:53:39','2024-10-02 19:53:39'),('392e09a2324477cd74dddd73ec4f6cbbb5a96e0cd1191154a27ecaa88c9ede050d20626bac87d94f',1041,1,NULL,'[]',0,'2023-10-17 00:16:03','2023-10-17 00:16:03','2024-10-16 21:16:03'),('394161792043e1f21cbc49796e138622d78acb8378e0b700a81b09334f4e329c095635fb4326b172',1001,1,NULL,'[]',0,'2023-09-22 23:30:17','2023-09-22 23:30:17','2024-09-22 20:30:17'),('39480ff22a6f5d19dffb75db63d0e3043ca3f656e8edec6b6808f6f42b1ddf451148d3e8a3906e9d',1001,1,NULL,'[]',0,'2023-09-22 00:23:23','2023-09-22 00:23:23','2024-09-21 21:23:23'),('39dc22cd8f9ca1c3789aac7403874fb02b365a037be594bb3841d40545b7ba7e5052b1072e1a2568',1001,1,NULL,'[]',0,'2023-09-21 08:04:05','2023-09-21 08:04:05','2024-09-21 05:04:05'),('3a1b27577d77f1b6e1decb78ca09983bb4c48095b01e8abac1621c038ee4b2e4a8dc52c69710720f',1041,1,NULL,'[]',1,'2023-10-16 22:26:13','2023-10-16 22:26:13','2024-10-16 19:26:13'),('3a3b19f1baacf64a317b79b156991debe88c92114bd5bd5f000f578954b34abda2653b4a5f42a172',1041,1,NULL,'[]',0,'2023-10-02 22:05:09','2023-10-02 22:05:09','2024-10-02 19:05:09'),('3a6269e7b5a98a37afc80f99494b0b69aa283747795db420cee76177f0350b23a305084c830db6a6',1001,1,NULL,'[]',0,'2023-10-02 21:52:15','2023-10-02 21:52:15','2024-10-02 18:52:15'),('3a9e2074089efe8a38114412c8a0fe005fded64cfe049524a7dc3a3ed3b518cb427c6d9a4a9f3093',1001,1,NULL,'[]',0,'2023-09-22 23:30:12','2023-09-22 23:30:12','2024-09-22 20:30:12'),('3ab6a15540d3a27d3c58d87677e8947297a791c62522791dfd39cf95d1c9e5c75514e7505ff2cb97',1001,1,NULL,'[]',0,'2023-09-22 23:32:11','2023-09-22 23:32:11','2024-09-22 20:32:11'),('3ad8649f43572b9f93b23371dbee85ef3aa3cf740149e094ee51a306ffe5750c3e53834039948dba',1001,1,NULL,'[]',0,'2023-09-22 00:23:29','2023-09-22 00:23:29','2024-09-21 21:23:29'),('3b07b6341307b0b1df73cc0cf222e0928f32ff8f43332edaf384a1ea462b157f3e9bc91124773bd0',1001,1,NULL,'[]',0,'2023-09-22 23:32:01','2023-09-22 23:32:01','2024-09-22 20:32:01'),('3b28922620131e9e1f668133a1a67540d59f823d27de17f026e84cd338cbdb5d6514a6c016e3b36b',1001,1,NULL,'[]',0,'2023-09-21 20:44:59','2023-09-21 20:44:59','2024-09-21 17:44:59'),('3b485525645cb91966eba093668fde9467bb12a1126817a51578e183998ecf57197fd1e4c95a6d2e',1001,1,NULL,'[]',0,'2023-09-22 00:23:48','2023-09-22 00:23:48','2024-09-21 21:23:48'),('3b9f6900d2689b890c38e5d32cb58703e94186731d933b0b29bee2bc92ca429075cea9b2d35d32b4',1001,1,NULL,'[]',0,'2023-09-21 08:15:13','2023-09-21 08:15:13','2024-09-21 05:15:13'),('3ba49d32a1c0addebee15982258c6a69374f796c1554a7b70f7cdb611d2ce08034a75eadc717d375',1041,1,NULL,'[]',0,'2023-10-17 00:12:28','2023-10-17 00:12:28','2024-10-16 21:12:28'),('3bdf0907e58923cd6aef837c8e659ef802ddf408f5c1b665485fd5ded7d6cfc0b738c0323a7d645a',1001,1,NULL,'[]',0,'2023-09-22 23:32:11','2023-09-22 23:32:11','2024-09-22 20:32:11'),('3c178a59a7a63df624e736fb1bd9563ea2ee681d15a7d6a0fc07127a52825837831721f5da62c63d',1001,1,NULL,'[]',0,'2023-09-21 23:56:39','2023-09-21 23:56:39','2024-09-21 20:56:39'),('3c9268a9bdea8e906feff4b9d6a08953c93d0110285a86a8350deb5c39a2f2123d7773b265cb97c7',1041,1,NULL,'[]',1,'2023-10-16 22:31:59','2023-10-16 22:31:59','2024-10-16 19:31:59'),('3c98ea34b9b6d3c67b6fbca3e5bffb8ba4327bc56735c341d01d0c18722e0850ac09e0f7d84b9de5',1001,1,NULL,'[]',0,'2023-09-22 23:32:06','2023-09-22 23:32:06','2024-09-22 20:32:06'),('3cdf5a740699d05cd52061de1fcbd452229637f812cf950fc75d3ed468fb6550e85c148bf026a8d3',1041,1,NULL,'[]',0,'2023-10-02 22:05:11','2023-10-02 22:05:11','2024-10-02 19:05:11'),('3d6a3e79b4ec6db257b3bbdcf6bfe2bcbbe41dde7af77565cd5de1257a5253225accc89b45eaf4af',1041,1,NULL,'[]',0,'2023-10-23 02:16:32','2023-10-23 02:16:32','2024-10-22 23:16:32'),('3ddb3c2de154fb56b58bb357399f9a345c8f17318d8a4d57baa57e0972f291459a44432c4efaf8ad',1001,1,NULL,'[]',0,'2023-09-19 23:21:10','2023-09-19 23:21:10','2024-09-19 20:21:10'),('3eca87f2f8606b34d36ab6e5bf65ad792c97972629cc4cd6fc6ebf2dced6000ec37836ef8f153486',1041,1,NULL,'[]',0,'2023-10-17 00:16:03','2023-10-17 00:16:03','2024-10-16 21:16:03'),('3ed2391d43146f27e976a7be7cd8dcda9a849f8274a83edb673ca01e13e958c94b5a54915860812d',1001,1,NULL,'[]',0,'2023-09-21 23:58:29','2023-09-21 23:58:29','2024-09-21 20:58:29'),('3f3f4d9bd55da8b2723c478bf7da085e8067930c2e48c6eb411bb2df78398933eec746d10829fd07',1001,1,NULL,'[]',0,'2023-09-22 00:26:02','2023-09-22 00:26:02','2024-09-21 21:26:02'),('3f448069d8ec3618121d62b4ab5c9cd0e235d4576c19014ae6cddce610f5cc89a9669beb597cee0e',1001,1,NULL,'[]',0,'2023-09-22 00:25:56','2023-09-22 00:25:56','2024-09-21 21:25:56'),('3f487812ac5ca556797349d5a12ed4dca7b6a4877fa976620d9e5c144afb09333ef89a4e8cc193b7',1001,1,NULL,'[]',0,'2023-09-21 07:20:40','2023-09-21 07:20:40','2024-09-21 04:20:40'),('3f87a6beb023ef112d093a1eb57d9bec5a81650017aecadc798ad15e5c1513f38b829d6cdb1880f8',1041,1,NULL,'[]',1,'2023-10-19 00:51:33','2023-10-19 00:51:33','2024-10-18 21:51:33'),('3fa2179c806161c4a2104481e196aa232a295e2ce0ee9873a139f0e5ee9c9c8f752c58d38a53cc55',1001,1,NULL,'[]',0,'2023-09-22 00:23:27','2023-09-22 00:23:27','2024-09-21 21:23:27'),('3faee480ab51eb5de530f4480395c49badffa7959162d83dbb760dc3d26d7a686c5dccf207de6e54',1001,1,NULL,'[]',0,'2023-09-21 20:45:01','2023-09-21 20:45:01','2024-09-21 17:45:01'),('3fe49b29112ea2c15afe63a0cdaff8a47f3ad6418312ab8095c74c08be96b3743f089ad0b770b25f',1001,1,NULL,'[]',0,'2023-09-20 22:07:00','2023-09-20 22:07:00','2024-09-20 19:07:00'),('3ff16ae74e97a4cee28c4c7033a59ef297f221cebfdcc119757742fc9a6f6f8153c2db1d797156fc',1001,1,NULL,'[]',0,'2023-09-22 21:46:04','2023-09-22 21:46:04','2024-09-22 18:46:04'),('409562dd63003723c6fabe661f36525d524b3f8452a34e6820799371c378cfffe97819dc6a711a5b',1001,1,NULL,'[]',0,'2023-09-22 21:39:48','2023-09-22 21:39:48','2024-09-22 18:39:48'),('410c9e406c5721a87fd5a142ece7415faba7e11cc4c389f3f24d862e50b7636a77d5215e37210488',1001,1,NULL,'[]',0,'2023-09-22 23:10:07','2023-09-22 23:10:07','2024-09-22 20:10:07'),('41907f598d1d4339e61e8be4238bfbe38ade3db2bf6ff2039cfdc60402033fd9a65d16382061591c',1001,1,NULL,'[]',0,'2023-09-21 08:15:44','2023-09-21 08:15:44','2024-09-21 05:15:44'),('4243977025c5dcf465acb6492a576cf812652ca1dd56919e50e12a129f092d5f67351ccbed3331a6',1001,1,NULL,'[]',0,'2023-09-22 00:22:02','2023-09-22 00:22:02','2024-09-21 21:22:02'),('424e1cdcc1ea5415f38774aaa5873c45c3b7fff7283e9b0f7a451d4553e6a037f62945902dc8ae61',1041,1,NULL,'[]',0,'2023-10-17 00:15:55','2023-10-17 00:15:55','2024-10-16 21:15:55'),('42d58a7de2a852950da833dbf6281e3a8b8fa76a7f918c0cc475f893ddccc534b23a0a9de429060e',1001,1,NULL,'[]',0,'2023-09-28 01:29:16','2023-09-28 01:29:16','2024-09-27 22:29:16'),('42e98a57704af61b9c359d25c6c5b4cf1b98faa067bb8d1d0b0ae4f303a755e19ec0e6fdbb4e1cd1',1041,1,NULL,'[]',0,'2023-09-27 22:54:24','2023-09-27 22:54:24','2024-09-27 19:54:24'),('4337bb42bf6f11acdcd33243b08e6dd91c49bf5c9655e250cb49a3e7c1ac988bf7f83ba7ae047ff0',1001,1,NULL,'[]',0,'2023-10-02 21:07:05','2023-10-02 21:07:05','2024-10-02 18:07:05'),('436b98cdb3c2699833c61a0171ab559b19e7995cf32fa7a760f73a0673d6eaee14c6187c36440dfd',1000,1,NULL,'[]',1,'2023-10-22 22:09:37','2023-10-22 22:09:37','2024-10-22 19:09:37'),('44747e56e6420deb0a28db17242c6a2cb9472cb2e3db72245c95e0095dcbc546d9f078b53fcb1c18',1001,1,NULL,'[]',0,'2023-09-22 00:23:47','2023-09-22 00:23:47','2024-09-21 21:23:47'),('44cd9b2ac5e020c18f24ccec0d43c922b1a530a1f14a986a1da2887c128125c8383a135871686130',1001,1,NULL,'[]',0,'2023-09-21 08:15:10','2023-09-21 08:15:10','2024-09-21 05:15:10'),('4516f93ff0de9dd4ec11131e413e261f6c0ff60445ceda815f8f471943dbcc0b44fa1846599526d8',1001,1,NULL,'[]',0,'2023-09-20 23:17:19','2023-09-20 23:17:19','2024-09-20 20:17:19'),('45413cbc8e110d6db5c11c919672bd33d31e2732b553203d1509896424013461c7251f20f2ec8035',1041,1,NULL,'[]',0,'2023-09-26 01:48:32','2023-09-26 01:48:32','2024-09-25 22:48:32'),('454a2f5f5f8eddbcc7594c2c42e637790147bbd9e1816812759949e4d3493e8df7ff39f83af8e299',1041,1,NULL,'[]',0,'2023-10-02 22:45:43','2023-10-02 22:45:43','2024-10-02 19:45:43'),('456e3e030f2bd480e3fa3d51419947b5fd16730806c8453928d685183690d096694ba05910cca965',1001,1,NULL,'[]',0,'2023-09-22 23:30:16','2023-09-22 23:30:16','2024-09-22 20:30:16'),('45b4bd02064afb6877bdf38c33e163f1c9e24ae8b94741d953934be08deecd72dc3c6aa03dae701c',1001,1,NULL,'[]',0,'2023-09-22 21:34:34','2023-09-22 21:34:34','2024-09-22 18:34:34'),('461bd7e4f7cd19414a51be5c6b750166d2096cf0ac088d1f1176e91150242c5fcd974074f7bf0315',1041,1,NULL,'[]',0,'2023-09-26 01:50:11','2023-09-26 01:50:11','2024-09-25 22:50:11'),('4631098a6543ae23847afc421f799775a534e31b36a3374010f557d51274a1a5dc67cd3871492bc9',1001,1,NULL,'[]',0,'2023-09-22 23:10:13','2023-09-22 23:10:13','2024-09-22 20:10:13'),('46484a1568ce23f8b11677cb185db86ee334060526052c6a374400ba7c01b8c4e48bdbf78d0f11ce',1001,1,NULL,'[]',0,'2023-09-22 00:20:26','2023-09-22 00:20:26','2024-09-21 21:20:26'),('46a289364dc875c75b204f03baa7d684d67f3b8e182f5a63a58b49931f0a359aeab9f96df74818cb',1001,1,NULL,'[]',0,'2023-10-02 21:52:17','2023-10-02 21:52:17','2024-10-02 18:52:17'),('46d90eccfa0315dfb7abf039cd24ec5b7ebbc996991164b0b1da9fbf24838a30cd90b03104a3d087',1001,1,NULL,'[]',0,'2023-09-19 23:01:58','2023-09-19 23:01:58','2024-09-19 20:01:58'),('473a0c8a3a0831c46e63471ee5d239c6c2d28e43dacdeef01c87aaaf9789f3cdbb8c6e9a82373978',1001,1,NULL,'[]',0,'2023-09-21 08:19:48','2023-09-21 08:19:48','2024-09-21 05:19:48'),('47766cec55745889ebf29f936d5c206b06032527474882219e1d80a7566262270d5e3c8f35c6ade6',1001,1,NULL,'[]',0,'2023-09-22 23:30:16','2023-09-22 23:30:16','2024-09-22 20:30:16'),('47c6725a613450d97e8e2286d7930b2840edb486b9ab9d6a3993e204f24c9873ea1bf377abe5e7cf',1001,1,NULL,'[]',0,'2023-09-22 00:23:29','2023-09-22 00:23:29','2024-09-21 21:23:29'),('47d5512b8051fe4a9414d89fcd50c35fc16207459ecc2e46550456cb643d86063c66187d73a7d78b',1001,1,NULL,'[]',0,'2023-09-21 20:46:09','2023-09-21 20:46:09','2024-09-21 17:46:09'),('481e2f1836b8702b2ccaad4518451dd1b6ab22199747f72474af768ce1cfdb4b9c3fcb8da6fcde2e',1001,1,NULL,'[]',0,'2023-09-22 00:25:59','2023-09-22 00:25:59','2024-09-21 21:25:59'),('48a4f38d78dcbfbba072185829ff5594793975c76b490ac351fd88c311447a61ea9a712c76049f6c',1001,1,NULL,'[]',0,'2023-09-22 23:06:32','2023-09-22 23:06:32','2024-09-22 20:06:32'),('4a0666c3389737c47afff955b44e36322f481b7cacf1fc53f6f9073b5d41f0811cdf372a408ab377',1041,1,NULL,'[]',0,'2023-09-26 01:50:09','2023-09-26 01:50:09','2024-09-25 22:50:09'),('4a749ba7b33ddb1e763b030e6da325da5c1abd31950e0edf5eb9e2af2967633f698d933ca5023599',1041,1,NULL,'[]',0,'2023-10-17 00:12:25','2023-10-17 00:12:25','2024-10-16 21:12:25'),('4a75a8db1c9e6312e5829f9fc9cce727760b32ccc2d3f1e38faad68a38eb12bc96f7c717c1101a33',1001,1,NULL,'[]',0,'2023-09-22 23:06:18','2023-09-22 23:06:18','2024-09-22 20:06:18'),('4b7008c7d30beaf3e8bdd399028262ab33588861fa22e7330c12b2a7ca09007121fbdbf5ce06f3b7',1001,1,NULL,'[]',0,'2023-09-22 23:30:12','2023-09-22 23:30:12','2024-09-22 20:30:12'),('4bfd95158c9cd7ef0d13373d9a2ea66e83a996e76c5353878e9c4741c3679f8d07ee09e0db573350',1000,1,NULL,'[]',1,'2023-10-22 22:08:12','2023-10-22 22:08:12','2024-10-22 19:08:12'),('4c271aff964b3c243f761ca5efa85d235d8df5b8b5ea0a1feb473a46207da134dc03dead7dc9f0fe',1001,1,NULL,'[]',0,'2023-09-22 23:30:17','2023-09-22 23:30:17','2024-09-22 20:30:17'),('4c307d207a54041fb098a56e91f1abd19325bc84e7905dd5314af2250decd2e73fbd80bd502adf00',1001,1,NULL,'[]',0,'2023-09-21 20:46:07','2023-09-21 20:46:07','2024-09-21 17:46:07'),('4c479b85cc0d0c8bf93eac4604ab154723b66bcb39d61b12ba3b16da88eb6fcb1b480e48ae6dd174',1001,1,NULL,'[]',0,'2023-09-22 21:34:29','2023-09-22 21:34:29','2024-09-22 18:34:29'),('4c73fd7b291cb3b9797b9770de42558bd70c0ba73c3c246c81ce1788eb2cbead878bf88876aa09f3',1001,1,NULL,'[]',0,'2023-09-22 00:22:58','2023-09-22 00:22:58','2024-09-21 21:22:58'),('4d14306bf6523bda0768caf1ddff0c0ea3d05480b9c5897d8fd1203a24ab3220cc28fd235e96028d',1001,1,NULL,'[]',0,'2023-09-22 23:30:21','2023-09-22 23:30:21','2024-09-22 20:30:21'),('4d6a90a9706244c2d5c18f18cce11a89cc046e9d067902788ccca013cf47c4b2564401e6909edd55',1001,1,NULL,'[]',0,'2023-09-21 08:15:45','2023-09-21 08:15:45','2024-09-21 05:15:45'),('4dabd83ee3eb0096b946f54cec215567399376746f24b09cb343609e6d34a6b297ff2c9c9221553e',1001,1,NULL,'[]',0,'2023-10-02 21:01:13','2023-10-02 21:01:13','2024-10-02 18:01:13'),('4dfbdbb24f696ab067b699ff6eb0ee78613f60b0092375942a0b62c32cd16efc7704ae86b7ee5e7a',1041,1,NULL,'[]',0,'2023-09-26 01:50:12','2023-09-26 01:50:12','2024-09-25 22:50:12'),('4f0c119d2e04c3cb947eff996ca99c4739cd3d80fda1a73223c9e21670012effa2c1edc6fb313140',1,1,NULL,'[]',0,'2023-08-22 22:47:09','2023-08-22 22:47:09','2024-08-22 19:47:09'),('4f2092e5fa15427821462a0c8014bf93ffef772c35defb29e84a8a585501aad010d09fcaf64de3e2',1001,1,NULL,'[]',0,'2023-09-22 00:21:24','2023-09-22 00:21:24','2024-09-21 21:21:24'),('4f84d3b6cb7c25bb8ff04138982b10ae04e6c223c34b2e1a4746747cceb0c586d23c36a9f8f4c313',1041,1,NULL,'[]',1,'2023-10-09 00:59:25','2023-10-09 00:59:25','2024-10-08 21:59:25'),('4fd168a9cacf3ab5be748541e4b078eeacdabe0688cf87934775130f3fa9156879e6fdf9760db9bb',1041,1,NULL,'[]',1,'2023-10-16 22:30:53','2023-10-16 22:30:53','2024-10-16 19:30:53'),('4fd21f983d1ab462ea6d8a81001ebf35dba07e0e2ab108054a84cdf423ab4d93d6ad8c8bfa55d518',1001,1,NULL,'[]',0,'2023-09-22 00:23:49','2023-09-22 00:23:49','2024-09-21 21:23:49'),('5295e63fc7a7d715bd13ae7ae07a5142dbe98316c3982611ce90f90b3df5ed0c03c7b6a5aa12701e',1000,1,NULL,'[]',1,'2023-11-05 22:43:06','2023-11-05 22:43:06','2024-11-05 19:43:06'),('53467649c6ac647726534ba32fbda987d01485ec1e088cdde7c732704cb4c5ad1e7cca1afbdd0b1f',1001,1,NULL,'[]',0,'2023-09-22 00:21:29','2023-09-22 00:21:29','2024-09-21 21:21:29'),('53e02f853de6fc09321d2cc1a7edbaf727c59defa176a0503fcf065f8e135f1f4925f8ada2456106',1001,1,NULL,'[]',0,'2023-09-22 21:46:10','2023-09-22 21:46:10','2024-09-22 18:46:10'),('540ba48b1a5fe9a59d187cd5cf4e3bef023c15c868036062bc95290efbdcd2b6c3cea186bf8883ae',1001,1,NULL,'[]',0,'2023-09-22 21:39:50','2023-09-22 21:39:50','2024-09-22 18:39:50'),('5414b8aa3681c6110c8a4c598c32fb39906974691476d726238c37cda60ea1d501d543ccc68a8f7e',1041,1,NULL,'[]',0,'2023-09-26 01:48:37','2023-09-26 01:48:37','2024-09-25 22:48:37'),('5416918e89c7c053dfb1c6d1a016406c58900ef22c4109980774ff04208aff272da9e9e383f7cf93',1001,1,NULL,'[]',0,'2023-09-22 23:30:18','2023-09-22 23:30:18','2024-09-22 20:30:18'),('5479c20444b73d0abdcd25fad0e09a260780b1d43de6222cb9eadf8d3bec47709405be800b814c87',1001,1,NULL,'[]',0,'2023-09-22 00:22:51','2023-09-22 00:22:51','2024-09-21 21:22:51'),('547cda104e92459f578a2b781fb03f5f7849b72af9369f9b385983b89cd7e1064a2e5c79f23fd256',1041,1,NULL,'[]',0,'2023-10-17 00:12:26','2023-10-17 00:12:26','2024-10-16 21:12:26'),('55805d76889f27b5c2fc761e6886158500de9795d92fc65dda2f2679f3f93ce1802cba770792e361',1001,1,NULL,'[]',0,'2023-09-22 21:39:45','2023-09-22 21:39:45','2024-09-22 18:39:45'),('55bc94a5568046e49e70261eb13e2b3b8d815883de6020e49b91cfdef2e5f4825f43c0003f7f2659',1001,1,NULL,'[]',0,'2023-09-22 00:17:23','2023-09-22 00:17:23','2024-09-21 21:17:23'),('5616490ef5ddf238d3e53b59f19c26134c060d1c0589fdce4d6dec26c2fedb9bce59abfdafa04340',1001,1,NULL,'[]',0,'2023-09-22 23:30:22','2023-09-22 23:30:22','2024-09-22 20:30:22'),('564b51e462dbbd7f20d6631ab6825e4d626eb2e7a6dafecfcb718727eb6d0d5b4246cf022acb1414',1041,1,NULL,'[]',0,'2023-09-28 01:11:18','2023-09-28 01:11:18','2024-09-27 22:11:18'),('565fc556f6fb1d0f2e4b1b614e072b1d7cec26bd406ef30cc74dbbf5dde91c1b4a07003eff79e971',1001,1,NULL,'[]',0,'2023-09-22 00:25:59','2023-09-22 00:25:59','2024-09-21 21:25:59'),('56a55bc030f6753b8ddbd6e7cba19d28965347563ea489b6dc89d0ca737050f15edbe0239bacbc10',1001,1,NULL,'[]',0,'2023-09-22 21:35:59','2023-09-22 21:35:59','2024-09-22 18:35:59'),('5751b667a9a608fb535b3298be2eb35b06fdf5a146e2fe2ac73586f9a319c67117ac4e5cfd6c68d6',1001,1,NULL,'[]',0,'2023-09-21 08:15:44','2023-09-21 08:15:44','2024-09-21 05:15:44'),('57bd2b6735fd26240b3dbcf56b1ff3480d13cad6f2186d3af2c05cd1082d08db9fc4b595633ffccc',1001,1,NULL,'[]',0,'2023-09-22 21:39:51','2023-09-22 21:39:51','2024-09-22 18:39:51'),('587bca4ca13cac0083e062b88b590c40695b61f5cb2d02f5b5b0a23f1558d7bcaeb53d3946f95989',1001,1,NULL,'[]',0,'2023-09-22 00:17:22','2023-09-22 00:17:22','2024-09-21 21:17:22'),('58b3f836dfacce85f464c76276f021c01bc3cfe56575b710ea009063053c48e3bc51f3973fe9041f',1041,1,NULL,'[]',0,'2023-10-02 22:45:45','2023-10-02 22:45:45','2024-10-02 19:45:45'),('5912105d021bdcbb8d9d24fca09e0cfe1e9cba7142ac49640972d3a4ee391ab59e04b1b546106e89',1001,1,NULL,'[]',0,'2023-09-21 08:04:06','2023-09-21 08:04:06','2024-09-21 05:04:06'),('59620a4c179e345d42b85dfe344f3e0b74b0c14a792a3d1f793e76ae351af68b0e2a198cc2e33f46',1041,1,NULL,'[]',1,'2023-10-12 00:00:44','2023-10-12 00:00:44','2024-10-11 21:00:44'),('5994187de69bc1c4b4f2eabc886515397aa4d19402e5f22392f9e1187a819190e25be49281b0d580',1001,1,NULL,'[]',0,'2023-09-21 07:51:51','2023-09-21 07:51:51','2024-09-21 04:51:51'),('59b01c9085c211091a03798a1a6464bb1591dda7322ce3af88e10997297d09719ad48a8c8d6c264c',1001,1,NULL,'[]',0,'2023-09-22 00:23:46','2023-09-22 00:23:46','2024-09-21 21:23:46'),('5a1337d1c5f37de5229ca97c383a6242435d4e7bfb99d209bd969feee1aaa91c6ea7b72938466ee3',1001,1,NULL,'[]',0,'2023-09-21 06:55:49','2023-09-21 06:55:49','2024-09-21 03:55:49'),('5a16fa9ff867457eb77c8bde589c35921f29094fc6b5efc5af51cd18fcf5478140180c0e83926abe',1001,1,NULL,'[]',0,'2023-09-22 00:22:54','2023-09-22 00:22:54','2024-09-21 21:22:54'),('5ad71cd64919a58dc2f250a6f25fcaaf4d2d16c382c810b6df803a2effe432521105284c92f15cb8',1001,1,NULL,'[]',0,'2023-09-22 21:39:53','2023-09-22 21:39:53','2024-09-22 18:39:53'),('5adcadfd970400658c9299b5ca151ad2352bae1fefa1a4d263bc413c029c5de37e13eabb50cd0657',1041,1,NULL,'[]',1,'2023-09-28 01:26:57','2023-09-28 01:26:57','2024-09-27 22:26:57'),('5b6f0f480d07bdd2d9e5109b36b0a574767c08d0200449557931a9002de91c61099818e7fa44a5d0',1041,1,NULL,'[]',0,'2023-10-17 00:12:30','2023-10-17 00:12:30','2024-10-16 21:12:30'),('5c0eaf2a2e4a5a36d44cdea798de6975f8613f63ff9cfb03e997be99448b8899d6e98e1a88d48240',1001,1,NULL,'[]',0,'2023-09-21 23:58:28','2023-09-21 23:58:28','2024-09-21 20:58:28'),('5c73c654b65573f51f35901df424156ef2337912e9953e97a38359d692102d23783ed16743a4b380',1001,1,NULL,'[]',0,'2023-09-21 20:44:58','2023-09-21 20:44:58','2024-09-21 17:44:58'),('5c93e97ee1f8ccf380631a60ccd5958bb7b71cb7e12535dd126579cd3fe545f71480a7b1be6ec0bb',1001,1,NULL,'[]',0,'2023-10-02 21:52:12','2023-10-02 21:52:12','2024-10-02 18:52:12'),('5c978123b318d58d3a1d1750d794508419a06a5f62791d3e891baf073791087c1607f8c4758d5495',1001,1,NULL,'[]',1,'2023-11-03 00:13:39','2023-11-03 00:13:39','2024-11-02 21:13:39'),('5cf90fb993f17dcf6d8a79017193620f7904b053ecf3da89a806d1cb23743c4d4ae6c38bd95f4878',1001,1,NULL,'[]',0,'2023-09-21 23:58:25','2023-09-21 23:58:25','2024-09-21 20:58:25'),('5e938aece29e9b08e768298940bc11cb690e7fa58b71ecaf4ff8acfe8bd8aaf8f06b1de9cf07e456',1001,1,NULL,'[]',0,'2023-10-02 21:01:14','2023-10-02 21:01:14','2024-10-02 18:01:14'),('5edeef7b4554adcb62f2cb76d9306aaf484c94476fd07b59e42d5a9565afcc67e6e1ef2e2b12fe8b',1001,1,NULL,'[]',0,'2023-09-22 23:06:20','2023-09-22 23:06:20','2024-09-22 20:06:20'),('5ee28ef309372a3703cf1c9952bb2d9fa827a742cefafd25a81262b785d8bff3332da8a890767038',1041,1,NULL,'[]',0,'2023-10-02 22:45:48','2023-10-02 22:45:48','2024-10-02 19:45:48'),('5f2a1729304b56f8f9f2cc57e539e13569f168fc04d8534a1bd11e5c0599727e3bb144fc4517cd91',1001,1,NULL,'[]',0,'2023-09-22 00:23:25','2023-09-22 00:23:25','2024-09-21 21:23:25'),('5f35a623255008bff1b8b6e54fb12b7151ee641ab204955a08ce5a0d36b40fd68cde750f5a2819bf',1001,1,NULL,'[]',0,'2023-09-21 07:11:03','2023-09-21 07:11:03','2024-09-21 04:11:03'),('5fc293e429c830090ea9ac03c98ce840ddf18de7f1631b25b0999bf10ffba28af0a4c6e873dc2e1e',1001,1,NULL,'[]',0,'2023-09-22 00:21:30','2023-09-22 00:21:30','2024-09-21 21:21:30'),('5fcc9f3905e429c6a6f311ac399e11b2ee2f559d292a2124bccf7cb95d9d5eb9829be59e0c331a46',1001,1,NULL,'[]',1,'2023-10-23 00:26:17','2023-10-23 00:26:17','2024-10-22 21:26:17'),('6008341ad4714f68aa78a4e1abca51930cb456f2d43e9d57d46f2142645f13d3d28a42b73c41dccb',1001,1,NULL,'[]',0,'2023-09-22 00:23:22','2023-09-22 00:23:22','2024-09-21 21:23:22'),('60ffc998b585ef701a3681fea33fb247b47b1a2b921993140f8632a9923cabcc32730cf7f04e5698',1001,1,NULL,'[]',0,'2023-10-02 21:01:17','2023-10-02 21:01:17','2024-10-02 18:01:17'),('619fedf891b608e98f5a202e8b6ad0ff84a334ee06a621ab9b076683f2e1ae7fc2ec3d61cf88162d',1001,1,NULL,'[]',0,'2023-09-22 23:06:34','2023-09-22 23:06:34','2024-09-22 20:06:34'),('61afb82925e70d83719b1bb8be405ba2d40deef66322119b15fe662a98e2c29f7ba9a3a76276a547',1041,1,NULL,'[]',0,'2023-10-19 21:01:43','2023-10-19 21:01:43','2024-10-19 18:01:43'),('62094de658b449a6863d1251226d1c9bd0032c0e52a3bc38cbba328a050062908bb7fbc8d8b2eaba',1001,1,NULL,'[]',0,'2023-09-22 00:22:59','2023-09-22 00:22:59','2024-09-21 21:22:59'),('630bab4d8cb8af2c16c51636119712a4c1f8b1cf072055a65bf6d8a3320da75243583602edeb63fe',1041,1,NULL,'[]',0,'2023-10-17 00:16:01','2023-10-17 00:16:01','2024-10-16 21:16:01'),('6363227ed2405ac1ee4b4da95b08e2ee4dc827827a77adcfdb14d99f7aa826884b9b7cfa76a8c6dd',1041,1,NULL,'[]',0,'2023-09-28 01:10:11','2023-09-28 01:10:11','2024-09-27 22:10:11'),('63ad38b6a0dd459a70c07e442595b0dda5a5e9573499f5a7e8754e12bf0d7597bb08e988c253f65a',1001,1,NULL,'[]',0,'2023-09-22 21:46:09','2023-09-22 21:46:09','2024-09-22 18:46:09'),('63bf19ed2c10928d3ec2c88fb5a2fa5729fe24d7857efc008deb4c64ee4e606b25c158ec518716de',1001,1,NULL,'[]',0,'2023-09-21 23:56:38','2023-09-21 23:56:38','2024-09-21 20:56:38'),('647a9dd54bfaa7572626560a7bd7672447db576fa448b04cbac7427f1b1c6f42d1f985c66a88b52f',1001,1,NULL,'[]',0,'2023-09-22 00:19:27','2023-09-22 00:19:27','2024-09-21 21:19:27'),('64a9fd1fb84c359bb5153d323245e1f460b374dcefcf00d14da556eed3d40d48f0fececaf7cb433d',1001,1,NULL,'[]',0,'2023-09-22 22:01:57','2023-09-22 22:01:57','2024-09-22 19:01:57'),('64e249b8c4e4642d0a0a4429462d1e4973bacf2c5645a08f244747bd466bf1d2248b33f87f1a9743',1001,1,NULL,'[]',0,'2023-09-22 00:25:58','2023-09-22 00:25:58','2024-09-21 21:25:58'),('65ae8a2240b1ccdbca760ecaa5a58de9e48ddd54bfb527b637ac2b39949204f107d06c6835631db3',1001,1,NULL,'[]',0,'2023-10-02 21:52:13','2023-10-02 21:52:13','2024-10-02 18:52:13'),('65b13a06e445ad9ea7b4abd5479f33c88cf20b86b872e73aff4297d366e0c2252839ce8b2626b8b7',1001,1,NULL,'[]',0,'2023-09-22 23:30:21','2023-09-22 23:30:21','2024-09-22 20:30:21'),('65efbfa64eadef5f66a5ce78ad9df0ffbc8c375714540d22f3615f42a74e133a72827a7838fe4b7e',1001,1,NULL,'[]',0,'2023-09-21 08:15:46','2023-09-21 08:15:46','2024-09-21 05:15:46'),('6677f788973a327d343df3c197af9d65460a31a0ee3f5641146d2e801cc86a8e9a89ff32dee0462b',1001,1,NULL,'[]',0,'2023-09-21 07:58:39','2023-09-21 07:58:39','2024-09-21 04:58:39'),('6686e2413987ffda776bc1421123e606c45a39328772078426b94a20c0d2529e3332045340432bd0',1001,1,NULL,'[]',0,'2023-09-22 00:23:49','2023-09-22 00:23:49','2024-09-21 21:23:49'),('66cc8941361d51c7ec12035b5eeb77e254535f0bb243e23b008dee69e07e065f62809afb02499af7',1041,1,NULL,'[]',0,'2023-10-31 01:38:47','2023-10-31 01:38:47','2024-10-30 22:38:47'),('6798ef584369af76e562298e2b230d8c5aa7ff59b09bf9d5bf4f95e08a12a5983f37fa0099d9e26f',1041,1,NULL,'[]',0,'2023-09-26 01:48:27','2023-09-26 01:48:27','2024-09-25 22:48:27'),('67e39ca4cce677a2ad01bf2d47714b24a454c7f69638c9a4ab36057ad18afcdce37daafdf3d421e9',1001,1,NULL,'[]',0,'2023-09-22 00:21:27','2023-09-22 00:21:27','2024-09-21 21:21:27'),('683bbc5334c3fd6a44eec316f2d520ee066374b98c8e0ce41caeb695049f1801817d1fee7fd2a04a',1001,1,NULL,'[]',0,'2023-09-22 00:04:31','2023-09-22 00:04:31','2024-09-21 21:04:31'),('6938c35de3c6b5313c940d844380651378c5281f1a560a5316ffcf9d4cfbcd0916b40d10c69821b2',1001,1,NULL,'[]',0,'2023-09-22 23:10:10','2023-09-22 23:10:10','2024-09-22 20:10:10'),('694445d729eba7ce981d5cef7dc6f0f62375e5c00115aa9010365fb82e64937337ed182b7d34fb2d',1041,1,NULL,'[]',1,'2023-09-28 01:21:08','2023-09-28 01:21:08','2024-09-27 22:21:08'),('699182a87ceefdfd2aa0731c02757bef789b852bb1b7196708226d0f3aad034c37ecfcc18dc2cda3',1001,1,NULL,'[]',1,'2023-11-03 00:30:05','2023-11-03 00:30:05','2024-11-02 21:30:05'),('69ee2629edfe12c2cb9bcc32650d997c10f206bb2a6587cd95a52b40affd5da054573d65286cf353',1001,1,NULL,'[]',0,'2023-09-22 00:23:46','2023-09-22 00:23:46','2024-09-21 21:23:46'),('6a08a41cb02bd66520ac3c4e0dcc48db242be03a0b8feb6691bd413f84e51fbeb97593615ddee3a1',1041,1,NULL,'[]',0,'2023-10-02 22:05:07','2023-10-02 22:05:07','2024-10-02 19:05:07'),('6a1e45d3795e5b0c7383d9307959ac00146111b460ad3b994df2ea21bf19a9e314c11aa9b034b15f',1001,1,NULL,'[]',0,'2023-09-22 00:25:56','2023-09-22 00:25:56','2024-09-21 21:25:56'),('6a36aded9e7141c2119c176baad7492b8b2509bdf97d842acbfd7b74f83d065a29afbcf859d7700d',1001,1,NULL,'[]',0,'2023-09-22 00:13:49','2023-09-22 00:13:49','2024-09-21 21:13:49'),('6a7ca3ef9359bc86b20f545c4f5524bcef9b5926723f2e57dd8a93375ff11281c2dfe40ad2398048',1001,1,NULL,'[]',0,'2023-09-22 21:36:04','2023-09-22 21:36:04','2024-09-22 18:36:04'),('6abd0328bd4178502b5cd7cfc4c0ece094a904084b29868549d73328d2e8f2a3a1b3c8e351869a5d',1001,1,NULL,'[]',0,'2023-09-22 23:32:05','2023-09-22 23:32:05','2024-09-22 20:32:05'),('6adc20c675d57902cb9a3cfd75d7f25f4af4a0acc658df9ae816b6e9d0853143c294bd38262a3194',1001,1,NULL,'[]',0,'2023-09-22 21:34:28','2023-09-22 21:34:28','2024-09-22 18:34:28'),('6bbdb356327696a96fff3d83eeb3a29cde4b06a4f04345db78b03b04d31c9cb7ffe9abb43790912d',1001,1,NULL,'[]',0,'2023-09-21 23:57:30','2023-09-21 23:57:30','2024-09-21 20:57:30'),('6bd005ec3a9f858369ded5c415c95a7f7163e9cbdddae061dfe217e7b8f5ef4e95fe10274449c756',1001,1,NULL,'[]',1,'2023-10-09 21:54:05','2023-10-09 21:54:05','2024-10-09 18:54:05'),('6bde655b27e578627adabdb9ac6a9aa09b62db31c54f29f19976166bc9354f6c4cbdd8491c2dee00',1041,1,NULL,'[]',0,'2023-09-26 01:50:05','2023-09-26 01:50:05','2024-09-25 22:50:05'),('6c0ada4c9d87fcabc78d0a0242b48b9e10db53d3b8626671335cb537ccb0c6e04131a9dd54efb651',1000,1,NULL,'[]',1,'2023-10-23 02:33:59','2023-10-23 02:33:59','2024-10-22 23:33:59'),('6c974a0f186c719311874c24ff88d5e616692ab16df47dd31f259c54269121d90087502ecba74557',1041,1,NULL,'[]',0,'2023-10-17 00:16:04','2023-10-17 00:16:04','2024-10-16 21:16:04'),('6ca752e25adb2a55680a2ad68ae663746ab6e7c679716acfe1b5ac45af3bf7458827aa2b85b680bc',1001,1,NULL,'[]',1,'2023-09-28 21:42:03','2023-09-28 21:42:03','2024-09-28 18:42:03'),('6e186cf15d6f35153821b7367ebcadbe0e0413de79e64c2b452503346db791a94efd7a1676635ca0',1001,1,NULL,'[]',0,'2023-09-22 00:25:56','2023-09-22 00:25:56','2024-09-21 21:25:56'),('6e5b297ef99ad35fa7f5e1f7b05e3623b9a2d6e804fdbb08a03a6a99767bbbfc1e0f89d91afb0306',1001,1,NULL,'[]',1,'2023-10-31 01:42:39','2023-10-31 01:42:39','2024-10-30 22:42:39'),('6f5d4539a1d0f3b854fac6373b3f23e2fc2c30782e983ebe0c3aefa8715f04b0ce6dff6c24abaf9b',1001,1,NULL,'[]',0,'2023-09-22 00:13:48','2023-09-22 00:13:48','2024-09-21 21:13:48'),('6f68e63795caa74c236072178d58784aa382f5f693e2ebd8d1699dd8dbbe08f41172a7d1a75d4a53',1001,1,NULL,'[]',0,'2023-09-22 21:46:02','2023-09-22 21:46:02','2024-09-22 18:46:02'),('6f78bae767e3f764a93f557d19aa262065e2d3118d5330880477b0990e7c144d49a0071e3ebb6fd4',1001,1,NULL,'[]',0,'2023-09-21 07:51:50','2023-09-21 07:51:50','2024-09-21 04:51:50'),('6f8b66038b1e87914338af3f87c79356e2523cc6deeef04b5780d51983b142a727943ae759d0d3b2',1001,1,NULL,'[]',0,'2023-09-22 21:34:33','2023-09-22 21:34:33','2024-09-22 18:34:33'),('700b07710a37939be3ac925819b8941b6d7e32071da48a1b2bc35f371e4c7d20d074779c16dcd3d7',1001,1,NULL,'[]',0,'2023-09-22 21:34:29','2023-09-22 21:34:29','2024-09-22 18:34:29'),('705c40b868efe06681b2ef021365fe7360b3c955fa0c062c769702e816c65f8b6f435fe7dd325716',1041,1,NULL,'[]',0,'2023-09-26 01:48:29','2023-09-26 01:48:29','2024-09-25 22:48:29'),('7064395fde34100453f25e087dca28633b6ec267b3f48b1bca20a3a7c4cb691681a7ec801032abbe',1041,1,NULL,'[]',0,'2023-11-06 04:21:11','2023-11-06 04:21:11','2024-11-06 01:21:11'),('70789c42311abc1fbefd2b5a553f72c250e06cbe94eafb6b041bbe3e514eb798ee26d8c08586f47c',1001,1,NULL,'[]',0,'2023-09-22 00:22:06','2023-09-22 00:22:06','2024-09-21 21:22:06'),('70a28bb96f8b7b0f6aea1dd6bac4b337d1e2ba4e59a4bd7a5c65a3e7e839b4b1d50baa4273acd2a4',1001,1,NULL,'[]',0,'2023-09-22 23:32:12','2023-09-22 23:32:12','2024-09-22 20:32:12'),('70aae19b6fd11517f1b6f42ef1cc9fb8acd1986ef93356b9cec728cc3c2bf84b3e5a50a06503a4af',1001,1,NULL,'[]',0,'2023-09-22 23:30:15','2023-09-22 23:30:15','2024-09-22 20:30:15'),('7110c266746090d82f2cc9d1214887528f7ac8bf83d891cb1c6bb2838c617eecdb0cc52c43352164',1001,1,NULL,'[]',0,'2023-09-22 00:17:24','2023-09-22 00:17:24','2024-09-21 21:17:24'),('711bdd3dd4d25d4dac7285a440d854c2891bacf39c6d9b61046faae16e750c65c528b3b5814a65ef',1041,1,NULL,'[]',0,'2023-10-17 00:12:32','2023-10-17 00:12:32','2024-10-16 21:12:32'),('71262350110cf50a4bddd3bb712b8ae27aa1e0af9507916048aa0cfcd0182dec581a8bd62cf312d3',1001,1,NULL,'[]',0,'2023-09-22 21:36:06','2023-09-22 21:36:06','2024-09-22 18:36:06'),('71e64ea42057e1ad7905da7b34d07461274ef0cdbc1d6b5b815cd871bbbb8cb1a5592d7283b68fa9',1001,1,NULL,'[]',0,'2023-09-22 00:19:25','2023-09-22 00:19:25','2024-09-21 21:19:25'),('729569b8c0cc9b9451b824632e2986a6502238ee96d8547f28892450f0f111eb1c34f63349d521b1',1001,1,NULL,'[]',0,'2023-09-22 21:46:03','2023-09-22 21:46:03','2024-09-22 18:46:03'),('7381f51b3f66f40cc0ef256ad2c7cb3d2802f543ffc6750145c19ee51890126c029a15e2351921ba',1000,1,NULL,'[]',1,'2023-11-05 01:14:21','2023-11-05 01:14:21','2024-11-04 22:14:21'),('739e0d2b3e018ce4fc2b8ed8685c4ee8873027b903b8811a785b6141a8e439fed2189ec3544bf5ac',1041,1,NULL,'[]',0,'2023-10-02 22:05:02','2023-10-02 22:05:02','2024-10-02 19:05:02'),('73b6443f9e0cc394c29aeff92c1b3d8f028ab9fe3658dd1e940e5ba14c693bccef61849f599e83bb',1001,1,NULL,'[]',0,'2023-09-22 00:22:09','2023-09-22 00:22:09','2024-09-21 21:22:09'),('7424ff401b2c5d1a524da8850f641087bfe504018ec73a9ae6202b314af19922ab6b97d6443f204d',1041,1,NULL,'[]',0,'2023-10-02 22:53:37','2023-10-02 22:53:37','2024-10-02 19:53:37'),('74d877ab087f5ea8d4ad17a381dc41e854e17c07e4fdbc64f5c2714473bf1cc2e378e6f2c90a0cbe',1041,1,NULL,'[]',0,'2023-10-02 22:05:04','2023-10-02 22:05:04','2024-10-02 19:05:04'),('7505917e0400ba9ba36b60e370f1aa77fc63339697c65977dbf01f59165d926ce8715ba3905ff24c',1001,1,NULL,'[]',1,'2023-10-31 01:56:36','2023-10-31 01:56:36','2024-10-30 22:56:36'),('7590ab19c0324327c1f94ac6e2079a7cc84cca3526ff349e969fda1480c7ce24b17f395af92507ab',1041,1,NULL,'[]',0,'2023-10-17 00:12:23','2023-10-17 00:12:23','2024-10-16 21:12:23'),('759b71b4be3d5c28d4d182e6df15c5a487295f78908c6a919acf5c0d573c3d1d08b61dde50c8e702',1041,1,NULL,'[]',0,'2023-09-26 01:50:15','2023-09-26 01:50:15','2024-09-25 22:50:15'),('763ad1a436bfcae415312208f98e2eb00df9afa9111550fcf4ede629cc0a9ac444ebdcf5f0d62363',1001,1,NULL,'[]',0,'2023-09-22 00:20:23','2023-09-22 00:20:23','2024-09-21 21:20:23'),('76e36e5488cd30285d86c79dbfcaf89482f53b586c90109a259a70c25e4e7f3e13a5347a12492ba0',1041,1,NULL,'[]',0,'2023-10-17 00:15:59','2023-10-17 00:15:59','2024-10-16 21:15:59'),('77276136eab687d352fde0fc7648a167c12c6fbd0255abd9c231a66b5a5810d75b004d85d0ad0b48',1001,1,NULL,'[]',1,'2023-10-31 04:27:00','2023-10-31 04:27:00','2024-10-31 01:27:00'),('7746309ae60d65a605256e765f7094ee22e3bc1da14fd71df8b56a7e410bf4bc6035b592db3332c2',1001,1,NULL,'[]',0,'2023-10-02 21:01:15','2023-10-02 21:01:15','2024-10-02 18:01:15'),('7762846c67e32e386ecd9e0594aba91c9010a08c6b2a0de4c96b01a1b457d9bdc4243c5f4823c38d',1001,1,NULL,'[]',0,'2023-09-22 21:39:47','2023-09-22 21:39:47','2024-09-22 18:39:47'),('77d600646156d7a79affa5f8c47d24abfa3417b2588c887a848551f496ae900570207ea0e108c168',1001,1,NULL,'[]',0,'2023-09-21 20:46:06','2023-09-21 20:46:06','2024-09-21 17:46:06'),('786a29282ecb6b82fed6e1147a37f7677596a9755deb5bad7dbf456b20d06239f07f089be76f789c',1001,1,NULL,'[]',0,'2023-09-21 23:56:40','2023-09-21 23:56:40','2024-09-21 20:56:40'),('78761bb24605471072dfec99ca36f8f6683a0e388994ac755fb1e3d8d98b1528bc1ea07c58a88c7d',1001,1,NULL,'[]',0,'2023-09-22 23:10:15','2023-09-22 23:10:15','2024-09-22 20:10:15'),('79bedce1097ae5c2ca8c3b84be9a82a687e17311ea608f41d041e59759ce2a5d94e11f82f4bf56cb',1001,1,NULL,'[]',0,'2023-09-22 00:22:02','2023-09-22 00:22:02','2024-09-21 21:22:02'),('79e8994298723e54843b28b8f89256cd3c7c48762f1db7eb86a698b118ca9f0a06eaffd8954d8d64',1001,1,NULL,'[]',0,'2023-09-22 21:34:31','2023-09-22 21:34:31','2024-09-22 18:34:31'),('7a1e30872786e931f917d78d2133cfdd8ba1e82ea5aa0845d6d2de21ee1e83d239ed512d8d351107',1001,1,NULL,'[]',0,'2023-10-02 21:52:16','2023-10-02 21:52:16','2024-10-02 18:52:16'),('7a50932846aec6baba8ee086fb587fd92ffe5ba0ff5d222f4e0a48c15803d40d60b6b8ed28bd8e5e',1041,1,NULL,'[]',0,'2023-10-02 22:05:06','2023-10-02 22:05:06','2024-10-02 19:05:06'),('7a5fd414fc95c6c54daf42e1cae51638b2ec9fe2a0b54aba2e0bfdf3bdc944df24a7c1c10c740d4f',1041,1,NULL,'[]',0,'2023-09-26 01:48:33','2023-09-26 01:48:33','2024-09-25 22:48:33'),('7b208446eeb3e948a869eab55f525f7c9334a79a13ddf4bb729ca92a4369f791ce85aeaa71003af4',1001,1,NULL,'[]',0,'2023-09-22 23:06:32','2023-09-22 23:06:32','2024-09-22 20:06:32'),('7b2336b23c82b6409678469c5bbf1ab133c8221be924c089e16eca77062e3cc4c53f995ca34047cd',1001,1,NULL,'[]',0,'2023-10-02 21:01:09','2023-10-02 21:01:09','2024-10-02 18:01:09'),('7b240c676e95995832701bf65bba6a227d3492be950b69d42f144aeb31bfe96d44622f0e0d01cddb',1001,1,NULL,'[]',0,'2023-10-02 21:01:12','2023-10-02 21:01:12','2024-10-02 18:01:12'),('7b4f0ba59d65e3cd0153f07cce51684fbf99da4a3284be3805da9e80fe63c03d7124f367fe47781d',1001,1,NULL,'[]',0,'2023-09-21 20:42:34','2023-09-21 20:42:34','2024-09-21 17:42:34'),('7b6b2403c39161ac5787a4b0093c84df4a6354bf6c90c200d9df305e4bdf562441c9c89efa0dd21f',1001,1,NULL,'[]',0,'2023-09-22 00:25:53','2023-09-22 00:25:53','2024-09-21 21:25:53'),('7b6edf9741bbbbf04cdde33861eda20af2563094787fb0b86ea991e43f27a5316889859e6f2751b6',1000,1,NULL,'[]',1,'2023-10-23 02:07:45','2023-10-23 02:07:45','2024-10-22 23:07:45'),('7b8122b3492820006323d19ee3e5b99ec7ea710410fd7bca4c6ce8b14fc78a52836daa86c920b2c5',1001,1,NULL,'[]',0,'2023-09-21 08:15:45','2023-09-21 08:15:45','2024-09-21 05:15:45'),('7c0547e4a67f64e60f7cd882c09f018ca0713555a5ad84794ff06ac3aa98e64fbd92b9296b9a7590',1041,1,NULL,'[]',0,'2023-10-02 22:53:34','2023-10-02 22:53:34','2024-10-02 19:53:34'),('7c25d0323fcc9d20427753b5fb1fccb07044bd419bb1ac1ead9763f157329420caa8494f4d15776e',1041,1,NULL,'[]',0,'2023-10-02 22:53:32','2023-10-02 22:53:32','2024-10-02 19:53:32'),('7c65901afbac9faea45ed5c0f67e14752df86b60e7108db7cfbc52b520ab3ef0cb146d729c1d9a03',1041,1,NULL,'[]',0,'2023-09-26 01:48:26','2023-09-26 01:48:26','2024-09-25 22:48:26'),('7cb04b87408c7e08b828e1b4e760cecba0213443eb901b3ec91b87ed4fd07746a08ff38b48e90db2',1001,1,NULL,'[]',0,'2023-09-22 23:32:02','2023-09-22 23:32:02','2024-09-22 20:32:02'),('7ce7d6cdae7085196f06a4d11cd3b113ee708fcb94547898bf5641acef1d7b4d4970adcc59a488e1',1001,1,NULL,'[]',0,'2023-10-02 21:01:11','2023-10-02 21:01:11','2024-10-02 18:01:11'),('7d563131c999f9aa217ff4ef4e718a01c94e5a29c1ab1f905ff8fe80f132b85c4baf03e9eb6ccefe',1001,1,NULL,'[]',0,'2023-09-22 00:23:28','2023-09-22 00:23:28','2024-09-21 21:23:28'),('7e075658fd004fe95a0b434b332bfc0c4cfe14029416fa76af576672052866c7fed138bbb7efb26c',1001,1,NULL,'[]',0,'2023-09-22 00:20:24','2023-09-22 00:20:24','2024-09-21 21:20:24'),('7e9d2059bae2b76b0b7c4753fdaa4fc80f152d2fd3f19de0d814070cbe646f1a3b272d0e1e27b555',1001,1,NULL,'[]',0,'2023-09-22 21:46:08','2023-09-22 21:46:08','2024-09-22 18:46:08'),('7ed10dde37a27750443ab3bdcd2f98e58d41ae1881b151efc041a3bae3c06c260de110104cbb96d7',1041,1,NULL,'[]',0,'2023-10-02 22:45:42','2023-10-02 22:45:42','2024-10-02 19:45:42'),('7f650652d37fbecaa6086dbe61d39e8117046851d0a206693e639a7c3e0fb1ead3813223d3ab6174',1001,1,NULL,'[]',0,'2023-09-22 00:22:54','2023-09-22 00:22:54','2024-09-21 21:22:54'),('7f9393ce561c0d20df7f5820188f1af02d6e4552b2795a99abcacfb6776275e2e623f8eb63e0d617',1041,1,NULL,'[]',0,'2023-09-26 01:48:30','2023-09-26 01:48:30','2024-09-25 22:48:30'),('7fc3c24aea93618c33518cd7a696b49ce41cbf964859baefa415c6396cd3d629b29b55a6c24289f0',1001,1,NULL,'[]',0,'2023-09-22 00:17:23','2023-09-22 00:17:23','2024-09-21 21:17:23'),('8001057bdb56a46a95280ebda563bc7117a47e145ce158a4f1e5f0b393b7f729f2c0435074453c42',1001,1,NULL,'[]',0,'2023-09-21 08:15:13','2023-09-21 08:15:13','2024-09-21 05:15:13'),('8126b51a49dd9fba7afe7d3761a57aefdb0dc5eb9f73e4ef08ef8c66d6998e6f6f99c989c4b26ec0',1041,1,NULL,'[]',0,'2023-09-26 01:48:41','2023-09-26 01:48:41','2024-09-25 22:48:41'),('8147deab301698fec9e23366eb604f40d1dc289f5541dbb1e0ac770258711272298e1a9122cd725c',1041,1,NULL,'[]',0,'2023-10-02 22:45:50','2023-10-02 22:45:50','2024-10-02 19:45:50'),('815c716d78cdd752ff6baa47c6f44ad9978921d435253e1b19ac399663b15b4ca88620990799d352',1001,1,NULL,'[]',0,'2023-10-02 21:01:11','2023-10-02 21:01:11','2024-10-02 18:01:11'),('816e76ef42983ad21a7ba4e8cb3be8fe2ae42c052cbaa812de7d25325d9d48cb938a535f6fe1d8fb',1001,1,NULL,'[]',0,'2023-09-22 21:34:35','2023-09-22 21:34:35','2024-09-22 18:34:35'),('81876ed6d1ba5b68f2f1847fa36be9f01fa6b8d52a85ae54e4542ee60b4836fc6df8c7e24ad64a6c',1041,1,NULL,'[]',0,'2023-10-02 22:45:49','2023-10-02 22:45:49','2024-10-02 19:45:49'),('820d6ea1e46b3fec0d108f4f7a4aeb8c0ef47d9af7626ad5e6cec29b43c44977a342389b0c6abb9a',1038,1,NULL,'[]',0,'2023-09-25 22:35:40','2023-09-25 22:35:40','2024-09-25 19:35:40'),('82875a5b9984f9cfdc4bd604f977f91d2af2229081d98f6a757903c1239869df31f3af93dead3708',1001,1,NULL,'[]',0,'2023-09-22 21:34:31','2023-09-22 21:34:31','2024-09-22 18:34:31'),('829010549c5783f3465dddde5c6e12d0e7ec1a834752dd8fa1f8c9c31352165256aa37a4423f2dbd',1041,1,NULL,'[]',0,'2023-10-02 22:45:47','2023-10-02 22:45:47','2024-10-02 19:45:47'),('82b629cec47a925c6bbc8366653570059bd73d3c38b9cc3c7cc927c9d18ef1c94ff91a2675d36ce6',1041,1,NULL,'[]',0,'2023-10-17 00:16:05','2023-10-17 00:16:05','2024-10-16 21:16:05'),('82ce48c3ae9c5d0ef098b076b9e26ad877e02519e525193a1e71a6c53963b6bda2025bc19fbeac78',1041,1,NULL,'[]',0,'2023-10-02 22:53:33','2023-10-02 22:53:33','2024-10-02 19:53:33'),('833a28ab0e6d9080fddf9326a1ce6ce9f3ac6e1ceb4aa2e802eb09a708ca3477b63a78cd418e1b15',1001,1,NULL,'[]',0,'2023-09-22 21:34:38','2023-09-22 21:34:38','2024-09-22 18:34:38'),('8412f1b7b19c6a315104450881e7deb1e8f50d7159a66e6946448ae197873185f0aaf326b129a569',1001,1,NULL,'[]',0,'2023-09-22 21:36:02','2023-09-22 21:36:02','2024-09-22 18:36:02'),('84b8176ec2563383aa5cec27568b3ebc7d60ad4171a4d303ca20ba52d4860a0b13e38af2984f44ee',1001,1,NULL,'[]',0,'2023-09-22 00:23:28','2023-09-22 00:23:28','2024-09-21 21:23:28'),('8580f27cfcef6cee5cdfbc81a1184c05d98c49b2c6264def94382cde226bdff7dc12eb2514b3a847',1001,1,NULL,'[]',0,'2023-09-22 21:36:07','2023-09-22 21:36:07','2024-09-22 18:36:07'),('85d1c3cf6140bbb12d07a4d41cb66a7ef2253aab5d9cc33a9a3292c91ed87cac927d2d832b9cc15b',1001,1,NULL,'[]',0,'2023-09-21 23:57:33','2023-09-21 23:57:33','2024-09-21 20:57:33'),('865ceb4044d233c41d14c95934a3a887744669c2b43608b8c9b5e9b3fe4931c4355c24475a9832e5',1001,1,NULL,'[]',1,'2023-10-23 02:07:31','2023-10-23 02:07:31','2024-10-22 23:07:31'),('867e1fa10664f67d3ae69dc102d17044d6436559d64048fe76b5db9e10210a5042bd3dd4a44db5a5',1000,1,NULL,'[]',1,'2023-11-05 01:12:15','2023-11-05 01:12:15','2024-11-04 22:12:15'),('86d01f464975bb42a9b619c17e0effc9370bc39614027180f6edb065caef039ea4d01786715da924',1041,1,NULL,'[]',0,'2023-09-26 01:48:34','2023-09-26 01:48:34','2024-09-25 22:48:34'),('87048b1525260c8efaaa9acd56a5df095d9e708562e135c23dea56c7636014b210b8a273ba61658d',1001,1,NULL,'[]',0,'2023-09-22 00:19:25','2023-09-22 00:19:25','2024-09-21 21:19:25'),('874500c511c4d4b916a4375bd150e9ff96d127104e90dcf0237643be5bef9dbcd3be41d8e75b07f8',1041,1,NULL,'[]',0,'2023-10-02 22:53:32','2023-10-02 22:53:32','2024-10-02 19:53:32'),('878ee1f81eecf4c470d55f64e3adeebba8636cb2e0b2de860b3e0e57c771004c4fbd1de4cf376b1e',1001,1,NULL,'[]',0,'2023-09-22 23:32:09','2023-09-22 23:32:09','2024-09-22 20:32:09'),('87dcfb9089eeef7d9e84c3c69c22e1287fc3b7846e7b4bda80c878afadb93ebcac5399f211568014',1001,1,NULL,'[]',0,'2023-09-22 00:26:03','2023-09-22 00:26:03','2024-09-21 21:26:03'),('88180f0781383a07933e106d08c0ff724eeb4ac7c6122855fd8d90ef33e7ec58f2f151c154ea5109',1001,1,NULL,'[]',0,'2023-09-22 00:21:31','2023-09-22 00:21:31','2024-09-21 21:21:31'),('884ca295e183ee8aa43f4bcc2596fc6bb5d71b4e6e33fa5915312d7430ac1a5f3f3f6e5e284d7ceb',1001,1,NULL,'[]',0,'2023-09-22 00:19:26','2023-09-22 00:19:26','2024-09-21 21:19:26'),('886302707fe0a74e62daea57b239a30040262619010a2794c46553704c709d3a27a0094e9f3826bc',1001,1,NULL,'[]',1,'2023-10-31 02:12:14','2023-10-31 02:12:14','2024-10-30 23:12:14'),('88917ad392164674d1b9e332720af01227efb701f2e32bd904a6b51f2cbeecdccee5d97e2177bcad',1041,1,NULL,'[]',0,'2023-10-17 00:12:26','2023-10-17 00:12:26','2024-10-16 21:12:26'),('88a1b2090db0b07ebc040f5fac1cd775070e0c570d1babb196cc84e01625c09680d4b57c2db74913',1041,1,NULL,'[]',0,'2023-10-02 22:05:04','2023-10-02 22:05:04','2024-10-02 19:05:04'),('88aeef0aa66bf1e201a65dca6417a6ce80b8f45a0acb06813a8ee7924c9eaf19c1ec172ca7052ce6',1001,1,NULL,'[]',0,'2023-09-22 00:26:00','2023-09-22 00:26:00','2024-09-21 21:26:00'),('88dac5c867cef508419a2f13381ac070f7da152cd257e1490d6d1bc78751a433bac5d373dd1af3b5',1001,1,NULL,'[]',0,'2023-09-22 23:30:14','2023-09-22 23:30:14','2024-09-22 20:30:14'),('894c5f0bede68ec09f61eac120fd22ad3b77c7a1cd8c2418031f8aa2f21f11f569f82239d5211976',1041,1,NULL,'[]',0,'2023-10-17 00:12:20','2023-10-17 00:12:20','2024-10-16 21:12:20'),('8963ae338f255c3add196f2e52240bd0eeac30cc719ceae7b6ec8e6adb387645ca0d6e6c126f9923',1001,1,NULL,'[]',0,'2023-09-22 00:21:30','2023-09-22 00:21:30','2024-09-21 21:21:30'),('8a565757de4e72f9a4c68c2090eb404c6b45d8442009f3f9c52c2fb2975ee444aef4c5ecc8729f75',1041,1,NULL,'[]',1,'2023-11-02 21:35:35','2023-11-02 21:35:35','2024-11-02 18:35:35'),('8a6226e66c169dc7244dba4709c5e0636b5a23564ce551e504606f5f9c0aad2cb7f2f2df9a5c167d',1041,1,NULL,'[]',0,'2023-09-26 01:48:38','2023-09-26 01:48:38','2024-09-25 22:48:38'),('8a66a8e3dff7ac9228e336110a4a17d9e947f96c8aaf753c31dce56288fd4c45fe00cfea80ef2305',1001,1,NULL,'[]',0,'2023-09-22 21:36:00','2023-09-22 21:36:00','2024-09-22 18:36:00'),('8abac22e6d61a671ed88605a54663215166fc694a523415cb566283f5427c7ecc70c1c798e623027',1041,1,NULL,'[]',1,'2023-10-09 00:58:46','2023-10-09 00:58:46','2024-10-08 21:58:46'),('8ac4a84ab2b7959d39f50c2afa2d94ce3bb44ad593e63e00b7f310db88e962a4e9770433283d9349',1001,1,NULL,'[]',0,'2023-09-22 23:32:10','2023-09-22 23:32:10','2024-09-22 20:32:10'),('8b394eb5d462a48c627a9480661b6b26e25cb32951c20f7696435b49ad2f618eeb6ffa30fd037b3e',1041,1,NULL,'[]',1,'2023-10-19 00:52:56','2023-10-19 00:52:56','2024-10-18 21:52:56'),('8bb83715e227ff24ccdb7e8223dd37e1c95b970e139ad527341f939fb68f033a33a4488f955ca317',1001,1,NULL,'[]',0,'2023-10-02 21:01:10','2023-10-02 21:01:10','2024-10-02 18:01:10'),('8c636423d405891bb9b65d66b6eb52bc2a0bb2d31b575e69d3635e2e8d2b67d3f46540a11b6adb18',1001,1,NULL,'[]',0,'2023-09-22 00:23:45','2023-09-22 00:23:45','2024-09-21 21:23:45'),('8c90d666a446473e5da55621632920a5eb4a583562c2640bca3da17779981d5e9daed40100def905',1041,1,NULL,'[]',0,'2023-10-02 22:05:10','2023-10-02 22:05:10','2024-10-02 19:05:10'),('8ce785e8368a58b0cbee9963678b58f06e0ba1275d73794b6b7c3026a9b13792434ea1519da71bdc',1001,1,NULL,'[]',0,'2023-09-22 23:32:12','2023-09-22 23:32:12','2024-09-22 20:32:12'),('8d0f08d4c5335857ed0e02177ec4d81cbea81d71202e116a2040f697a5af8b596b99da01a6ed52c7',1001,1,NULL,'[]',1,'2023-11-06 04:04:25','2023-11-06 04:04:25','2024-11-06 01:04:25'),('8df6f5adf262a729022d61048bad716fddd732186da78d23ba30e9a21667f238adbabef165d0ff76',1041,1,NULL,'[]',0,'2023-10-02 22:05:01','2023-10-02 22:05:01','2024-10-02 19:05:01'),('8ee2552934e9d76212cf0b42f9910b831818cdf44871d0682119da6f5e3b9ea55a39483f4128cb66',1001,1,NULL,'[]',0,'2023-09-21 23:58:28','2023-09-21 23:58:28','2024-09-21 20:58:28'),('8f18768ec025a11465b89c68298bf2732654427f6afbe3ab4dda6ade47ce08cf2dfa03bd80af04f1',1001,1,NULL,'[]',0,'2023-09-22 00:22:57','2023-09-22 00:22:57','2024-09-21 21:22:57'),('8f1ba9fc1e86d71d39961a7c95c6cbb77f2012a6bb352453795a13c20321a0563a8c4eea54826170',1001,1,NULL,'[]',0,'2023-09-22 00:22:05','2023-09-22 00:22:05','2024-09-21 21:22:05'),('8f26487c66b2b1f0918173f9c1fb94a620ccb3a5f8b75c59d859492bbe4988690e2dcb9e19b38e77',1001,1,NULL,'[]',0,'2023-09-22 21:34:36','2023-09-22 21:34:36','2024-09-22 18:34:36'),('8f49c7f43f5555596b08007eb76fc5373a1448bb77301f0a86c9c5f5f4118e60ac8b818edecd4d68',1001,1,NULL,'[]',1,'2023-09-22 22:01:59','2023-09-22 22:01:59','2024-09-22 19:01:59'),('8f8333081cfd9ed5af3e7ed94c2d522883fe0cf1dbbb7e98814077c592da5e4dd496ee7ff832000e',1001,1,NULL,'[]',0,'2023-09-22 00:23:25','2023-09-22 00:23:25','2024-09-21 21:23:25'),('90bd59cf2a2701f26524db90d01bfc1de0a9ac155e443d9ad3c2f33033a37ac8069bcafcecd54129',1001,1,NULL,'[]',0,'2023-10-02 21:07:05','2023-10-02 21:07:05','2024-10-02 18:07:05'),('9174feabcb8c5e99a4fd21c63c25f368632b13d7e5a80f0d3c17ae7764c6e3bb07c504b152220951',1001,1,NULL,'[]',0,'2023-09-22 21:46:07','2023-09-22 21:46:07','2024-09-22 18:46:07'),('91826ecb228d9e0bf5936e6ffc164778929124fbef84af1fb0163c2e76491bdfe03497473d9d0be8',1001,1,NULL,'[]',0,'2023-09-21 20:46:09','2023-09-21 20:46:09','2024-09-21 17:46:09'),('91e2a7690b698f422cb698e992083a632c8dfceb4a71e27ab5b06d50fe3bd774d307687284411db4',1001,1,NULL,'[]',0,'2023-09-22 00:25:55','2023-09-22 00:25:55','2024-09-21 21:25:55'),('9277061809b9b3a946890a88abb1a20f9d52f65bda84cb3c5506793fa9e4552d2d5261364578b4fc',1001,1,NULL,'[]',0,'2023-09-22 21:39:49','2023-09-22 21:39:49','2024-09-22 18:39:49'),('9436e95cbdf9d6d23b5d989b3819e1c91e841be893433ff63ec1e1a58657fe306d94c417f03b9529',1001,1,NULL,'[]',0,'2023-09-22 00:23:24','2023-09-22 00:23:24','2024-09-21 21:23:24'),('94804cea6eba556362ac6279f28f24af61e2de0b53846f7d5a4877de972cb278b03bf79a40b12ea9',1001,1,NULL,'[]',0,'2023-09-22 00:22:07','2023-09-22 00:22:07','2024-09-21 21:22:07'),('94a890de9128245205dc03c393d7a27d1b661d50a3b70d3ff4d78c2ef7a28ecb640882b883159f59',1001,1,NULL,'[]',0,'2023-09-22 00:22:06','2023-09-22 00:22:06','2024-09-21 21:22:06'),('94d03c2e712d618d178f53aa2f39c6820b6fea291fd7f47a1077f2d53b10823a9dcf75305c9c8a9c',1000,1,NULL,'[]',0,'2023-11-03 00:32:20','2023-11-03 00:32:20','2024-11-02 21:32:20'),('954e04837fb7d2f49dc7f49148a863841902514738b3945053356ffc8da95939d7714790ed40fe86',1001,1,NULL,'[]',0,'2023-09-22 00:17:21','2023-09-22 00:17:21','2024-09-21 21:17:21'),('959f150c663109aa8399cef44c558bce99b22aab35598601ddc7cd9f76a809234e117f7c78a0162f',1001,1,NULL,'[]',0,'2023-09-22 23:30:20','2023-09-22 23:30:20','2024-09-22 20:30:20'),('967783dc294f35023ba312671e392095a321b43e966c3ed4b01bc55751aab23e219e3e457813865c',1041,1,NULL,'[]',1,'2023-10-19 01:20:21','2023-10-19 01:20:21','2024-10-18 22:20:21'),('9689b45c7c4cd43574845668975c831caebd0f02422b0e9b8b62f49a1a5142cf84c8a446ae1e1938',1001,1,NULL,'[]',1,'2023-10-09 21:48:19','2023-10-09 21:48:19','2024-10-09 18:48:19'),('968b76feb9afe82009c78ffd44ca1bc9bd6f045e7a1fe84a36300d4c5ac91aecef2121feff431521',1001,1,NULL,'[]',0,'2023-09-22 23:06:35','2023-09-22 23:06:35','2024-09-22 20:06:35'),('97a251b6ce9a090b4e9c41deacea40ae89c34b80aa7d26bffedc195c80b41a8e474146720b4d8593',1041,1,NULL,'[]',1,'2023-10-19 20:52:18','2023-10-19 20:52:18','2024-10-19 17:52:18'),('97a7db16a0f72b879c230f083bf7f7ef72b09b8aa6f399b705866909785761859a4034a1f14296df',1001,1,NULL,'[]',0,'2023-09-22 00:20:27','2023-09-22 00:20:27','2024-09-21 21:20:27'),('97d4a98d1426c532b966b201730994f370e5ae4b33367b19ffed18f20f7494614d518feb3ff69079',1001,1,NULL,'[]',0,'2023-09-21 20:42:33','2023-09-21 20:42:33','2024-09-21 17:42:33'),('985cba94d7a92b4473436161079638e36366063e818e6702f34e450f2e3b1510534ab92f5c07a564',1001,1,NULL,'[]',0,'2023-09-22 23:06:31','2023-09-22 23:06:31','2024-09-22 20:06:31'),('9885a023d9b66d4a022b44c0b32c1a6a8c5108b0c1245ec5f8e23ad6e74da75c3aa42a071240254e',1001,1,NULL,'[]',0,'2023-10-02 21:01:08','2023-10-02 21:01:08','2024-10-02 18:01:08'),('995c282588101e483e8b30117d4182387c9f70f4c0a36f693467c18eef4ccc583bc6a89f8fedd9ac',1041,1,NULL,'[]',1,'2023-10-16 22:38:29','2023-10-16 22:38:29','2024-10-16 19:38:29'),('9974cd0ca79711b3a846117a82d3e086980b31bf07617c704646e8bcb8fa1ac983a6ed9fcb53faa3',1041,1,NULL,'[]',0,'2023-10-17 00:15:56','2023-10-17 00:15:56','2024-10-16 21:15:56'),('9990c3d866e87bf9bbaa214dafd6fccd19877efdcd974315a30904b4d4fe06ad237800c1ceed620d',1001,1,NULL,'[]',0,'2023-09-21 20:44:58','2023-09-21 20:44:58','2024-09-21 17:44:58'),('9a25e3c72f7c9c2787b0685d80d75c512a90db510154389415127da3430ecbf6f2665efd6ef6af67',1,1,NULL,'[]',0,'2023-08-22 22:47:05','2023-08-22 22:47:05','2024-08-22 19:47:05'),('9a4488d0b56881fa69e468ffe2b9cda78a291c530fc426d84c27264cfda82547544a1b3815c00463',1041,1,NULL,'[]',0,'2023-10-02 22:45:47','2023-10-02 22:45:47','2024-10-02 19:45:47'),('9a5092d687afaecb2704c3888c86599c76d2930df9ebd1ae25378229803ad27f37982b78f3228824',1041,1,NULL,'[]',0,'2023-10-17 00:15:57','2023-10-17 00:15:57','2024-10-16 21:15:57'),('9a6126251509ae46629b40a7cb3e34f85350a88d11851980f31b20d42faddf19f1b7531b6ee3c906',1001,1,NULL,'[]',0,'2023-09-22 23:30:11','2023-09-22 23:30:11','2024-09-22 20:30:11'),('9a9add8f089af5745b86a5814c318453fc4d27d7d5a6cf71be583d9e313026fca8aaef79a092ed6d',1001,1,NULL,'[]',0,'2023-09-21 08:15:46','2023-09-21 08:15:46','2024-09-21 05:15:46'),('9b2b0d5a95f40ba38429d28d06489a7f4b480796c3a96531b5fdbe7ab8d6d5bd7c57c190202cab6c',1041,1,NULL,'[]',0,'2023-09-27 22:18:29','2023-09-27 22:18:29','2024-09-27 19:18:29'),('9b5403d48660229413c1178c02425fe80ff17f4d2423a9286af71065c0ae9ea360fa24fef3bf94b9',1001,1,NULL,'[]',0,'2023-09-21 20:42:31','2023-09-21 20:42:31','2024-09-21 17:42:31'),('9b7d60336ba6e524a1c91bd05e3fdbd5fc0017a58f3c6dc19f9b7623066ee5870bbe4234b420e399',1001,1,NULL,'[]',0,'2023-09-22 00:21:28','2023-09-22 00:21:28','2024-09-21 21:21:28'),('9b908a31cc46524654c4cfbf18791b70964034861492d0a52fdc4e25cfb7f225a419a127f2b3ca59',1001,1,NULL,'[]',0,'2023-09-22 00:18:47','2023-09-22 00:18:47','2024-09-21 21:18:47'),('9b98b7e436fce882e95f01a004df355302cb9ba1186b5cfed825e872d8acad23ed77b06e7bb062d1',1001,1,NULL,'[]',0,'2023-09-22 21:36:09','2023-09-22 21:36:09','2024-09-22 18:36:09'),('9bc4882068b2d8f555c645c00405cf981f062325b89d2059bbe78056033d572b0e547ef659dad692',1001,1,NULL,'[]',0,'2023-09-21 08:04:03','2023-09-21 08:04:03','2024-09-21 05:04:03'),('9c2ce2c5e54860cbfef229b0cfdd489672ea1c20fd54756076367fd4571078ef096d491ddf566b5b',1041,1,NULL,'[]',0,'2023-10-02 22:45:42','2023-10-02 22:45:42','2024-10-02 19:45:42'),('9dd51e459465b015bdfea94ebeb3de8b3805137e94f08a73362fc4274025bc35616d9093e507c254',1041,1,NULL,'[]',1,'2023-09-28 00:09:44','2023-09-28 00:09:44','2024-09-27 21:09:44'),('9dfc27c84dd5e7cba81b7e29859334b52cb908eca3c0c19b714cbb3166e1409c8c0198349a70b70d',1001,1,NULL,'[]',0,'2023-09-22 21:34:32','2023-09-22 21:34:32','2024-09-22 18:34:32'),('9e3dfa1f3c2df59ea8bf788b3c2434c5c453b47c0c78549bea792c8d672a3134eae096b10f5bffb8',1001,1,NULL,'[]',0,'2023-09-21 06:50:30','2023-09-21 06:50:30','2024-09-21 03:50:30'),('9edc2cd6569c5340d838bb6c9dcddb6f8262225bfdecb1873e03c3f5682d14a8b4d3afa7e6f26ca1',1041,1,NULL,'[]',0,'2023-09-26 01:50:09','2023-09-26 01:50:09','2024-09-25 22:50:09'),('9fbb7647cad1784b26aa82b6ba79c026e1d872ae1ab0f649ea623f65b1f1d28d4cac1cdff635e3fc',1001,1,NULL,'[]',0,'2023-09-22 23:06:18','2023-09-22 23:06:18','2024-09-22 20:06:18'),('a00f72edbff053986e921da9e48dee159adc5e4d22ddeae0d16202ea44f5776a4b62cf0dff3f14f8',1001,1,NULL,'[]',0,'2023-09-22 22:01:58','2023-09-22 22:01:58','2024-09-22 19:01:58'),('a010040083848a2c57e6764a4f477b02c8b90db929a0d05fd0ae0f87a1a9969cb86626d8f7df7415',1041,1,NULL,'[]',0,'2023-09-26 01:50:02','2023-09-26 01:50:02','2024-09-25 22:50:02'),('a01d9b2b5c66066f1ff0813a2ae8f2e5484f5a89fb79911c1c8aadabbc791c36d75b05cca26ba31a',1001,1,NULL,'[]',0,'2023-09-21 07:58:53','2023-09-21 07:58:53','2024-09-21 04:58:53'),('a121f66e0a34d710ed4c9d4aa4799279686a9ae1c33bf5c88b0c2c541198ed9831a481df19dc64e1',1041,1,NULL,'[]',0,'2023-10-31 01:39:21','2023-10-31 01:39:21','2024-10-30 22:39:21'),('a1a352c38bc5fab41c2b4b99e3d027a986b00bcd401eb786dc730fe26d38bb55fbe1fde22d01fd13',1001,1,NULL,'[]',0,'2023-09-22 23:32:12','2023-09-22 23:32:12','2024-09-22 20:32:12'),('a2e3582a4433d0396e4ab6a5c368db37aba7e996607cf4c592fefd5f7a698973e40ee43f6f6ca8ad',1001,1,NULL,'[]',0,'2023-09-22 00:13:51','2023-09-22 00:13:51','2024-09-21 21:13:51'),('a42098e1aa4389c5c7384a3037fb2c96903ee42706f29cf829df0d6e7d9cd2372c215115e6c093da',1001,1,NULL,'[]',0,'2023-09-21 20:46:07','2023-09-21 20:46:07','2024-09-21 17:46:07'),('a428506334c9d154f3145c9f011b6ba93a961c2ad220da28f5a51d1321ddd72d5bf446d6b33a8369',1001,1,NULL,'[]',0,'2023-09-22 23:32:03','2023-09-22 23:32:03','2024-09-22 20:32:03'),('a45370beb331a3fdb28128edac726228787c0969b48a8dcf8a93fdfd6285d75234984b4058ef6f7e',1001,1,NULL,'[]',0,'2023-09-22 23:06:16','2023-09-22 23:06:16','2024-09-22 20:06:16'),('a4cb03400a74607bd72c91877d958af8a0104b9ff557de30b2193ded6f9404bb28de5301d6fd8244',1001,1,NULL,'[]',0,'2023-09-22 00:21:26','2023-09-22 00:21:26','2024-09-21 21:21:26'),('a4e0e019644fc9034030fe66898115dc040de81cf351096524861f096d2fefeac7abbe919b4d3151',1001,1,NULL,'[]',0,'2023-10-02 21:52:17','2023-10-02 21:52:17','2024-10-02 18:52:17'),('a50ca92bb6d71636ea494ceb773e9028c5c16a1fcfadffaa0a35833244c957289494c0f099edc526',1001,1,NULL,'[]',0,'2023-09-21 08:15:11','2023-09-21 08:15:11','2024-09-21 05:15:11'),('a5751617c434e023e219422779dd6f098fdae1537f844261a98a9e1144a0739acc1845e2386bbdbe',1001,1,NULL,'[]',0,'2023-09-22 23:30:21','2023-09-22 23:30:21','2024-09-22 20:30:21'),('a6010045a50884a3cffc75072b363c9e78d84fa7d5615df5fe90dba1c841f927fe3c8bfea45835b5',1041,1,NULL,'[]',0,'2023-10-17 00:15:58','2023-10-17 00:15:58','2024-10-16 21:15:58'),('a674c42608965b7da85e246bb70b7fef22e8de73f74e46858f2553bdaf12ab0aed00bbba414c172a',1041,1,NULL,'[]',1,'2023-09-28 00:18:42','2023-09-28 00:18:42','2024-09-27 21:18:42'),('a68631a928289850d002f1fabd250725b8d5ab9c461b17199c65cd221f1870dc21f42967e488f9d0',1041,1,NULL,'[]',0,'2023-09-26 01:50:08','2023-09-26 01:50:08','2024-09-25 22:50:08'),('a72f674f9b90bfc96777fccf85afa138be1f2e0c70577020a5746921a030ba6cb2591aa38b31fae5',1041,1,NULL,'[]',0,'2023-09-26 01:50:06','2023-09-26 01:50:06','2024-09-25 22:50:06'),('a7b02bdec6dbf9b1bcafcf9f8236f934fd215010154b48558fe15362e095fbd5ab9dd795b451f446',1041,1,NULL,'[]',0,'2023-09-26 01:50:15','2023-09-26 01:50:15','2024-09-25 22:50:15'),('a803a226d2b28b9006d6d05914643d1506e3a5d8ec76f0861cc1419f78cf5b157d110cd7b1efd64d',1001,1,NULL,'[]',0,'2023-09-22 21:34:32','2023-09-22 21:34:32','2024-09-22 18:34:32'),('a84eb3d7aa5869dca7fb82b3fb6dd1fffec91d62ded719ab891d29650df0789ac402f454c930cc55',1001,1,NULL,'[]',0,'2023-09-22 21:36:01','2023-09-22 21:36:01','2024-09-22 18:36:01'),('a86ee2f7fbf579ab96b446769377e79532aa13b69b6f40582cc9a433da393e5b0118a33ad1146719',1041,1,NULL,'[]',1,'2023-10-16 22:33:42','2023-10-16 22:33:42','2024-10-16 19:33:42'),('a8cf6c6dad0831376920492b2b6cf9e820b790f2b0c1826bb048f92324e8fc699e8393c4d8a04438',1001,1,NULL,'[]',0,'2023-09-21 20:46:06','2023-09-21 20:46:06','2024-09-21 17:46:06'),('a933776dee6753795a60a1235f25b3f01bfa0debdaf682845c7505529571bea834072aba49c71478',1001,1,NULL,'[]',0,'2023-09-21 07:40:40','2023-09-21 07:40:40','2024-09-21 04:40:40'),('a955e5573d14e7f9b2a275b09e33d8bdf88b5d75d02c9b43961926e2a76e69a0caa728387263cb83',1001,1,NULL,'[]',0,'2023-09-21 20:42:31','2023-09-21 20:42:31','2024-09-21 17:42:31'),('a976e4e6daf32e9605189876b5d04f7cb516bf3af3d08313e59ea2f95f56927681d91bb368a8b20c',1001,1,NULL,'[]',0,'2023-09-21 07:51:50','2023-09-21 07:51:50','2024-09-21 04:51:50'),('a9ec9cbbc99e7dee7fdc343de327c4e560c79087bcfe151346035ec9e001b68726547eda25fe6d6d',1001,1,NULL,'[]',0,'2023-09-22 21:39:54','2023-09-22 21:39:54','2024-09-22 18:39:54'),('aa260c3277f3ce495e926b2b359f6788cb4962ae7bf5c5a95233daddda292db686b6e5a9f6eb739c',1001,1,NULL,'[]',1,'2023-10-31 01:52:24','2023-10-31 01:52:24','2024-10-30 22:52:24'),('aac0487eb397e621515c2a7db4fa824a644cd6176d27374b4c9b329961a117e705f8c27e0c7cfb8a',1001,1,NULL,'[]',0,'2023-09-21 23:56:39','2023-09-21 23:56:39','2024-09-21 20:56:39'),('aad6f09d1dd2b2cb76e16d7e2adbf51bc03c8cb0a892289cc86159960b87b46b08061fe6af2ba623',1001,1,NULL,'[]',0,'2023-09-22 00:22:58','2023-09-22 00:22:58','2024-09-21 21:22:58'),('ab1b534f1610976f7db34a320e6e289de1089ea69aab79cc7d6da25557224ff5eda7e8142dacc26f',1001,1,NULL,'[]',0,'2023-09-22 00:23:23','2023-09-22 00:23:23','2024-09-21 21:23:23'),('ab877c2d0b97e89fab5f9903931baa38a444d9f810674311222d59dc667e4f4eece6fce7d61cb546',1001,1,NULL,'[]',0,'2023-09-21 08:15:43','2023-09-21 08:15:43','2024-09-21 05:15:43'),('ab9e4ea04771a8e42217df134211761dafe5e6042328c97e03164d8f7d80f3c33857e7b133c33689',1001,1,NULL,'[]',0,'2023-09-21 23:56:39','2023-09-21 23:56:39','2024-09-21 20:56:39'),('abf723de3098f5aa6156f037be18519a3b254953209515d2e56bc27fd765505fbf59f24e6cb6c754',1001,1,NULL,'[]',0,'2023-09-21 23:56:40','2023-09-21 23:56:40','2024-09-21 20:56:40'),('abfe37abb71e065742c528b2846893f956447da308437b7eb612171b5dc27034a14a497876657eae',1001,1,NULL,'[]',0,'2023-09-21 07:15:47','2023-09-21 07:15:47','2024-09-21 04:15:47'),('ac07fcfd2d905e8839e60db2f2aa107d2bd9018d030e5ed242c9f12bae4d09aa5210d36c5304f814',1001,1,NULL,'[]',0,'2023-09-22 00:23:51','2023-09-22 00:23:51','2024-09-21 21:23:51'),('ac0c8bc660c3e633ec4ede8f60aa5d55664e34e8265770d7b165e50d505fb4d269521d3aba583dc6',1000,1,NULL,'[]',1,'2023-11-06 03:27:06','2023-11-06 03:27:06','2024-11-06 00:27:06'),('ac3fad7a151962353f242047d3d0d2111c8bdaac6ed2ba0f09c623d788be153930127adf4a35511a',1001,1,NULL,'[]',0,'2023-09-22 23:10:14','2023-09-22 23:10:14','2024-09-22 20:10:14'),('ac64c7d21b814e2ea504d0a1ecd309558939e36903c4e42bcb34c6db412a5688f0d55f9b579e6394',1041,1,NULL,'[]',0,'2023-09-26 01:48:34','2023-09-26 01:48:34','2024-09-25 22:48:34'),('acec3dfe2bb4a78d9af98825d1d9777bce55cd2a3ad4deb0b2c7319ad82a17116bd1bb547e610744',1001,1,NULL,'[]',1,'2023-10-31 01:31:16','2023-10-31 01:31:16','2024-10-30 22:31:16'),('acfe56e69b6445c0c5d72d96b5923400d341dee830d7e2e75770baf505584691a213fbf9265361f1',1041,1,NULL,'[]',0,'2023-10-17 00:16:06','2023-10-17 00:16:06','2024-10-16 21:16:06'),('ad0759553c075be323fef0ed6f6aa2095bf0777b8e0c9fc4ec9b0f8b78b763247f6e32ccf722de58',1041,1,NULL,'[]',1,'2023-09-28 01:12:40','2023-09-28 01:12:40','2024-09-27 22:12:40'),('ad6f2d4089da854293659bff63680335ac3a2767ecbf116bc032febb42d4bc69a698fe1c3d6da215',1001,1,NULL,'[]',0,'2023-09-22 00:23:23','2023-09-22 00:23:23','2024-09-21 21:23:23'),('ad6f9159490e407427b0a7a97866bc2977a7bafc82aaf89d14187c5846572349e2f084891b77d514',1001,1,NULL,'[]',0,'2023-09-22 21:39:47','2023-09-22 21:39:47','2024-09-22 18:39:47'),('add559968473b94e8d870c288307270eead39927e53e99ada1bb35a1cf82124bce9cc9cb94ac96d7',1001,1,NULL,'[]',0,'2023-09-22 00:22:55','2023-09-22 00:22:55','2024-09-21 21:22:55'),('ae01bb8d5923d4f752ec169a5bedbf721659b88b718e7a9a9e7ff7b8e4733960dae122842d50f253',1001,1,NULL,'[]',0,'2023-09-22 00:19:27','2023-09-22 00:19:27','2024-09-21 21:19:27'),('aec087f49ce4c0a2c7e9a806ff987731d22e15fca86fd404a94d02ca87ab0619cf3695549b74e260',1001,1,NULL,'[]',0,'2023-09-22 23:32:13','2023-09-22 23:32:13','2024-09-22 20:32:13'),('af8eefebb128963711fa8e0d219b346b9e69ed7485807fd113e7722d1e247a20f7f21dd23a091b9f',1041,1,NULL,'[]',0,'2023-10-19 20:58:43','2023-10-19 20:58:43','2024-10-19 17:58:43'),('b1430ede766ec1a7dc1aff747928b6105d7920460a98201f6520508b4637f155814524036874e25c',1041,1,NULL,'[]',0,'2023-10-02 22:05:06','2023-10-02 22:05:06','2024-10-02 19:05:06'),('b17d90c2edefe40c739adb07b68d7656a70fd53767d2aa049f023e36c190e6e1d92239b9ada3287d',1041,1,NULL,'[]',1,'2023-10-16 21:47:15','2023-10-16 21:47:15','2024-10-16 18:47:15'),('b277f2277ab02ed200edf0c7d16e4098975e71df867979f5c6c55748c90610147556b32c805ac5ba',1001,1,NULL,'[]',0,'2023-09-22 23:10:12','2023-09-22 23:10:12','2024-09-22 20:10:12'),('b2edf11622fee8dee73a152083995b1df5af31caed672a1235811a3353bc3a574a3378fa7896423f',1001,1,NULL,'[]',0,'2023-09-22 00:23:50','2023-09-22 00:23:50','2024-09-21 21:23:50'),('b2efb4e2156d62c8336ea95d5963689e9e7d84b134c2b30818150b9a7b1b10179148033199c6f181',1041,1,NULL,'[]',0,'2023-10-02 22:45:41','2023-10-02 22:45:41','2024-10-02 19:45:41'),('b43f0179fdefab457e02c605e14ee4e1e72b19a66d220e443ebd0b7fa3d72bcb78826d3bb854e3ce',1001,1,NULL,'[]',0,'2023-09-22 00:04:29','2023-09-22 00:04:29','2024-09-21 21:04:29'),('b4825f160cd1b6bba0f4517ea11a006b033f028b0ad084a9bf5a6d27616e474e818b5dd5d4df1ca3',1001,1,NULL,'[]',0,'2023-09-21 07:51:52','2023-09-21 07:51:52','2024-09-21 04:51:52'),('b4971ad5c3f6e3ddd27b0a0107bbcd4ab470ebb8d30b50de0f631f6beded54e9b5ca22a434f85e78',1041,1,NULL,'[]',0,'2023-09-26 01:50:10','2023-09-26 01:50:10','2024-09-25 22:50:10'),('b4ac1cf7cee43e07c3508ea58e7e1e4cdcefc2aa2e96ef8584c67128935a198c4ead10a757810b96',1001,1,NULL,'[]',0,'2023-09-22 00:04:29','2023-09-22 00:04:29','2024-09-21 21:04:29'),('b4bcfe01cb6fc306fa9eb1f5cdeafeba9f300e02addbc16603ebdeb93667f23fafd83456575e7423',1000,1,NULL,'[]',1,'2023-10-22 21:48:42','2023-10-22 21:48:42','2024-10-22 18:48:42'),('b53de55c5e48a6848eee331dcaff5247408ae3c85db385cdc1ac7bad8583dd99e28b69f1884a786d',1001,1,NULL,'[]',0,'2023-09-22 00:22:52','2023-09-22 00:22:52','2024-09-21 21:22:52'),('b59b2c60528bbc6d09e7c6fcfde7438950b8d83cee08dd0e7978cc7ae09be964c1a742de4e4a3420',1041,1,NULL,'[]',0,'2023-09-26 01:50:03','2023-09-26 01:50:03','2024-09-25 22:50:03'),('b5f032a2e54c06a4e3c57d8a797467e8c20e79ec3ccb9320edf0a67b2043abcdb08cf4b2d8ef0449',1001,1,NULL,'[]',0,'2023-10-02 21:52:14','2023-10-02 21:52:14','2024-10-02 18:52:14'),('b6cc4cc4c6d9b384024f9d3e0e2b12c5943b10b651e7e473f2795ce0c7f033fc4dd199e507a0136c',1041,1,NULL,'[]',0,'2023-09-26 01:50:14','2023-09-26 01:50:14','2024-09-25 22:50:14'),('b6fac7cf5e63be7c4c8f1a9b9ad06240b66a36c6b48ba9a35688ec468c8c48ab836e50d9a0400ff0',1001,1,NULL,'[]',0,'2023-09-21 07:13:09','2023-09-21 07:13:09','2024-09-21 04:13:09'),('b772b31160559a5387aa5d372ea8c0c1547647a64114c9bc93e36954f2071407e6b24ee14326aa11',1001,1,NULL,'[]',0,'2023-09-22 00:23:26','2023-09-22 00:23:26','2024-09-21 21:23:26'),('b7c8b3dd8d1b4785e20117edfb619ed7a0dc68f0e7caaba779ac68453b80b59ddc9d051bb8165f85',1001,1,NULL,'[]',0,'2023-09-22 00:25:55','2023-09-22 00:25:55','2024-09-21 21:25:55'),('b7c9fdd72fa44b81807bfb13bd5589eeade5b85cf9c63133730fe1b1fa66e18dcccbca6fa70f175f',1001,1,NULL,'[]',0,'2023-09-22 23:10:08','2023-09-22 23:10:08','2024-09-22 20:10:08'),('b813f895a2a22c7e3e5f680ef77fabf030d34af2147f12fdc348d0b69756c64a98ec587d9b479ae1',1001,1,NULL,'[]',0,'2023-09-21 07:13:44','2023-09-21 07:13:44','2024-09-21 04:13:44'),('b935b06cfbbbbe9edb82af8f8ed806db5636aa8623c2f921cc47d87407038167394df782f1500f5d',1001,1,NULL,'[]',0,'2023-09-22 00:13:48','2023-09-22 00:13:48','2024-09-21 21:13:48'),('b9f898c88533cf6b4dcbc24d462e50c6be411644d6d2a25b4061ef27030991a0375a45d7e5cabcaf',1041,1,NULL,'[]',0,'2023-10-02 22:53:37','2023-10-02 22:53:37','2024-10-02 19:53:37'),('ba588136b6ab0108afd429ad9585507b08d50945b28fc7eb773932c7ec9df99555ee9cf8f425dc9c',1041,1,NULL,'[]',0,'2023-10-17 00:12:30','2023-10-17 00:12:30','2024-10-16 21:12:30'),('baa7398e01afc030e5c595c6ddb8cc4a1c7375aae80af367b4a032415b9d39c193e9b21861e61bd3',1041,1,NULL,'[]',0,'2023-10-02 22:53:34','2023-10-02 22:53:34','2024-10-02 19:53:34'),('bb0fd394e89cf7d7165d844810cc6df59d0d214277d77827fe7300d24569e8abd806186fd6d2bd5b',1001,1,NULL,'[]',0,'2023-09-21 20:45:00','2023-09-21 20:45:00','2024-09-21 17:45:00'),('bb1af897ed04daac842f810ccce96954df556ac32321fe273a51d7424da19690c009a0e1b510ac06',1001,1,NULL,'[]',0,'2023-09-22 21:36:08','2023-09-22 21:36:08','2024-09-22 18:36:08'),('bb2756cf3e013dd8125c2882740a9cc450c73efddee031b942e1cfaa1925000f66c5656d3d7cfcee',1041,1,NULL,'[]',0,'2023-10-17 00:12:22','2023-10-17 00:12:22','2024-10-16 21:12:22'),('bc639cf8b9c8d1e88a273c21bdb78a548b5a5a0c19c0fbb3296693073139fd58ae5cf25ff5ee1bc6',1041,1,NULL,'[]',1,'2023-09-28 23:05:08','2023-09-28 23:05:08','2024-09-28 20:05:08'),('bd2111bd51b74227f3032ddf2a9b6b89acb72055bef70f9cdc850a0d4fc637cee690d1b3e00a5b18',1001,1,NULL,'[]',0,'2023-09-22 00:22:04','2023-09-22 00:22:04','2024-09-21 21:22:04'),('bda84529fbaf1c6a6461a2b48c3c01c02ad0297bf571bb74bb0cb143adc81ad663c15c90bd580128',1001,1,NULL,'[]',0,'2023-09-21 08:15:11','2023-09-21 08:15:11','2024-09-21 05:15:11'),('be02725142e579e36bff75af5234764fea83a3747cd321f157602898b9d7f7614da572d9941a4c83',1001,1,NULL,'[]',0,'2023-09-22 21:46:06','2023-09-22 21:46:06','2024-09-22 18:46:06'),('be11c32f0a17fd360d90b916f0785d8ac3e03bf554ebec64460c9b72fab5068c7de93005d02a2ab7',1041,1,NULL,'[]',0,'2023-10-02 22:53:38','2023-10-02 22:53:38','2024-10-02 19:53:38'),('be520d38c9b8297e860911594fa340c80f10f97ef4bd602017ca5b86e50cb2305da251d4fda61ad4',1001,1,NULL,'[]',1,'2023-11-06 04:22:33','2023-11-06 04:22:33','2024-11-06 01:22:33'),('be850db79c025ff937585f785f8ad471a0d6c3059fd066ef1f1c2f61d071829965f7a3ba7bfc314e',1041,1,NULL,'[]',0,'2023-10-02 22:53:29','2023-10-02 22:53:29','2024-10-02 19:53:29'),('bee357cc6be085e33599904e6f0f51163dc6611b9528fc2c0e18c082b95603f6529175cc4e0ba2a4',1001,1,NULL,'[]',0,'2023-11-06 04:29:17','2023-11-06 04:29:17','2024-11-06 01:29:17'),('bf35e568b67b25e8a92b9bbf21f24a011133ce3af5677b5376c16e475a7bfc8575d3868a3651c4ad',1001,1,NULL,'[]',0,'2023-09-19 23:02:49','2023-09-19 23:02:49','2024-09-19 20:02:49'),('bfa2766837d2f79b28e07387e52f8b3eab94c5ed3c2090062967a12ada5806be5dfc384c748c3a70',1041,1,NULL,'[]',0,'2023-10-17 00:12:25','2023-10-17 00:12:25','2024-10-16 21:12:25'),('bfaf41339bca0b596ce205c4555708e11375e358086d209996406993fffda08b7a1974433154886a',1001,1,NULL,'[]',0,'2023-09-22 00:20:25','2023-09-22 00:20:25','2024-09-21 21:20:25'),('bff44126a4411cb30cacbf83b1a6d7dcbb57e4ae4d05a37d6d09f5adb8749fd7bdf5f9f7ded138c8',1001,1,NULL,'[]',0,'2023-09-22 21:46:05','2023-09-22 21:46:05','2024-09-22 18:46:05'),('c0502f9679eca5c7e60087480d797b5437f6a112fdcd63bce12416e36ca0253e221397e6e8aec5fa',1001,1,NULL,'[]',0,'2023-09-22 23:06:33','2023-09-22 23:06:33','2024-09-22 20:06:33'),('c0760701d447260e89912e325409c76ed0b9edad140d7dc81a51fd187a0840fdeb611912a187442b',1001,1,NULL,'[]',0,'2023-09-22 21:46:11','2023-09-22 21:46:11','2024-09-22 18:46:11'),('c0ce32098ac960187e9de17879a3a3917632900350e9e7de64f84b1ba9ebf7679c23dcbb3fd455c8',1041,1,NULL,'[]',0,'2023-10-02 22:05:10','2023-10-02 22:05:10','2024-10-02 19:05:10'),('c0e89bbb4e5bca99142d6d6ef48f7ac87770d5bf72e72baf101e19bea111b1a062ec4836aad920eb',1001,1,NULL,'[]',0,'2023-09-21 23:58:28','2023-09-21 23:58:28','2024-09-21 20:58:28'),('c10e4ba5bd83591732cf7cc94e400aec147b87c6a888f6d09d4fa9c6955eace280e98273735eabbb',1041,1,NULL,'[]',0,'2023-09-26 01:48:25','2023-09-26 01:48:25','2024-09-25 22:48:25'),('c132f5182b77981f67df45bf5b8d5b076631cc44351746c2c5fc5e869e0f12d7b06799a541c72477',1001,1,NULL,'[]',0,'2023-09-22 00:23:44','2023-09-22 00:23:44','2024-09-21 21:23:44'),('c15a386293d9f98bb881a3723f86ca89d28e18380ff3c47b582adbab4067fb54ca895dba2c9f99da',1041,1,NULL,'[]',0,'2023-10-02 22:53:36','2023-10-02 22:53:36','2024-10-02 19:53:36'),('c16b07334a709235c0f2cddb639114997686f1bb89692903b6c74a5eec41f7b4646a0e9aa652a1d1',1001,1,NULL,'[]',0,'2023-09-22 21:36:08','2023-09-22 21:36:08','2024-09-22 18:36:08'),('c1c1925010c56600dcbebcafb6721e49e758a9b19b5af66751294b47d650db678266ce4c97974ff9',1001,1,NULL,'[]',0,'2023-09-22 23:32:04','2023-09-22 23:32:04','2024-09-22 20:32:04'),('c1ce060baa4ff846b592f1fcdb15d2513821f291f4998f0d40557173e999e50d9bc9fa830cd55c19',1041,1,NULL,'[]',0,'2023-09-26 01:48:38','2023-09-26 01:48:38','2024-09-25 22:48:38'),('c21b8576e3883e0dfcd17ced59769a703d5a7a97563550cd15607f8caebc3eac7d901353c872bea7',1001,1,NULL,'[]',0,'2023-09-22 21:34:35','2023-09-22 21:34:35','2024-09-22 18:34:35'),('c32b83e348538c19cfcafa355132c1291ee7bf495c6978904a6f44f06603341422dc6368d0978cba',1001,1,NULL,'[]',0,'2023-09-22 00:22:53','2023-09-22 00:22:53','2024-09-21 21:22:53'),('c3311212f919b72b0d6186c1c08820b08ca7a22bd1918b4af0fff6069e5ed660af3918470573822f',1001,1,NULL,'[]',0,'2023-09-22 21:36:01','2023-09-22 21:36:01','2024-09-22 18:36:01'),('c3705abfeaad22b56268b3dd6d239c7cd086984116f18600cc4a435bccc8328150a98487ccc90d5c',1001,1,NULL,'[]',0,'2023-09-22 00:26:00','2023-09-22 00:26:00','2024-09-21 21:26:00'),('c4913029688edffd649a152deaffc5a466ea07fad050410e14e375606d4c769976f260bd65492f04',1001,1,NULL,'[]',0,'2023-09-22 21:36:07','2023-09-22 21:36:07','2024-09-22 18:36:07'),('c4d295ae24ffc33aaf6a168b818ba7a8f87ad92e6b0466889f5a43dce4f8c7e7c53bd48144f8b719',1000,1,NULL,'[]',1,'2023-11-06 04:26:21','2023-11-06 04:26:21','2024-11-06 01:26:21'),('c503f2ee26dd0a106ad0cd93c54e2a154dd47aaf0235fbddb73b055b0657f3b578bd91ec6da39308',1001,1,NULL,'[]',0,'2023-09-22 23:10:11','2023-09-22 23:10:11','2024-09-22 20:10:11'),('c51685f951c84081ee345a29d5fdb92f2a1fc84129513237631364965557f312a24e46f42717736c',1001,1,NULL,'[]',0,'2023-09-22 23:30:20','2023-09-22 23:30:20','2024-09-22 20:30:20'),('c56455d156c6ae50f814c88634d7ef619d1cfcfaaed1b3c17008511fd6a8987ad332ae4d76bf57e7',1001,1,NULL,'[]',0,'2023-09-22 00:20:24','2023-09-22 00:20:24','2024-09-21 21:20:24'),('c57d5e8ffd68ebff073387039811ca7a5897a1e92dc05ebbd15335737706e5d0d322860052b271cd',1001,1,NULL,'[]',0,'2023-09-22 00:18:48','2023-09-22 00:18:48','2024-09-21 21:18:48'),('c5df10bf2ecff169e20a83339fd8ce9661c51f6d3730bb09b34003719ae6bcbfd7e8d2082e96a172',1041,1,NULL,'[]',0,'2023-10-02 22:05:05','2023-10-02 22:05:05','2024-10-02 19:05:05'),('c6164315a93a124a0d4d3a74a5f22988a093c16b718b15e502a5dbf220260ffcd73ee51c06c51099',1001,1,NULL,'[]',0,'2023-09-22 21:39:45','2023-09-22 21:39:45','2024-09-22 18:39:45'),('c64ee5d9732f57ab9c9256d7098105577eb2ac7959d7c933e14f42d4154333beb6308bd8a6cab21f',1041,1,NULL,'[]',0,'2023-09-26 01:50:10','2023-09-26 01:50:10','2024-09-25 22:50:10'),('c685bd78962b78c7bd479133a62611eace8b4d97dd4e6f2778c80f397da320bd1104333c0a3a9bca',1041,1,NULL,'[]',0,'2023-10-02 22:45:44','2023-10-02 22:45:44','2024-10-02 19:45:44'),('c68b4de950090e0551023fa818e26da8922f9e844461282853501739e7a2676a5f2c8af2437049d9',1001,1,NULL,'[]',0,'2023-09-22 23:32:08','2023-09-22 23:32:08','2024-09-22 20:32:08'),('c6d745e0ea26f64dcd7449f062b1e52e6e2698688200cd991182b70e4af4afaba5b3fc3a58b72b6b',1001,1,NULL,'[]',0,'2023-09-19 23:02:36','2023-09-19 23:02:36','2024-09-19 20:02:36'),('c70532ff7bff4b313bdd8f59ab4dbde2f94d60b95b5f6295cba179fbb881f1e7b7201097f7bcb9e2',1041,1,NULL,'[]',0,'2023-10-02 22:04:59','2023-10-02 22:04:59','2024-10-02 19:04:59'),('c7304ca7f435422986af86731d85ecd6d7649f12f94d5b01ecb35529fc5308f3554771fcf311e9b3',1001,1,NULL,'[]',0,'2023-09-22 21:46:04','2023-09-22 21:46:04','2024-09-22 18:46:04'),('c79ff1e63b7be02f73186888c92766a581cf7655be52ee0069e570e209d6f2749bce9cc63abd762d',1041,1,NULL,'[]',0,'2023-10-02 22:05:01','2023-10-02 22:05:01','2024-10-02 19:05:01'),('c7c6f43c52466fa51e14e692d31b46582c8dcaab1ea191fb1475925d2d6e9f02b82471b6cf7bfeff',1001,1,NULL,'[]',0,'2023-09-22 00:20:25','2023-09-22 00:20:25','2024-09-21 21:20:25'),('c822343fa000ae712968fdd09bc95ce90603f8987ecb9b419f46f97b8fc6d4d4840b8b7a6628c27e',1000,1,NULL,'[]',1,'2023-10-22 22:03:52','2023-10-22 22:03:52','2024-10-22 19:03:52'),('c85ee2e668521f35ed769415147391b46e2033d28dbc450d78d3e18daa513bf673624cc825543333',1001,1,NULL,'[]',0,'2023-09-22 00:21:29','2023-09-22 00:21:29','2024-09-21 21:21:29'),('c8a1500378d4382cad84e5ae4a984589e905318cd347e4245e8113bbb32d2a7a7027e6283b896112',1001,1,NULL,'[]',0,'2023-09-22 00:13:50','2023-09-22 00:13:50','2024-09-21 21:13:50'),('c8bf505caa2f7f51d3cde68a49aaa71c38ac62d191d4857f7139b6e35656902294e963ec81cd1faa',1001,1,NULL,'[]',0,'2023-09-22 21:39:54','2023-09-22 21:39:54','2024-09-22 18:39:54'),('c914bad8d94ef37733f9d95741e26c612ea946422d4276d8ea626b40856f736757dac2de3d88ecd0',1001,1,NULL,'[]',1,'2023-09-28 21:28:26','2023-09-28 21:28:26','2024-09-28 18:28:26'),('c9afe3f22f9a350704d6dd80c761cccfb02128415c3e4a3d7aab7f9bb033195b5e1f48df84b2b0fa',1001,1,NULL,'[]',0,'2023-09-22 00:21:31','2023-09-22 00:21:31','2024-09-21 21:21:31'),('ca81b81200d9d237fcd9e1bf786e37ad61e5a4c409846ceae95350102b64a2b48b8823e5ee438d6d',1001,1,NULL,'[]',0,'2023-09-22 21:34:36','2023-09-22 21:34:36','2024-09-22 18:34:36'),('ca88145609bdc00f5fe0b94795c618ae9c74b8c1713409faae95f6d0e6af263e69bb404275ef1c0f',1041,1,NULL,'[]',1,'2023-10-23 00:33:03','2023-10-23 00:33:03','2024-10-22 21:33:03'),('ca8a6baf63fcf08e343d702ceeb0ad888674edbd99b0845ae6d006dc5eafe9cc2363e5f56c3a0c5f',1001,1,NULL,'[]',0,'2023-09-22 00:26:00','2023-09-22 00:26:00','2024-09-21 21:26:00'),('cae156f89da78eb025906bec4a4fcb5aabc9d819adeb2d81e1009c7074512057ef34cf09a834a56a',1041,1,NULL,'[]',0,'2023-10-17 00:16:00','2023-10-17 00:16:00','2024-10-16 21:16:00'),('cbfba4e039adcae83c78fae2758715a9895e727f7d68f940d7b14c7b7d19424fa248fcbeec65ebdb',1041,1,NULL,'[]',0,'2023-10-02 22:04:58','2023-10-02 22:04:58','2024-10-02 19:04:58'),('cc70d4d21bac53d40eae676c3eadd192816c1dc5177bc12e9893fcb222d86bfb48c3be77bb052dc1',1001,1,NULL,'[]',0,'2023-10-02 21:01:16','2023-10-02 21:01:16','2024-10-02 18:01:16'),('ccd037e7ba39a6e0f3660b3abac00f6b09eaceb7dd90e529296f664d59cfdce32cab9a79756e2537',1001,1,NULL,'[]',0,'2023-09-21 23:58:27','2023-09-21 23:58:27','2024-09-21 20:58:27'),('ccd4c60440963fbce8fc7f979120f60a6751ee9bcc4034a3ba9875dac0c0022e4e363cd1f2330c38',1041,1,NULL,'[]',0,'2023-10-02 22:53:39','2023-10-02 22:53:39','2024-10-02 19:53:39'),('cce33b0d0985522ab33ce3df08035cb325f745889e6cdc7f760e9d80a30c2145f8437ff3fd3363d9',1001,1,NULL,'[]',0,'2023-09-22 23:32:07','2023-09-22 23:32:07','2024-09-22 20:32:07'),('cd14839a070843bf226350e53731c15d25ab8411d4ff83d3e685c5a72f38e0bc9cd9dc85f4949518',1041,1,NULL,'[]',0,'2023-10-02 22:05:11','2023-10-02 22:05:11','2024-10-02 19:05:11'),('cd6e3ff213ba5ca24003420bbc47c22bc5a09fa5419758d690192cf2b9f48c9301674c3545aba935',1,1,NULL,'[]',0,'2023-08-22 22:40:19','2023-08-22 22:40:19','2024-08-22 19:40:19'),('cdc54f09ea4dad645779e4dac7e2d889938f1ec413bb26d3b186d63bf09b14e4ae49327b6ee10071',1041,1,NULL,'[]',0,'2023-10-17 00:16:04','2023-10-17 00:16:04','2024-10-16 21:16:04'),('cde35fe19ae50f7754047231278f7ddc8759bac0d80f35500e4b5deb9d544cf3ed90d4fbb1bda504',1041,1,NULL,'[]',0,'2023-10-17 00:15:57','2023-10-17 00:15:57','2024-10-16 21:15:57'),('ce568b1dda2ba46009a6ff251de65607b9a3e768f7bc9d63efc6324595d168d9bff770fd3595c4fa',1001,1,NULL,'[]',0,'2023-09-22 21:39:48','2023-09-22 21:39:48','2024-09-22 18:39:48'),('ce58aea9743f56fe90ff8994dc375b82d6679d0f117b16967a4d5c74a9aedd41c7bf61c6ef55d252',1001,1,NULL,'[]',0,'2023-09-22 21:34:29','2023-09-22 21:34:29','2024-09-22 18:34:29'),('ceb3fa8dcf958bcb8cd3bd0d1a08d1f9deb698a6681ac126dec5c936f2b427bed600765f6448c5e0',1001,1,NULL,'[]',0,'2023-09-21 23:58:27','2023-09-21 23:58:27','2024-09-21 20:58:27'),('ced66519a0bf446ab79d4516a6686b3c3ce940a15a6c6431e80eaa54d2183f29ca4d5497d1d4c4f8',1041,1,NULL,'[]',0,'2023-10-02 22:45:45','2023-10-02 22:45:45','2024-10-02 19:45:45'),('cf05879bef9e107367c8ea69ae2f786334bd4b1f41d4dece3d635b043354aa882ee4c20fe4955070',1001,1,NULL,'[]',0,'2023-09-22 00:04:28','2023-09-22 00:04:28','2024-09-21 21:04:28'),('cf5572c5982c87095ad2989a87ca69e3870805e623eae07ca1d05b6fdeb5509a34b8d52f6b3398fb',1041,1,NULL,'[]',0,'2023-10-19 20:59:52','2023-10-19 20:59:52','2024-10-19 17:59:52'),('cf6f56bb8af1fa7cb2661c3024a4a9f67acf463f63e659014b0fc750bedefc5b74c5cadebf09c433',1001,1,NULL,'[]',0,'2023-09-22 21:36:03','2023-09-22 21:36:03','2024-09-22 18:36:03'),('cf8d76a3fb20e0aecb11e6dc1801e9f2737e344c403655648fce9cfa5b82ad766dabeaf44c50b5d5',1001,1,NULL,'[]',0,'2023-09-22 00:23:48','2023-09-22 00:23:48','2024-09-21 21:23:48'),('cfca039dc9b07fae91e533112b33a8fbbf3321d24d495f75c20a49a385ad7a43fa3744cd5a512dc0',1001,1,NULL,'[]',0,'2023-10-02 21:07:07','2023-10-02 21:07:07','2024-10-02 18:07:07'),('d0072d1a5acb71c92ca3e14cf19462bd1814b9203324faeb9a902b882cd59d55e98984ac6673efaa',1001,1,NULL,'[]',0,'2023-09-22 00:22:08','2023-09-22 00:22:08','2024-09-21 21:22:08'),('d0525aa54531c1b6036fcf57ac6925cbbfc5190d6da07e20c8239d10ee9d649680a14201608839a8',1001,1,NULL,'[]',0,'2023-09-22 21:34:31','2023-09-22 21:34:31','2024-09-22 18:34:31'),('d0779ce2b2dd95f9f8bf5ec70073832069339bd1ceb9c7899f0a537dd2777fba7b6fb5a039836d94',1001,1,NULL,'[]',0,'2023-09-22 21:36:00','2023-09-22 21:36:00','2024-09-22 18:36:00'),('d0a3fe4550e672e43275fecbb41eea6f730d0cbe32e23c126a8db0c6447dbf3a9494d49399d3c7f7',1001,1,NULL,'[]',1,'2023-11-06 03:34:43','2023-11-06 03:34:43','2024-11-06 00:34:43'),('d0b5e8b7408c7883d3656197f6536fb565854d83ee447b39b626570429fa942d5f5286f857643315',1001,1,NULL,'[]',0,'2023-09-22 23:30:13','2023-09-22 23:30:13','2024-09-22 20:30:13'),('d16b4d8595745510f88728ccbd3900dc592d0f0bf523b0f143260ee73f47aa36be533e248e76a632',1001,1,NULL,'[]',0,'2023-10-02 21:01:09','2023-10-02 21:01:09','2024-10-02 18:01:09'),('d1d3e61e67b158148f667933c645e4c4e3aa5ddeab544a98804c7e7769b09474742b167fe5cc168d',1001,1,NULL,'[]',0,'2023-09-25 22:27:44','2023-09-25 22:27:44','2024-09-25 19:27:44'),('d1d539172ab4c17c63f3b374c0f1d2e1adf501577f065b2bdbc8050d43a903ed499abb707400bb3a',1001,1,NULL,'[]',0,'2023-09-22 00:23:48','2023-09-22 00:23:48','2024-09-21 21:23:48'),('d28c04e3f7fd132e2a1cb0593c56f9cb66d25016ca0a36881929b3e20f19f813a3e1dd4562efaf9d',1041,1,NULL,'[]',0,'2023-09-26 01:50:07','2023-09-26 01:50:07','2024-09-25 22:50:07'),('d28ecfc53921fc6c4e2c825f2257b7fae5e1a20a407af583661f178120a18cb5cb610ec4f78c3f41',1041,1,NULL,'[]',0,'2023-09-27 22:43:42','2023-09-27 22:43:42','2024-09-27 19:43:42'),('d2a263b6821191668e26aadcd9e9561f40313874bb63d0c2d3359a9cf359299a2d05c6b09667b01e',1041,1,NULL,'[]',0,'2023-10-17 00:12:31','2023-10-17 00:12:31','2024-10-16 21:12:31'),('d2e476d45e89a3e979afb2c2284979a69378eb9cae42811a3eaefdf7b4e27caba0b4878bbe2ed1ce',1041,1,NULL,'[]',0,'2023-10-02 22:45:41','2023-10-02 22:45:41','2024-10-02 19:45:41'),('d3bb98d106d6b0ce83acc11c8646bade647a6051a45048f7020367ee473b34f19c466a2af834baf9',1001,1,NULL,'[]',0,'2023-09-21 07:51:53','2023-09-21 07:51:53','2024-09-21 04:51:53'),('d3e8e24df628cf21bbfc23cb75bed90afb2333e27ee36cc44015465c26d1d04f3164137aa926b1fb',1001,1,NULL,'[]',0,'2023-09-22 23:06:19','2023-09-22 23:06:19','2024-09-22 20:06:19'),('d41cd97d4d1c1fe80904ace41f53b7dde71093da15d1612970d0542f0015369c5192f4683bfc8600',1001,1,NULL,'[]',0,'2023-09-21 08:04:04','2023-09-21 08:04:04','2024-09-21 05:04:04'),('d4bbfaee74a01cc2a2b9736201518c6a1653cbcf5ed6aae0af48f173449027427bfe67c7d56fabeb',1001,1,NULL,'[]',0,'2023-09-22 23:10:14','2023-09-22 23:10:14','2024-09-22 20:10:14'),('d4c7ea34c91afeb57c1409d393a4e8f1982a1fc45838ced031a27a7eba7c36d1b2b8f5da19c8a593',1000,1,NULL,'[]',1,'2023-10-22 22:37:13','2023-10-22 22:37:13','2024-10-22 19:37:13'),('d545aaac561e049ba1b1790adb16496b3092f9be33c8acf3bde54c2e56d3418a27c94c876228b1a0',1001,1,NULL,'[]',0,'2023-10-11 04:58:57','2023-10-11 04:58:57','2024-10-11 01:58:57'),('d5a98606255f3b597c748215894b16564150dd29c464c0da2e182153579d27159ea254396e8cc32b',1041,1,NULL,'[]',0,'2023-10-02 22:45:46','2023-10-02 22:45:46','2024-10-02 19:45:46'),('d68564614f6f2e949dd18c82f28af48e6f718c456d4e01cc9245e4abc7ee7a75b6961cdf85f493c8',1001,1,NULL,'[]',0,'2023-09-22 23:10:09','2023-09-22 23:10:09','2024-09-22 20:10:09'),('d6f450190ca0acf59a718604da8284d3c99e39ebbeea6e9d939430015579c7842cdf4900d7a30da5',1041,1,NULL,'[]',1,'2023-10-06 00:47:27','2023-10-06 00:47:27','2024-10-05 21:47:27'),('d6fcb07efc3a82f9c1b824b513efc320b3185dfc80bd940e9e81642f6be0b4d1b891c116c2bab312',1001,1,NULL,'[]',0,'2023-09-22 00:25:53','2023-09-22 00:25:53','2024-09-21 21:25:53'),('d71f4789b2d0f825f88fa875aed0cef6187254194e2b654f086c43956c731af8a488e84173c05306',1001,1,NULL,'[]',0,'2023-09-22 00:23:30','2023-09-22 00:23:30','2024-09-21 21:23:30'),('d7350e87efeb1745536924e1fe8d69df06f7f7d8f9f7a97676cf880b4afbe6e445eaea2f3e0c8370',1001,1,NULL,'[]',0,'2023-09-22 21:46:07','2023-09-22 21:46:07','2024-09-22 18:46:07'),('d7502179b04cdae37d136be135f79023cca9d7754e8b2ecd63bcd55bf964926250be4ed820c3db9f',1001,1,NULL,'[]',0,'2023-10-19 21:01:33','2023-10-19 21:01:33','2024-10-19 18:01:33'),('d7623dfd68b68ded011936c6ab32bba01d541ac030e57a65654f60b81da5e088e41a8183632c9605',1001,1,NULL,'[]',0,'2023-09-22 23:30:19','2023-09-22 23:30:19','2024-09-22 20:30:19'),('d774f3eecb75d94752351b1b5277bcb7268184d70c23fbc1df818fdca1abdc50746b8a6d63a63ba0',1001,1,NULL,'[]',1,'2023-10-31 22:19:36','2023-10-31 22:19:36','2024-10-31 19:19:36'),('d83e393375e3af45897edfa0abb638e1dbb4e0d3af20d2592f745b93bdb69d5ba80003a240cd1b8a',1001,1,NULL,'[]',0,'2023-10-02 21:01:13','2023-10-02 21:01:13','2024-10-02 18:01:13'),('d86dcc9219192f00d8ab14abad276edd5ea396333529d703fc5dca28d6966ce2499fd1af22bb577f',1041,1,NULL,'[]',0,'2023-09-26 01:48:30','2023-09-26 01:48:30','2024-09-25 22:48:30'),('d8bfe76097298dc1b59f1e31a45409890bff0d5927e876637b59818ad7dc53f983a618bcd1d257d8',1041,1,NULL,'[]',0,'2023-10-02 22:05:03','2023-10-02 22:05:03','2024-10-02 19:05:03'),('d960d6948f283d3ee479e1bc567d0fa6f8197d7b127e69bc8d7cb015fbb3ecc1221c2b91c38362fb',1001,1,NULL,'[]',0,'2023-09-22 23:32:10','2023-09-22 23:32:10','2024-09-22 20:32:10'),('d9c0541e0fff73765acad06599cb843aa9406ece9fb5201005ace94331ca827aa30de6df8a986025',1041,1,NULL,'[]',0,'2023-09-26 01:48:36','2023-09-26 01:48:36','2024-09-25 22:48:36'),('da4fff35b2a34b82c098a332617e629e181e72e7c9634bc39060e3246dc17ddf415574f4477d9244',1001,1,NULL,'[]',0,'2023-09-22 00:19:24','2023-09-22 00:19:24','2024-09-21 21:19:24'),('db6086d2fd9423c445fab6d5dfc65beca58109911546136280ef2ab24a05a4039eab751bfd441934',1041,1,NULL,'[]',0,'2023-10-02 22:53:30','2023-10-02 22:53:30','2024-10-02 19:53:30'),('dbd28a0a607ee167f2e9df5b61f36b2e867e7d15af23f31694329cdf06fe23331440203bee1a04da',1001,1,NULL,'[]',0,'2023-09-22 00:22:52','2023-09-22 00:22:52','2024-09-21 21:22:52'),('dc46abe857faeb0931880aa2999583aac2a7ca885eac505a92078ba7510780737350fb18fcc26a6b',1041,1,NULL,'[]',0,'2023-09-27 23:06:53','2023-09-27 23:06:53','2024-09-27 20:06:53'),('dc815d3e0f461f94205c0494ce59cf194a181aab5b4e50b4fd1986a39f0de5f5ead52d0f7694e4b2',1001,1,NULL,'[]',0,'2023-09-22 23:30:18','2023-09-22 23:30:18','2024-09-22 20:30:18'),('dc95a1aee7b7cb15daf79db7a6222e24f882905fc38d97b4b13f4069e62ef137ef1ecd2da6f64fd4',1001,1,NULL,'[]',0,'2023-09-22 00:21:25','2023-09-22 00:21:25','2024-09-21 21:21:25'),('dcbe0ed1c4da6f35d4db1b56e576c5cea91438343b514c1e8fdee437bb74a6c3b23e79a5a10c54de',1001,1,NULL,'[]',0,'2023-09-21 23:57:32','2023-09-21 23:57:32','2024-09-21 20:57:32'),('dcfd1b21c3b7bd6a0dc80a06db26b1612a788334bfe24481e4183b5c103b123512df836d4ee6f8f3',1001,1,NULL,'[]',0,'2023-09-22 21:36:09','2023-09-22 21:36:09','2024-09-22 18:36:09'),('dd1d2a1cbd664deab1b06b1b71395016f95fe7f26904bf8d59870e26e526742da508762a07c5949c',1041,1,NULL,'[]',0,'2023-10-17 00:16:01','2023-10-17 00:16:01','2024-10-16 21:16:01'),('dd4ce776eddb7d1be5e6bf350a513f75ba1c38af5e78e444ba7f0f2e4c60128ac9de6150bb3df450',1041,1,NULL,'[]',0,'2023-09-28 21:27:20','2023-09-28 21:27:20','2024-09-28 18:27:20'),('dd5daa8721ddbd36663e0c46e73ab79f8189a6c634e2ba0b85bdab422527c4d0dce706f6f17d59d3',1001,1,NULL,'[]',0,'2023-10-02 21:01:12','2023-10-02 21:01:12','2024-10-02 18:01:12'),('dd8b5ae807864e536e99f4f611bf33d7fa82a352d91ad29b7e7f39901b7c993ea37f33d71f411679',1041,1,NULL,'[]',0,'2023-10-02 22:45:46','2023-10-02 22:45:46','2024-10-02 19:45:46'),('ddb0e48b45ca53d960b7cb276a7af1b25e099e81447e9b1daf379882165e63e926cf409f370f8dea',1001,1,NULL,'[]',0,'2023-09-22 23:30:10','2023-09-22 23:30:10','2024-09-22 20:30:10'),('ddd44b1f16a6c82f9c636b88bc88332791fb7bd2870d0d3d89f6f907dcf791e59e85a67d8b32a64d',1001,1,NULL,'[]',0,'2023-09-22 00:18:47','2023-09-22 00:18:47','2024-09-21 21:18:47'),('de1d05e7c61ee35f91e8b364437baf8948761f88885e70360f46ae9d8aca71568dd2146c9eb92bab',1041,1,NULL,'[]',0,'2023-09-26 01:48:40','2023-09-26 01:48:40','2024-09-25 22:48:40'),('deac7670c0467c992db51b3a49eb94581418bb064f10ebecae6b55bbaa5c2e5b10c0e7a4a756d472',1041,1,NULL,'[]',0,'2023-09-26 01:48:33','2023-09-26 01:48:33','2024-09-25 22:48:33'),('df0024f9393d1b7ed93171d60fd843c82adf7ce3352b90fd35f8fa976e958ab134f1b888964a6cf7',1000,1,NULL,'[]',1,'2023-11-05 22:05:22','2023-11-05 22:05:22','2024-11-05 19:05:22'),('df9cb346b335bf3bd22357b2319a75c87bbc952ec3792558311975054817cbd2d239b14caf131e28',1001,1,NULL,'[]',0,'2023-09-22 00:25:58','2023-09-22 00:25:58','2024-09-21 21:25:58'),('dfc78750eea125746459bdfeea55afe505c4877481525739add2009c50f6f4d48e13506920adafc1',1001,1,NULL,'[]',0,'2023-09-22 21:46:03','2023-09-22 21:46:03','2024-09-22 18:46:03'),('e0dd448d815cca933ed5bcfffa78d0f3934d3c76d9e2d1d986bcfeb48ed7ddd5e41cdd8154481133',1001,1,NULL,'[]',0,'2023-09-22 21:34:38','2023-09-22 21:34:38','2024-09-22 18:34:38'),('e1cc24166619e5a4a85b499acf91ecf8819517b09feb3b7d33b799854caa5ca410eb600dc5061b36',1001,1,NULL,'[]',0,'2023-09-22 23:32:04','2023-09-22 23:32:04','2024-09-22 20:32:04'),('e29e50fafed0a497728d8292630ef9f101894e199abaceeb814868220ad475b643f139482a2f088a',1041,1,NULL,'[]',0,'2023-10-19 20:58:37','2023-10-19 20:58:37','2024-10-19 17:58:37'),('e32a7147e72651cd9cf82a9c3c22012fc6144a68648e318667bddd7cf248ba993a25aaca6543227f',1041,1,NULL,'[]',0,'2023-09-26 01:48:37','2023-09-26 01:48:37','2024-09-25 22:48:37'),('e36838b441e09e4efc29fd60a1a6b88eeb6aa87781cbcf73389400b5e771f1f79ea9768c4432b24f',1001,1,NULL,'[]',0,'2023-10-02 21:01:14','2023-10-02 21:01:14','2024-10-02 18:01:14'),('e48ea1e906957a9593dff04548b1c1bf288d3be1a71e53ae09d281e130a450dd5d3897c1f1b9b6ed',1001,1,NULL,'[]',0,'2023-09-22 21:46:06','2023-09-22 21:46:06','2024-09-22 18:46:06'),('e490b7fe562f7d5a95a38ecd8e001ed12e48ea4768f20db31c1fdf75226753b99ec848972780c356',1001,1,NULL,'[]',0,'2023-09-22 00:25:54','2023-09-22 00:25:54','2024-09-21 21:25:54'),('e50dc3f8451331f82a44e374e4f1a9ed3cd694f31344491eafe41456624f68dc07130184c16fcb49',1041,1,NULL,'[]',0,'2023-09-27 22:52:24','2023-09-27 22:52:24','2024-09-27 19:52:24'),('e514cbdd8a2c2efc59fd8b533a1d2263032fa0c0e7b41b832b7c27de08691f3494612d631086fb6e',1001,1,NULL,'[]',0,'2023-09-21 23:57:31','2023-09-21 23:57:31','2024-09-21 20:57:31'),('e530a41a8843b887e61e89d4fbb97cbabba3b3d77724e1c339b54e24e1ce9f73efc8885604b169fd',1041,1,NULL,'[]',0,'2023-10-17 00:16:02','2023-10-17 00:16:02','2024-10-16 21:16:02'),('e58b7afd86e0d0d66d1a0c3d9261e8dfaed866f104bd4d97d1e9c58ad5b2e7b39b5a1f7b48c24d0d',1001,1,NULL,'[]',0,'2023-10-02 21:07:06','2023-10-02 21:07:06','2024-10-02 18:07:06'),('e5cef72e745fe5d1326a80e1ca529a1990f83cdb6667be8efda81366f264ed76a67d9a628fba0f82',1001,1,NULL,'[]',0,'2023-09-21 08:04:05','2023-09-21 08:04:05','2024-09-21 05:04:05'),('e5ec70ac6abfa690109610cf9ad0bb4551c798fe5f043fd79661598136d35434956e9bb24c0fb178',1001,1,NULL,'[]',0,'2023-09-22 23:10:06','2023-09-22 23:10:06','2024-09-22 20:10:06'),('e63cd3779ecae5ef88a8fad5dcabe4bde5e551e8746854a5f8c3f4cd2b6b673b64ea8412f903e4ae',1001,1,NULL,'[]',0,'2023-09-22 21:39:51','2023-09-22 21:39:51','2024-09-22 18:39:51'),('e6443f28e17c7f4ab7f66e93958a3bb7be074c18aa3148264bcf36305c991bbbc3b731a1fe3a9439',1041,1,NULL,'[]',0,'2023-10-02 22:05:00','2023-10-02 22:05:00','2024-10-02 19:05:00'),('e68372881a5e6233a42eccd9c724e1ffbb11de7720991ab99ddca6e8e17c37afe1ba882546792ae7',1041,1,NULL,'[]',0,'2023-09-26 01:48:36','2023-09-26 01:48:36','2024-09-25 22:48:36'),('e7458ae46f67da1668ec73b3705c03061a190f59a87aeebfe2225a6b8f7d29ca871a50613850ec43',1041,1,NULL,'[]',0,'2023-09-26 01:50:16','2023-09-26 01:50:16','2024-09-25 22:50:16'),('e75b2eaadb9b208fcfab49a0d6468b6578c1a55091800e183e600aa0f617a04a2904aee572051649',1001,1,NULL,'[]',1,'2023-10-31 01:39:45','2023-10-31 01:39:45','2024-10-30 22:39:45'),('e75e1f6a8a1b8247bb1c7e8c92460968a6216e36151062cd8f910635125ac09000f00cb431ae9d74',1001,1,NULL,'[]',0,'2023-09-22 00:22:03','2023-09-22 00:22:03','2024-09-21 21:22:03'),('e773836ff12318a139beb0e6ef30234d4703fb8ac9d7ec7d2da3181d91f2ff20ac0a1b43ad136224',1041,1,NULL,'[]',1,'2023-10-08 20:50:10','2023-10-08 20:50:10','2024-10-08 17:50:10'),('e7b221feb2eab1b3666bf73e7020d581beb631484b646caa465b63edf9ebb40a70f3fffd2d58c5da',1001,1,NULL,'[]',0,'2023-09-22 00:21:27','2023-09-22 00:21:27','2024-09-21 21:21:27'),('e8226d27616298343291a49a9b159b8a53ce2249ce7067f09fcff2138548758c951c1d92d0aac944',1041,1,NULL,'[]',0,'2023-09-26 01:50:04','2023-09-26 01:50:04','2024-09-25 22:50:04'),('e84b5e053cb79e2e368f0230c3a8655724ab255ba6705ff85090266f7ca16d7dadfba23e1d43a546',1001,1,NULL,'[]',0,'2023-09-22 21:39:52','2023-09-22 21:39:52','2024-09-22 18:39:52'),('e88befdcff5f575e7a1fac10861ab32308822ae7fa2eb2c3a5365fe66b552fa60d2d3574b12710c9',1001,1,NULL,'[]',0,'2023-09-22 21:36:05','2023-09-22 21:36:05','2024-09-22 18:36:05'),('e8acf66d08ffe086ccbc12625cd7bbff21c8771836ae6955558b74e8305f3076305d828d58951a67',1001,1,NULL,'[]',0,'2023-09-22 00:25:54','2023-09-22 00:25:54','2024-09-21 21:25:54'),('e8daaab65f3262c953805d0eb8731ab552d252d5776a4b5a6f8615fe1851d88a053abee013818976',1041,1,NULL,'[]',0,'2023-10-02 22:04:56','2023-10-02 22:04:56','2024-10-02 19:04:56'),('e8edd4aa5098ecfe01e5ba3dce67671e0e0cfe62f0278b3e3d76f8f059bfe1aae7885b0dc525ac6f',1001,1,NULL,'[]',0,'2023-09-22 00:23:45','2023-09-22 00:23:45','2024-09-21 21:23:45'),('e98776682c3d7740a53de2619e2e5887a76490a2713b3609c87ef9cf72f8e86d51db95a7f5aea9ee',1041,1,NULL,'[]',0,'2023-10-10 20:53:00','2023-10-10 20:53:00','2024-10-10 17:53:00'),('e9d29dbadc154c1234a3c34c932d3d43e3fc7f6cdad574f7a0bd161952ee8ed63c87ba864e7199a1',1001,1,NULL,'[]',0,'2023-09-22 21:34:37','2023-09-22 21:34:37','2024-09-22 18:34:37'),('e9d772137217590ecb2c6958bf1660300de41294e47a6feafc07ace15c13f356f2486b96621ff9eb',1001,1,NULL,'[]',0,'2023-09-22 21:39:45','2023-09-22 21:39:45','2024-09-22 18:39:45'),('e9f2fc3f5c2123841fd709431b8ee90a158f18dcbd401dc7361e14b7ffc42098085cda741c375235',1001,1,NULL,'[]',0,'2023-09-22 00:18:45','2023-09-22 00:18:45','2024-09-21 21:18:45'),('ea18d0de6d2377b1504bc1ea06f4a16e80dd66c8f7efee5b03dea0b8faffbee77c5989b20330fb8f',1001,1,NULL,'[]',0,'2023-09-21 23:56:38','2023-09-21 23:56:38','2024-09-21 20:56:38'),('ea3abbb0fce40a326df345f9599d15ce23e4c94b1594ea36ae1cc3582ee3589f57a8e0f5c88285bb',1001,1,NULL,'[]',0,'2023-10-02 21:07:06','2023-10-02 21:07:06','2024-10-02 18:07:06'),('ea61e7e5f7b7efd9a99c864f9ad75fa9aab894f349dfa71a845cefc4533c1318d04ef6c64f671cf4',1001,1,NULL,'[]',0,'2023-10-02 21:01:15','2023-10-02 21:01:15','2024-10-02 18:01:15'),('eb0aa33ab466fe359b2d03f292849ace1a0bd94dacec6368b2ce9fcc91b2e04e0d9c2e35dfae9545',1041,1,NULL,'[]',1,'2023-10-09 00:47:33','2023-10-09 00:47:33','2024-10-08 21:47:33'),('ece297c0d050cad5d44a3e65e363a551958d22b008375fd6d04250576d4bb6e811b519b3a62fa403',1001,1,NULL,'[]',0,'2023-10-19 20:53:55','2023-10-19 20:53:55','2024-10-19 17:53:55'),('ed6764d7fb37b4d27d6bdc62c667faab46ec2192cde7d8530d908206050d45a225b7ecd804b30808',1001,1,NULL,'[]',0,'2023-09-22 23:32:05','2023-09-22 23:32:05','2024-09-22 20:32:05'),('edc5b84af4ce2c74954be1c73dbb9b567eb96a7655ce8b3407c6b779c8b117de14dbc4f345d71b2b',1000,1,NULL,'[]',1,'2023-11-06 04:21:17','2023-11-06 04:21:17','2024-11-06 01:21:17'),('ee4c4fc782e7b8d97c611408cd25731d21570ca78c25261ed110ff999d16562edf656685e70d4a88',1001,1,NULL,'[]',0,'2023-09-21 08:04:06','2023-09-21 08:04:06','2024-09-21 05:04:06'),('eed17abc21c2c66ac12459b197c88e7a4b21036d4e0f824d454cff24da65f044ae722e472d5cddce',1001,1,NULL,'[]',0,'2023-09-21 07:51:49','2023-09-21 07:51:49','2024-09-21 04:51:49'),('eedba17f42c8cdfaa9277f8e97efbaa86456308eeb7cf9834fe320aba3674a784d73a67b704b8c11',1001,1,NULL,'[]',0,'2023-10-02 21:07:07','2023-10-02 21:07:07','2024-10-02 18:07:07'),('eef5b180f21e0d6fe0768947ab4d6028d557bc8be199e349d1841472d949720f46e786388ddb4866',1001,1,NULL,'[]',0,'2023-09-21 07:51:49','2023-09-21 07:51:49','2024-09-21 04:51:49'),('ef03f994cfddfd46412dd49515855201fdc2cc9fe07af40fffe8559bfb9550176c1c576f0535e57d',1001,1,NULL,'[]',0,'2023-09-22 00:17:20','2023-09-22 00:17:20','2024-09-21 21:17:20'),('ef0de61b7877a19751b27f4b0f05018c55e822bc7d293af1c78026909fa4ca81f9d654322201e13a',1041,1,NULL,'[]',0,'2023-10-17 00:16:05','2023-10-17 00:16:05','2024-10-16 21:16:05'),('ef1cb080d47561361dda74bedae1b7b335897e65860b65c694ee15cc12ab3d94844502d995df68dc',1001,1,NULL,'[]',0,'2023-09-22 23:06:34','2023-09-22 23:06:34','2024-09-22 20:06:34'),('ef1d811b6f95d1855c3bf86e9125683e0170ffd5c7a8f531cbe8c573f0a3fff1ef400d6665716528',1001,1,NULL,'[]',0,'2023-09-21 20:45:00','2023-09-21 20:45:00','2024-09-21 17:45:00'),('ef1e19c0a0d4f3530aee557b1a91dcad26d97654b64e5541c597dbae2f71cfdf3cf6e500f6c5cc8d',1001,1,NULL,'[]',1,'2023-10-31 04:01:59','2023-10-31 04:01:59','2024-10-31 01:01:59'),('ef7427f52baf928b7413df78fd664971de534f4dc4b4875814dbe022c83e64fd54cd8f818af89490',1001,1,NULL,'[]',0,'2023-10-02 21:07:09','2023-10-02 21:07:09','2024-10-02 18:07:09'),('efb4754f81fd429d955bb9c47d5f1c5f51d209f50fde832a3f255bbf7567b4dc8cd1da6c1405fe2f',1041,1,NULL,'[]',0,'2023-09-26 01:50:00','2023-09-26 01:50:00','2024-09-25 22:50:00'),('efdf072e3c5fe2a91f3fe7998e9e194d583543931df138ffb582f585fbe1fd7b205d20f8e04d4fcb',1041,1,NULL,'[]',0,'2023-09-27 22:18:49','2023-09-27 22:18:49','2024-09-27 19:18:49'),('f02da7ba10c0782beb1bcd9b46787eac50eac13be881dd610faffdaa9ebae827499df52f77a97f7d',1001,1,NULL,'[]',0,'2023-09-21 20:45:01','2023-09-21 20:45:01','2024-09-21 17:45:01'),('f064b82f67014cad42f4fc33ed5e554b21f4e105524a722ca8ddd338b83ffb691307d5b2d2f36608',1041,1,NULL,'[]',1,'2023-09-28 22:25:47','2023-09-28 22:25:47','2024-09-28 19:25:47'),('f0727fd158fd969b177c6bb4daa3a811ce2db4ad6033f6b0a34198b8641a6a9b97dce8c34693066e',1001,1,NULL,'[]',0,'2023-09-22 21:46:10','2023-09-22 21:46:10','2024-09-22 18:46:10'),('f1726c92ee9d7ad6253aa9bcde11db9cd85e97057cbd8c8d3e9437cafb53abd19fb69f173ef46f87',1041,1,NULL,'[]',0,'2023-10-02 22:53:35','2023-10-02 22:53:35','2024-10-02 19:53:35'),('f17b34c63c3bf248d3ff55956b6cc7aea7d0e1679ee4ed0b8c2f387478a57838dfd1ac28d3e056bc',1041,1,NULL,'[]',0,'2023-10-17 00:15:55','2023-10-17 00:15:55','2024-10-16 21:15:55'),('f17fa516681ea68d616e86d20e0641e99893b49a67ee153d684a45250c05c101d5a313603e322edb',1001,1,NULL,'[]',0,'2023-09-22 23:32:07','2023-09-22 23:32:07','2024-09-22 20:32:07'),('f1c8b4e6cea2dac01b639054a4ab994bf450cdf493189de52b88d3a9c79daf8edb3b082d85ce98b5',1001,1,NULL,'[]',0,'2023-09-22 21:46:08','2023-09-22 21:46:08','2024-09-22 18:46:08'),('f1d319e1f9a6fd3f25c5ee08355b5b832ed9ca07943202d01fbd188b4a211965fc766a8daa1df826',1000,1,NULL,'[]',1,'2023-11-06 03:26:06','2023-11-06 03:26:06','2024-11-06 00:26:06'),('f2cb55712e395ca0f98897d267ce42b88062af33390923bbc815ee11775b94a5c862a126ed26f985',1001,1,NULL,'[]',0,'2023-09-22 00:21:24','2023-09-22 00:21:24','2024-09-21 21:21:24'),('f43dbd80b3105538427b0c21f20f60a3af1e3979c3e13a843310d58deef86cedea07945d654c9b06',1041,1,NULL,'[]',0,'2023-09-26 01:48:31','2023-09-26 01:48:31','2024-09-25 22:48:31'),('f50a8217b25a735d29e6a59d7bfb2e6384c2e441feb3faf24681fc4a991273756b5a144202d49f17',1041,1,NULL,'[]',1,'2023-10-09 22:14:00','2023-10-09 22:14:00','2024-10-09 19:14:00'),('f50be84cf93ac49f58dbd55cfe96e7b5b72795ed02b5463b4975ce47eb97281761eaaaa775bf6e25',1001,1,NULL,'[]',0,'2023-09-22 23:32:03','2023-09-22 23:32:03','2024-09-22 20:32:03'),('f56908bfa6f0c5a6e08bcc53b5baa3e79a6cb262d41d2167f7736e59440ef6fd7bc02b41adbb5ba7',1001,1,NULL,'[]',0,'2023-09-22 00:20:23','2023-09-22 00:20:23','2024-09-21 21:20:23'),('f5859ff0adf1917a4f3a27586d68af733b86fb81b465fa5f909b573367b0f7fc3554ec6485cb3212',1041,1,NULL,'[]',0,'2023-10-02 22:45:48','2023-10-02 22:45:48','2024-10-02 19:45:48'),('f5ce56344a06be2db6b8c0832bd06db176431b0ca79ac059e16957eb3c0ee1ee8c628deaaeccd0f5',1001,1,NULL,'[]',0,'2023-09-21 08:15:11','2023-09-21 08:15:11','2024-09-21 05:15:11'),('f5d07c98b2e11f1d6a564da15fcf5cdec6e41345e58175fbda7b1fbc34d5a1743e258a2c71246a3f',1001,1,NULL,'[]',0,'2023-09-22 21:34:36','2023-09-22 21:34:36','2024-09-22 18:34:36'),('f6c6572415f84572849ed8542cf8f11e7f86d97160f140b99d99f7e0e4d025c6d2de45e09fe0fe90',1001,1,NULL,'[]',0,'2023-09-22 00:21:28','2023-09-22 00:21:28','2024-09-21 21:21:28'),('f751491e08e21784f89c6fcddc47cfce2c61c2e3f83d640278016a1ee4d5c27fd76c1f7db4d20a50',1001,1,NULL,'[]',0,'2023-09-22 00:23:50','2023-09-22 00:23:50','2024-09-21 21:23:50'),('f7f9e3390a320324459d1d56e371dd41d177098f0e41853cda97ba6298ee74773075a9204bcec2df',1001,1,NULL,'[]',0,'2023-09-21 23:57:32','2023-09-21 23:57:32','2024-09-21 20:57:32'),('f804d6cf8bfcf0b79a94c7fd48991253afb9e7a5c70d5d4393c393dfb45ddbb3543397fcdebbb5de',1001,1,NULL,'[]',0,'2023-09-22 00:22:55','2023-09-22 00:22:55','2024-09-21 21:22:55'),('f81dcb123f102c18a2f6340ad59041219fac3948121313aa20fc23e6ff1c71cd923f1a543eb7b37f',1001,1,NULL,'[]',0,'2023-09-21 20:42:32','2023-09-21 20:42:32','2024-09-21 17:42:32'),('f87f8f2f4d1163e503961da33f2459a7d3727964986f6f1a7d4f57e5998f62fb285dd36417a0f583',1001,1,NULL,'[]',0,'2023-09-21 08:04:04','2023-09-21 08:04:04','2024-09-21 05:04:04'),('fa023c23300d24c78f04d13675c8b7bb3715b4950e6ca55d7da602b1c3100a68c72842c9eb5958e5',1041,1,NULL,'[]',1,'2023-09-28 00:16:54','2023-09-28 00:16:54','2024-09-27 21:16:54'),('fa163ef7f92eb361ce61ccad2b7016a04d5828763f6219a174176b7acab437e9de1904aa270537d8',1041,1,NULL,'[]',0,'2023-10-02 22:53:38','2023-10-02 22:53:38','2024-10-02 19:53:38'),('fa6295bb6eee7594c4343155efcdc0146a0b1e1242c715fb980b9daaeafafd12a97bc747fcc1dabb',1001,1,NULL,'[]',0,'2023-09-22 21:39:52','2023-09-22 21:39:52','2024-09-22 18:39:52'),('faa66e14b4d96437428366b0345242990c15bf98fe328cbd12249de0618370143645fe447521b47b',1041,1,NULL,'[]',1,'2023-10-19 20:41:39','2023-10-19 20:41:39','2024-10-19 17:41:39'),('fb25456b150303c23c79fdc8a8bf37ddf72dbe33f2d33dc99326ca18f7ccabbefcc46bd3f3a41e92',1041,1,NULL,'[]',0,'2023-09-26 01:50:06','2023-09-26 01:50:06','2024-09-25 22:50:06'),('fb3328a3e221f00eb0581876c3c602a81b11124bf1e96ea009ad3d128c2b09b5c41ed9cf82a5f440',1041,1,NULL,'[]',0,'2023-10-17 00:12:27','2023-10-17 00:12:27','2024-10-16 21:12:27'),('fb42a137d83067da3c9fe136325c70173d87f530816d6bf287eadbd9e6844a5f9e09cbeeff19c7c6',1001,1,NULL,'[]',0,'2023-09-22 00:26:01','2023-09-22 00:26:01','2024-09-21 21:26:01'),('fb4905e09fd1777ec49baf207f7dfbedc2081d9b9ce813cebbccde39feaa0886083928860300425e',1041,1,NULL,'[]',0,'2023-09-26 01:48:28','2023-09-26 01:48:28','2024-09-25 22:48:28'),('fb6475c2140092759198fe478925f4965263f3ae7b96f89f57bf69b47d0ae28d55d9d955539a86c4',1001,1,NULL,'[]',0,'2023-10-02 21:07:09','2023-10-02 21:07:09','2024-10-02 18:07:09'),('fc866fabac27e01e7d12e67003d7ece4898ccf70a05ccb7a25a364f0915128496c517aea622191c3',1001,1,NULL,'[]',1,'2023-10-31 02:13:23','2023-10-31 02:13:23','2024-10-30 23:13:23'),('fce37d5d498e10ff9b99884e62003437cc1e25161e089b1b97c37cea41a8d855ca2c8a731ca71e98',1001,1,NULL,'[]',0,'2023-09-22 00:18:48','2023-09-22 00:18:48','2024-09-21 21:18:48'),('fcf4ca9f5f107bcda13c77125cc2eb286016067a94a02e13fc9f8d71b89dd23bbcaa287479c2624b',1001,1,NULL,'[]',0,'2023-09-22 23:06:33','2023-09-22 23:06:33','2024-09-22 20:06:33'),('fd14cc03cd7d94999d001833c2b2e357f93aaf4db166302b9386664ff6ccf57450b82376d8d28756',1001,1,NULL,'[]',0,'2023-09-19 23:17:31','2023-09-19 23:17:31','2024-09-19 20:17:31'),('fe37d38fda723ae707bd06b3278d8d20dc27c9472d2051bf09842709027734c94be08e2640cbbde6',1001,1,NULL,'[]',0,'2023-09-21 20:42:33','2023-09-21 20:42:33','2024-09-21 17:42:33'),('fe4f07cac6e71551bf0bb2cefe9813552d2fa4759ad07c2eea4e61d442d1396098262acf64f65602',1001,1,NULL,'[]',0,'2023-09-21 23:57:31','2023-09-21 23:57:31','2024-09-21 20:57:31'),('fea5fda13493936ff026b288d6738f4d830e900ab01f4cc8c1d17dbfae3a346c95230e97f9a81fa1',1041,1,NULL,'[]',1,'2023-10-05 22:08:10','2023-10-05 22:08:10','2024-10-05 19:08:10'),('feb00ddcbcf9d6c99f4ca3ffc10d911160f215dbc867a9eff61bc5b2b8582b07168fac2e4e7052fb',1001,1,NULL,'[]',0,'2023-10-02 21:52:12','2023-10-02 21:52:12','2024-10-02 18:52:12'),('febf054d08e401922d0793646d73f020920519b748b1567ced0bbecf73a56540af21af87dfe75edb',1001,1,NULL,'[]',1,'2023-10-31 01:51:04','2023-10-31 01:51:04','2024-10-30 22:51:04'),('fec3375cb3d527d37a684dd4c70dde9af1e4a4b322ae4810a99e03442ed30d42d02cd344f05405a9',1001,1,NULL,'[]',0,'2023-09-21 20:44:59','2023-09-21 20:44:59','2024-09-21 17:44:59'),('ff33053759abb65c9668b762665bdb295e80ad82f61cdd8da371a1da213e395c0757994d9e5c6b75',1001,1,NULL,'[]',1,'2023-10-09 21:22:25','2023-10-09 21:22:25','2024-10-09 18:22:25'),('ff464ccdf76ec903c6d660ff138bb9c426fedae341eca936439e92d9dae710f1975c6498236f5187',1001,1,NULL,'[]',0,'2023-09-22 00:21:25','2023-09-22 00:21:25','2024-09-21 21:21:25'),('ffb8a60c5df753ba5f330f3050a5cd09ba3326709eda1f3efd7e6f0955ddb379cc235329525dcfe1',1001,1,NULL,'[]',1,'2023-10-31 21:21:10','2023-10-31 21:21:10','2024-10-31 18:21:10'),('ffe72dd9dd6a385b380031bdb1161b65b9835d2e2fa834e361ec0158029f91666a605f5ff8382567',1041,1,NULL,'[]',1,'2023-10-09 01:00:09','2023-10-09 01:00:09','2024-10-08 22:00:09');
/*!40000 ALTER TABLE `oauth_access_tokens` ENABLE KEYS */;
UNLOCK TABLES;

--
-- Table structure for table `oauth_auth_codes`
--

DROP TABLE IF EXISTS `oauth_auth_codes`;
/*!40101 SET @saved_cs_client     = @@character_set_client */;
/*!40101 SET character_set_client = utf8 */;
CREATE TABLE `oauth_auth_codes` (
  `id` varchar(100) NOT NULL,
  `user_id` bigint(20) unsigned NOT NULL,
  `client_id` bigint(20) unsigned NOT NULL,
  `scopes` text DEFAULT NULL,
  `revoked` tinyint(1) NOT NULL,
  `expires_at` datetime DEFAULT NULL,
  PRIMARY KEY (`id`),
  KEY `oauth_auth_codes_user_id_index` (`user_id`)
) ENGINE=InnoDB DEFAULT CHARSET=utf8mb4 COLLATE=utf8mb4_unicode_ci;
/*!40101 SET character_set_client = @saved_cs_client */;

--
-- Dumping data for table `oauth_auth_codes`
--

LOCK TABLES `oauth_auth_codes` WRITE;
/*!40000 ALTER TABLE `oauth_auth_codes` DISABLE KEYS */;
/*!40000 ALTER TABLE `oauth_auth_codes` ENABLE KEYS */;
UNLOCK TABLES;

--
-- Table structure for table `oauth_clients`
--

DROP TABLE IF EXISTS `oauth_clients`;
/*!40101 SET @saved_cs_client     = @@character_set_client */;
/*!40101 SET character_set_client = utf8 */;
CREATE TABLE `oauth_clients` (
  `id` bigint(20) unsigned NOT NULL AUTO_INCREMENT,
  `user_id` bigint(20) unsigned DEFAULT NULL,
  `name` varchar(255) NOT NULL,
  `secret` varchar(100) DEFAULT NULL,
  `provider` varchar(255) DEFAULT NULL,
  `redirect` text NOT NULL,
  `personal_access_client` tinyint(1) NOT NULL,
  `password_client` tinyint(1) NOT NULL,
  `revoked` tinyint(1) NOT NULL,
  `created_at` timestamp NULL DEFAULT NULL,
  `updated_at` timestamp NULL DEFAULT NULL,
  PRIMARY KEY (`id`),
  KEY `oauth_clients_user_id_index` (`user_id`)
) ENGINE=InnoDB AUTO_INCREMENT=2 DEFAULT CHARSET=utf8mb4 COLLATE=utf8mb4_unicode_ci;
/*!40101 SET character_set_client = @saved_cs_client */;

--
-- Dumping data for table `oauth_clients`
--

LOCK TABLES `oauth_clients` WRITE;
/*!40000 ALTER TABLE `oauth_clients` DISABLE KEYS */;
INSERT INTO `oauth_clients` VALUES (1,NULL,'Laravel Password Grant Client','x21mzlq0ijQMy6IewvJcp5X9pzxjo79rfrldaboD','users','http://localhost',0,1,0,'2023-08-22 22:31:59','2023-08-22 22:31:59');
/*!40000 ALTER TABLE `oauth_clients` ENABLE KEYS */;
UNLOCK TABLES;

--
-- Table structure for table `oauth_personal_access_clients`
--

DROP TABLE IF EXISTS `oauth_personal_access_clients`;
/*!40101 SET @saved_cs_client     = @@character_set_client */;
/*!40101 SET character_set_client = utf8 */;
CREATE TABLE `oauth_personal_access_clients` (
  `id` bigint(20) unsigned NOT NULL AUTO_INCREMENT,
  `client_id` bigint(20) unsigned NOT NULL,
  `created_at` timestamp NULL DEFAULT NULL,
  `updated_at` timestamp NULL DEFAULT NULL,
  PRIMARY KEY (`id`)
) ENGINE=InnoDB DEFAULT CHARSET=utf8mb4 COLLATE=utf8mb4_unicode_ci;
/*!40101 SET character_set_client = @saved_cs_client */;

--
-- Dumping data for table `oauth_personal_access_clients`
--

LOCK TABLES `oauth_personal_access_clients` WRITE;
/*!40000 ALTER TABLE `oauth_personal_access_clients` DISABLE KEYS */;
/*!40000 ALTER TABLE `oauth_personal_access_clients` ENABLE KEYS */;
UNLOCK TABLES;

--
-- Table structure for table `oauth_refresh_tokens`
--

DROP TABLE IF EXISTS `oauth_refresh_tokens`;
/*!40101 SET @saved_cs_client     = @@character_set_client */;
/*!40101 SET character_set_client = utf8 */;
CREATE TABLE `oauth_refresh_tokens` (
  `id` varchar(100) NOT NULL,
  `access_token_id` varchar(100) NOT NULL,
  `revoked` tinyint(1) NOT NULL,
  `expires_at` datetime DEFAULT NULL,
  PRIMARY KEY (`id`),
  KEY `oauth_refresh_tokens_access_token_id_index` (`access_token_id`)
) ENGINE=InnoDB DEFAULT CHARSET=utf8mb4 COLLATE=utf8mb4_unicode_ci;
/*!40101 SET character_set_client = @saved_cs_client */;

--
-- Dumping data for table `oauth_refresh_tokens`
--

LOCK TABLES `oauth_refresh_tokens` WRITE;
/*!40000 ALTER TABLE `oauth_refresh_tokens` DISABLE KEYS */;
INSERT INTO `oauth_refresh_tokens` VALUES ('0029b702b9fd75aece9e23b0b2eae0a5c8fa8f10d4c450bc923f1992156dc0d38116a05156afd434','9e3dfa1f3c2df59ea8bf788b3c2434c5c453b47c0c78549bea792c8d672a3134eae096b10f5bffb8',0,'2024-09-21 03:50:30'),('008b465fed0a22461af4e79194c89c818db56942bc72d5cb657470304995fbf7672831264532de37','fd14cc03cd7d94999d001833c2b2e357f93aaf4db166302b9386664ff6ccf57450b82376d8d28756',0,'2024-09-19 20:17:31'),('00b9223fc2f31dadecffce41c19d1a35affb4fe2360ac247a65038688a5e1a922e7ae68c39995017','d83e393375e3af45897edfa0abb638e1dbb4e0d3af20d2592f745b93bdb69d5ba80003a240cd1b8a',0,'2024-10-02 18:01:13'),('01ab0ae3a2fd70cfa145203383703e9517690a46612e40f5a0349cfe8688e329facbf25aa1d7287b','f064b82f67014cad42f4fc33ed5e554b21f4e105524a722ca8ddd338b83ffb691307d5b2d2f36608',0,'2024-09-28 19:25:47'),('0231fc7f515067024f075baa8b423f558f80db7e13c5161f27a75ce331c19d0a586dff86b8015131','a5751617c434e023e219422779dd6f098fdae1537f844261a98a9e1144a0739acc1845e2386bbdbe',0,'2024-09-22 20:30:21'),('02891b984640ccf3ffb43cde5b26828bf005cc0ae279923c59560246e2e3bc6bfd51986529c1f996','0b29ee385c4efc1d2b80cd6de7ee8d31f3c82af1558feea299e51baac7a612ac7058efe7056645e1',0,'2024-09-27 22:25:55'),('035b8eb8393484d3354736a5e0e11610642212fd58530a2b6ab679a6bfdcb574315c781fe4551fdd','348c373efe505a9ac3e09b064dc6c110bf1e0db1814ff3dd27620428a9aa7d3143b13391e8de4e67',0,'2024-10-02 19:45:43'),('03d945383e33d6d8aa4f78c569b5d50b45134e46b6836ad65ef17811487087e32afc47ec96b18a74','77d600646156d7a79affa5f8c47d24abfa3417b2588c887a848551f496ae900570207ea0e108c168',0,'2024-09-21 17:46:06'),('03eb753ade7a5cb352402655e332e42020a5d6a2af3b521784e87761b476c8584b111d8d74e9ca42','9277061809b9b3a946890a88abb1a20f9d52f65bda84cb3c5506793fa9e4552d2d5261364578b4fc',0,'2024-09-22 18:39:49'),('045726cab328b6b17f99082fb9909f947c7cbf69b96bc5c61b4c410f0f979c1a1e7c6b15ffefe0aa','884ca295e183ee8aa43f4bcc2596fc6bb5d71b4e6e33fa5915312d7430ac1a5f3f3f6e5e284d7ceb',0,'2024-09-21 21:19:26'),('045b1130787471e967a27ae6c963dc7e600e4ef44c14db9219528e0e892656d153303ab361695123','5c978123b318d58d3a1d1750d794508419a06a5f62791d3e891baf073791087c1607f8c4758d5495',0,'2024-11-02 21:13:39'),('0470da46a03514e431a775d89290c2a5f22e537befc5685ca0dc12f5cd30d998ad849106bdd9c90c','acec3dfe2bb4a78d9af98825d1d9777bce55cd2a3ad4deb0b2c7319ad82a17116bd1bb547e610744',0,'2024-10-30 22:31:16'),('05289ce585e85eb39c7c0d94bdb1ecb9ca76db91b6e0143606efa4c0f73e1fa8c189de8b6505461b','18c665a3831bce4d70b66af3bcb7d8c563dfefed221f528ee0c0f79cd7cf36db3eab8fd759bd9c64',0,'2024-10-08 21:59:39'),('053d9c4e0f5d6ea8a08dd1b756ca01be859314099631df76396469dcc1787e2ba8395e27f3dbcfb7','a84eb3d7aa5869dca7fb82b3fb6dd1fffec91d62ded719ab891d29650df0789ac402f454c930cc55',0,'2024-09-22 18:36:01'),('056b8ac44e80217ccb473fcab16cb19f2bfa22ef5d18c1fc1951a03eb7ed016124dacacf6fc3c3f3','62094de658b449a6863d1251226d1c9bd0032c0e52a3bc38cbba328a050062908bb7fbc8d8b2eaba',0,'2024-09-21 21:22:59'),('06d036659a79c44c994ae47f7ad46da6e7092c5fd79b69fb6258b931732776468eb7f1f87186efa8','d0a3fe4550e672e43275fecbb41eea6f730d0cbe32e23c126a8db0c6447dbf3a9494d49399d3c7f7',0,'2024-11-06 00:34:43'),('070550d14d3cedaa5b4ad9bdb7f161d41cc19c9424744fe2f1cce022d8ee4856322bac45382535f7','22df1bad850dce249544b2a3a199c850298570115b6740b5390b5a171924ac20e992fa6e2520d299',0,'2024-09-21 04:51:51'),('07140e9bc4f8a7338865f374a932bc78272a52e718b7ee816bafa11107490a37bb9e3ffc74e96363','57bd2b6735fd26240b3dbcf56b1ff3480d13cad6f2186d3af2c05cd1082d08db9fc4b595633ffccc',0,'2024-09-22 18:39:51'),('0730305816f3d67537d616458acd19aa6468fba774a92a67f78e930a4e66fb0b816105ade4fea146','ca8a6baf63fcf08e343d702ceeb0ad888674edbd99b0845ae6d006dc5eafe9cc2363e5f56c3a0c5f',0,'2024-09-21 21:26:00'),('0740892817258bd0291d2621182fa15cd2addedb9c8a34dd8def3c8ad9bdf1421b667832f74f3e36','e84b5e053cb79e2e368f0230c3a8655724ab255ba6705ff85090266f7ca16d7dadfba23e1d43a546',0,'2024-09-22 18:39:52'),('074c4818a0f2324134f8ca77109b4b53077ce47f39121e2720643901f1b5ad074ced308b4e323d02','b4bcfe01cb6fc306fa9eb1f5cdeafeba9f300e02addbc16603ebdeb93667f23fafd83456575e7423',0,'2024-10-22 18:48:42'),('07794dbfd5f9a477d2a1f641ce3b81deeb2cb461ff4f08cd51138272050c7a2a03cf6ab3c866dc0a','fa6295bb6eee7594c4343155efcdc0146a0b1e1242c715fb980b9daaeafafd12a97bc747fcc1dabb',0,'2024-09-22 18:39:52'),('077f7f187dcf20ec60b77bab99b6da5b56059dedc5e70a7a8d3c236e777a73fba67f018eb686b61a','3248be533948151c238211409cc93d1eed8e773d4a23cf73e29693bbf342c1903d48a5630789bd3b',0,'2024-09-22 20:10:15'),('07ef8120aff5de800fba1592c8b7aa63a242889557662c219596138824305e937694a538c7508fd0','79bedce1097ae5c2ca8c3b84be9a82a687e17311ea608f41d041e59759ce2a5d94e11f82f4bf56cb',0,'2024-09-21 21:22:02'),('085d69cac78fadfdf286ec099afdbee10459327c42c4acc1cc4d64595a7c3f4fcd8181f64f248155','8147deab301698fec9e23366eb604f40d1dc289f5541dbb1e0ac770258711272298e1a9122cd725c',0,'2024-10-02 19:45:50'),('08ee74cac9a1ac8be652c3d8773dfd23da36f6cece9f2d870893c74ded8f8e0bd3518bb58d270d3c','7c25d0323fcc9d20427753b5fb1fccb07044bd419bb1ac1ead9763f157329420caa8494f4d15776e',0,'2024-10-02 19:53:32'),('0905e76fe24f60dd9d650b7f4a69324b5299d6297cf4439541e414eee59c44e294f2c60871cd268a','ce568b1dda2ba46009a6ff251de65607b9a3e768f7bc9d63efc6324595d168d9bff770fd3595c4fa',0,'2024-09-22 18:39:48'),('09196affbd8382f935881dd2bc2802809ec272bd28192ac4f3e391b86d52c086a6e0c1bdca7ea353','c0ce32098ac960187e9de17879a3a3917632900350e9e7de64f84b1ba9ebf7679c23dcbb3fd455c8',0,'2024-10-02 19:05:10'),('09c9fd054f04e6cf3b92cc9a1dccc1ec950261170c8d34e3f1ac0d47dd1accb2ab8b42732547b183','7a1e30872786e931f917d78d2133cfdd8ba1e82ea5aa0845d6d2de21ee1e83d239ed512d8d351107',0,'2024-10-02 18:52:16'),('09e76638e369bd2ceb260ae88fc9ae58bc59cf922b34dd85cfdeaf3c3c0a9ca05dd61fd956ae4e16','424e1cdcc1ea5415f38774aaa5873c45c3b7fff7283e9b0f7a451d4553e6a037f62945902dc8ae61',0,'2024-10-16 21:15:55'),('0a6200b4f798baab8f71cc860bcf20f2f7419245190cb811969a5e66b7e61d7f39ac13e039bb28ad','f751491e08e21784f89c6fcddc47cfce2c61c2e3f83d640278016a1ee4d5c27fd76c1f7db4d20a50',0,'2024-09-21 21:23:50'),('0b0f78e6bd9f1c56739133e12d6f5628c1bc109176cd1cc9a35512d5585c8c6e24a6a9dd0a26a903','c132f5182b77981f67df45bf5b8d5b076631cc44351746c2c5fc5e869e0f12d7b06799a541c72477',0,'2024-09-21 21:23:44'),('0b99c55c87fe5586b0cac23e5637ff9011921d279e601e88404033f6eb0a5585a15c4658a647a3d0','3d6a3e79b4ec6db257b3bbdcf6bfe2bcbbe41dde7af77565cd5de1257a5253225accc89b45eaf4af',0,'2024-10-22 23:16:32'),('0ba4a8268a4b5a176ab1bd8c637ef25d346bbfd8bda6d7c180e4728827a54bd3dd804c9c130564b1','9b5403d48660229413c1178c02425fe80ff17f4d2423a9286af71065c0ae9ea360fa24fef3bf94b9',0,'2024-09-21 17:42:31'),('0c64e43d5080d6725ed8afe7aab350ed3a822b853956b33cfa2dac98e221b8ed6ed881903e1f21a8','c70532ff7bff4b313bdd8f59ab4dbde2f94d60b95b5f6295cba179fbb881f1e7b7201097f7bcb9e2',0,'2024-10-02 19:04:59'),('0d21c953b8c54e2a86d9d10726a59af789b357896fd189feb951d4c43a6634b5833e3a4c209f44c1','c503f2ee26dd0a106ad0cd93c54e2a154dd47aaf0235fbddb73b055b0657f3b578bd91ec6da39308',0,'2024-09-22 20:10:11'),('0d72235d44440ff014b6a2d5ab29c10e679ea755cf341c0f74aad7020ad4e4e1f4976c4fed14bfd6','357e14c08134491e1ed50f431d5624a78fd713851e4827dd689646c270467756e47009d67ddcbb9d',0,'2024-09-25 22:48:28'),('0ddb9709268c2446a7b6d6db4986692fbeab5936c832528d2fa635a3782012170b64e8843b005adb','6abd0328bd4178502b5cd7cfc4c0ece094a904084b29868549d73328d2e8f2a3a1b3c8e351869a5d',0,'2024-09-22 20:32:05'),('0df82a6446eddf870d63d3d058741275a255ef3fd0db61b89abd7fb4c83ae2d0c226b272d04a66fc','91e2a7690b698f422cb698e992083a632c8dfceb4a71e27ab5b06d50fe3bd774d307687284411db4',0,'2024-09-21 21:25:55'),('0dff354ead28c6336964ae9f034187194cd02ba32d73bf0c45569c500f2f520c97658284ccde62f4','fa163ef7f92eb361ce61ccad2b7016a04d5828763f6219a174176b7acab437e9de1904aa270537d8',0,'2024-10-02 19:53:38'),('0e2f20fc00640faf0ef3df07622c8213ea18af31d9e12c4feb3ffc5b7a59884057d4eeee756d6ce1','04b379b7c05acfc24525a699bf954d4ede085ad99f15b05b748bd75ccaf22a41e2e70daa7248b1ad',0,'2024-10-02 18:07:10'),('0e39610e9abd47eab7f4ba10fb7398c02d71b4aa6d8d23218bbf9de9a656d550fae9933361f17a08','f1726c92ee9d7ad6253aa9bcde11db9cd85e97057cbd8c8d3e9437cafb53abd19fb69f173ef46f87',0,'2024-10-02 19:53:35'),('0e9c722705e624cf3bbf5256c3816a5263058e4fb6692682babb7ad6fcaed720fc778563f1043648','e88befdcff5f575e7a1fac10861ab32308822ae7fa2eb2c3a5365fe66b552fa60d2d3574b12710c9',0,'2024-09-22 18:36:05'),('0fc0298823123987e0836dd9b42ba6535666bf90fe400a5c2ae4cc02eb897b4a5a1049b5372897de','d3bb98d106d6b0ce83acc11c8646bade647a6051a45048f7020367ee473b34f19c466a2af834baf9',0,'2024-09-21 04:51:53'),('0fc478f0a9d21733418943d1e6e95d98bccfcde3e1272dbb19d9f7f3cc4866e18f442ae05619d879','21825eb086d4ad42667a94fdff789e7b1e43c9dfc5558e196296f47e7e869f6fe938e7ac8913bfdb',0,'2024-09-22 18:46:08'),('0ff29bac556667e8641b261cf5f5a53a14a0d5d30b303f47a81cc13d96387ce5ed1de2ceec3fde64','feb00ddcbcf9d6c99f4ca3ffc10d911160f215dbc867a9eff61bc5b2b8582b07168fac2e4e7052fb',0,'2024-10-02 18:52:12'),('1004530cd51342fb07f09e4980e1d12886f2065fd5d24da23deed71e4faf2a160b81fdb1407d59d7','4c271aff964b3c243f761ca5efa85d235d8df5b8b5ea0a1feb473a46207da134dc03dead7dc9f0fe',0,'2024-09-22 20:30:17'),('1030a08a1935bbf00bc68a8614a8184c7eb50cce870f26a07f462229b043da8bd7122a6ce1e740ec','f17fa516681ea68d616e86d20e0641e99893b49a67ee153d684a45250c05c101d5a313603e322edb',0,'2024-09-22 20:32:07'),('1096811d7aa10e09fd24be080ea20048a12be123746c5927f55a29ec3d7090741f3ab37a036571c8','e98776682c3d7740a53de2619e2e5887a76490a2713b3609c87ef9cf72f8e86d51db95a7f5aea9ee',0,'2024-10-10 17:53:00'),('1197741c04a102349b554f10297068dd82d0864b46ad3ca8f8c4b885475531c6a5e2efec824b249c','705c40b868efe06681b2ef021365fe7360b3c955fa0c062c769702e816c65f8b6f435fe7dd325716',0,'2024-09-25 22:48:29'),('124bc179c393e8d8f8e74c473b5f604542d9a15c416ead24656373e44bdb3fd2ea0db19504b6db65','3ad8649f43572b9f93b23371dbee85ef3aa3cf740149e094ee51a306ffe5750c3e53834039948dba',0,'2024-09-21 21:23:29'),('12ab6c14fc1e485064f9922e66ecea12f34a6bdfae34aacda387b21a72098dc10346038774bfc25d','6bde655b27e578627adabdb9ac6a9aa09b62db31c54f29f19976166bc9354f6c4cbdd8491c2dee00',0,'2024-09-25 22:50:05'),('130949e2360cb56c5c7a6c18b4ba9c83a9ed393ac660db489eed8565e8c79eaa31b8902e17213e29','102489ff0c70f15f8be2817a2c9be21b8553c302f2f6d7e50694b909478e3f3399b9556cde48a556',0,'2024-09-22 18:36:03'),('13abd70d9a3b9640a1bef5a91ced85bfa59e3e9075d566d4cdcf3901a0ab53b54686b1e74731b34c','d6fcb07efc3a82f9c1b824b513efc320b3185dfc80bd940e9e81642f6be0b4d1b891c116c2bab312',0,'2024-09-21 21:25:53'),('13cd4bd4844ac26074ad92621e024d01bd42118fc14179f534669b2f7b24be7b320f447eacf72bcd','e8acf66d08ffe086ccbc12625cd7bbff21c8771836ae6955558b74e8305f3076305d828d58951a67',0,'2024-09-21 21:25:54'),('141fd65d6148ec4a5827de76e3b764ccd9b78b8e04379debca96113d451c4c9e117e82ab90378f54','65efbfa64eadef5f66a5ce78ad9df0ffbc8c375714540d22f3615f42a74e133a72827a7838fe4b7e',0,'2024-09-21 05:15:46'),('149bd1c952225ab2ba6c6e324dc6f74e977c641ecdee46e572c8674da47e8423c1e8ba682b033b98','ccd037e7ba39a6e0f3660b3abac00f6b09eaceb7dd90e529296f664d59cfdce32cab9a79756e2537',0,'2024-09-21 20:58:27'),('14d5f5c39dca047a6088ce66dd26fc134049866824c8b10f5a179c8c7adcd0ea1ccc6de2e22ceb49','21467ce98a7a2ceda7fb2a78c2a9860a090f677e9632a5212b0bbe471295fdda6ec26cc51b7543f9',0,'2024-09-22 20:32:13'),('14d608b7bd3bb7f4072f6a7f8078cb01ad46c20e7c9eaf20e43eba1333c2956bfbf6cb763976090c','647a9dd54bfaa7572626560a7bd7672447db576fa448b04cbac7427f1b1c6f42d1f985c66a88b52f',0,'2024-09-21 21:19:27'),('15f51a6e3895efd30659be3948c135815477ffb2120beec984df2a3d0ea0978db0b34aa2cb92c933','2251ec5a8dfa7f6742d2e66a2b0f1b8c1ff0c16aeb2a852cd5cd272807889eaf4c61ec16da3d39cf',0,'2024-09-22 20:10:10'),('167614a897a7a1fefa84f7fc08a7fcdc58c392b7276d7837d796c834f260412fd98c637f01273a15','f43dbd80b3105538427b0c21f20f60a3af1e3979c3e13a843310d58deef86cedea07945d654c9b06',0,'2024-09-25 22:48:31'),('168487268a87b83b670a89c48264673c6297a7e1959d5e50a58a64ea68b83c7d36744ffb43c8686b','c15a386293d9f98bb881a3723f86ca89d28e18380ff3c47b582adbab4067fb54ca895dba2c9f99da',0,'2024-10-02 19:53:36'),('173c51599b9fd851d95534846038a63accafe8ed2f9a253932029b19357009658abacda43b95f946','33201ef3722052000b4bbd9a2ebbd817f281bcfc3a8cc7ca75f37ff77a46420bd55aacf3a67b69f5',0,'2024-10-16 21:12:29'),('17e148282d77a2dde9305fe885cf445a8897c542f3fa9feefaa117d527c3ba4300bef952b2d7f039','94804cea6eba556362ac6279f28f24af61e2de0b53846f7d5a4877de972cb278b03bf79a40b12ea9',0,'2024-09-21 21:22:07'),('18564d37b20d36915f983a93efe15485d0ed28cad21f85cf710e7b4a66ede0f8ead4ccc2b96e1973','7762846c67e32e386ecd9e0594aba91c9010a08c6b2a0de4c96b01a1b457d9bdc4243c5f4823c38d',0,'2024-09-22 18:39:47'),('18c7e8c69377d5cbd6cac490575555c2abef15b217e6333c34b02bc836ae4eafaf5ab0241eec7811','3a6269e7b5a98a37afc80f99494b0b69aa283747795db420cee76177f0350b23a305084c830db6a6',0,'2024-10-02 18:52:15'),('19506508ddd9e32b64b805437f2f1bde82bb12f8f16637a22b0d1f683f41ca907979b9545b5cad79','236d1300b10c462e0afebefaf657f646d0e6066605ff9dc8aafc5d8acfef6cd6a2a4c289f0a0271d',0,'2024-09-22 18:36:02'),('1976212f988d582f403fd59763518c8e34ded3d37900b790bf799c839535740741a1ac64450e1612','d7502179b04cdae37d136be135f79023cca9d7754e8b2ecd63bcd55bf964926250be4ed820c3db9f',0,'2024-10-19 18:01:33'),('1a010972897dfcd4ac7d0ee49b3fa7f71ce179938260695aecf800e3c09669ddd0db8fb4d661fcfd','322fd0ce77b20588da43cc9d4f8fd97cffccd12c16d944e5cf35f0460b5c5c44fff162afdda484c9',0,'2024-09-25 22:50:02'),('1a15ca2b2c51da237d77fda2d268f5c18ac43e2bf25b53498ba0120ecb308d08e70f066887f22fc4','bb2756cf3e013dd8125c2882740a9cc450c73efddee031b942e1cfaa1925000f66c5656d3d7cfcee',0,'2024-10-16 21:12:22'),('1a5775333700725d594780a63499348187fc2109b0986b30bd6e9a23b3ce15665125e2a9b60f770d','8abac22e6d61a671ed88605a54663215166fc694a523415cb566283f5427c7ecc70c1c798e623027',0,'2024-10-08 21:58:46'),('1aabed6e72a586f33ee3f88fca9e84a70c6479c9e3362872ce9c96b299c8c76dd61bdd277160aa39','5b6f0f480d07bdd2d9e5109b36b0a574767c08d0200449557931a9002de91c61099818e7fa44a5d0',0,'2024-10-16 21:12:30'),('1ae259501ca95bf76e291cc67982c991557e1e29d394c9b58224d0e43de6c75e4d804f654285b030','e75b2eaadb9b208fcfab49a0d6468b6578c1a55091800e183e600aa0f617a04a2904aee572051649',0,'2024-10-30 22:39:45'),('1b23ecb4077a6c44b01fab664e1a63ee4fb02b8934f4d2ecab8c23b63a3e2272c29525d7c31169fd','d545aaac561e049ba1b1790adb16496b3092f9be33c8acf3bde54c2e56d3418a27c94c876228b1a0',0,'2024-10-11 01:58:57'),('1b98d69aa1b010d29388132cf858cb24a32b949842c38a05fbec3b48b59e471c7cb6028e290c8abd','c9afe3f22f9a350704d6dd80c761cccfb02128415c3e4a3d7aab7f9bb033195b5e1f48df84b2b0fa',0,'2024-09-21 21:21:31'),('1bfc95fa2faeda9009577f835920ff8719a979131f089c87c5495b8ef16d8fcbabd0e721c2289c65','e58b7afd86e0d0d66d1a0c3d9261e8dfaed866f104bd4d97d1e9c58ad5b2e7b39b5a1f7b48c24d0d',0,'2024-10-02 18:07:06'),('1c5b73591ec20503323f9afca0e211a859d35eb6c0914a41ee1ac64f802b1a3b20e77b11cf2709c4','8ac4a84ab2b7959d39f50c2afa2d94ce3bb44ad593e63e00b7f310db88e962a4e9770433283d9349',0,'2024-09-22 20:32:10'),('1ca7ae23ec0beaadd6bb0b051f26611659272f3dbb6fd85eaa7bfe22e3a1955db772ae4ba9cc7b2e','540ba48b1a5fe9a59d187cd5cf4e3bef023c15c868036062bc95290efbdcd2b6c3cea186bf8883ae',0,'2024-09-22 18:39:50'),('1d497e86b2b712c520bda78d53ec546568fe20c7cac4e2382aaeff3a11271cfbfdca16e4fb89be3f','7424ff401b2c5d1a524da8850f641087bfe504018ec73a9ae6202b314af19922ab6b97d6443f204d',0,'2024-10-02 19:53:37'),('1d6c4ffdba9f9a129c85feb22645d4f8dcfa6ce12c65a74c0e398031dfe350c3fbd215e535b447cf','be850db79c025ff937585f785f8ad471a0d6c3059fd066ef1f1c2f61d071829965f7a3ba7bfc314e',0,'2024-10-02 19:53:29'),('1dd041ce4cd976d0b4ae64adee7ec7d59a7007d162306cdda1a8dc47551d3bd5885917f6c72191cc','7f650652d37fbecaa6086dbe61d39e8117046851d0a206693e639a7c3e0fb1ead3813223d3ab6174',0,'2024-09-21 21:22:54'),('1e403971ba9887970eb6e7dff885186b372ca71b3cec028ffaef8f094be8471043eeaa0817ba7029','a50ca92bb6d71636ea494ceb773e9028c5c16a1fcfadffaa0a35833244c957289494c0f099edc526',0,'2024-09-21 05:15:11'),('1e49cdd4407475123c523bb1a2fdb027711f6a911c50d17af2795981c5e8e6ddf984dbfad70c342a','0ca23072077b5d7ed2dca7a92d9bc35141939a23676a7795f9009675a432f45c3b964c4472218ce7',0,'2024-09-22 18:46:01'),('1e5ceee6d1ae822afbd7433e9c2c1b50d34461f37d5bf1d53a9a17607840bd05d7807f5359774955','0521d546213dccbc19ddd153a2ad807c66b4f9590ccf93ea42085facb55acb8a2b8591857b1de062',0,'2024-09-25 22:48:25'),('1e7fc4e0a96d2fe3fb76325a458a1c1f5e9437420764c4bc0b25dab562475ca1bd0a92bafba2603e','be02725142e579e36bff75af5234764fea83a3747cd321f157602898b9d7f7614da572d9941a4c83',0,'2024-09-22 18:46:06'),('1f3e45950d232ea536eb9b9501c0e76dd09bd994db94844b1f9212f61274b3a73f776aef17eeeda6','b43f0179fdefab457e02c605e14ee4e1e72b19a66d220e443ebd0b7fa3d72bcb78826d3bb854e3ce',0,'2024-09-21 21:04:29'),('1f410b614dd55652db84d51102f172047ce298b6c5f52f2151e12483e5e99c4ed093cecc8d99f2be','ef1e19c0a0d4f3530aee557b1a91dcad26d97654b64e5541c597dbae2f71cfdf3cf6e500f6c5cc8d',0,'2024-10-31 01:01:59'),('1f639a9e80c5aa23efc0a43cd0f24db36d456622dcf03aadbed2135024f1d67d0dcc4c26f63a94ae','3eca87f2f8606b34d36ab6e5bf65ad792c97972629cc4cd6fc6ebf2dced6000ec37836ef8f153486',0,'2024-10-16 21:16:03'),('1f6ccb270a1bca08c7e37d5959d0cfbc4e0b3c1a69c5fcaa8f76d6aa99b34957cd2b7f066d60d627','07121b6ff3659aa38f9813ba5a9617b79975b8df14ba4b77b2a15452c9533bd6a7d3859cb1d231c6',0,'2024-10-16 21:12:21'),('1fa2da2743c4d5961bbf0f81a9a4ba4c86c8674a39e4aefe7336c427a9db5faaa80bd2e22244c57c','16823c51b94044580a4ba53983853f8a7527467cd19498084daf1e1490dce54ae976218c9b75143e',0,'2024-09-21 21:22:08'),('200e039345edc4ec48005e0630d87751608523e5f3d041e899a74dac0cb885f6321cbd081e9d8484','3b9f6900d2689b890c38e5d32cb58703e94186731d933b0b29bee2bc92ca429075cea9b2d35d32b4',0,'2024-09-21 05:15:13'),('206abfcfcdfa3d83716214b7b9d64683c590b6643c921562427fdd21fd42128d05c945913a2f357d','4631098a6543ae23847afc421f799775a534e31b36a3374010f557d51274a1a5dc67cd3871492bc9',0,'2024-09-22 20:10:13'),('2117cfea9d64186e99a594b1883b1fe6df3fe71cf275865e2027b4b6ce2539a277a70cf16b53ea46','6e5b297ef99ad35fa7f5e1f7b05e3623b9a2d6e804fdbb08a03a6a99767bbbfc1e0f89d91afb0306',0,'2024-10-30 22:42:39'),('214b31b2fd61ad19baf0cc1d3973364d5e8e392837acfccde8a7bfa361e8e3938de1aef1a2a04b82','d0525aa54531c1b6036fcf57ac6925cbbfc5190d6da07e20c8239d10ee9d649680a14201608839a8',0,'2024-09-22 18:34:31'),('21b1543176666d0a7ec239347aa51789eab591151518120c732bea5c33962d95d5037783f229d2fc','ece297c0d050cad5d44a3e65e363a551958d22b008375fd6d04250576d4bb6e811b519b3a62fa403',0,'2024-10-19 17:53:55'),('21d700751546b8b1e043eb6a5d14d2149c4407ea048061e36f7e5fee36aff5ee752c3597da48c447','200a2acbf7e91ce05e2c709662bfe6b6a76dfe06e358153220c17c056315c635eb0ccefb8cc4bb19',0,'2024-09-27 21:16:37'),('21e5601b04bf6fee79965f9907d12906d03596ddb66305af4e9beebdf74dca0bfa8a6ac227c971f7','5c73c654b65573f51f35901df424156ef2337912e9953e97a38359d692102d23783ed16743a4b380',0,'2024-09-21 17:44:58'),('2224be99cb341a31e20633204e934b6f26eca0a66a4e8eb00a6e9f721def6e777107e6bfef3a2c7a','0796791660246f3dcf1a30bcacf596d095a86677d38d4a2e288bf6cf31d0c971d058ed14adafdbc5',0,'2024-09-22 18:34:34'),('222ef1b78032ad3ea13e355ea723c93aaaa5b699bf7bd78d677a5cd85c7861ef8ede4c1aa0c3a9b6','f5ce56344a06be2db6b8c0832bd06db176431b0ca79ac059e16957eb3c0ee1ee8c628deaaeccd0f5',0,'2024-09-21 05:15:11'),('22c69e737582c4fdb4f5982a61d5dce07dfa88d5a75d98aa72d9595dc1f1eaa0c3ecce465699bc42','694445d729eba7ce981d5cef7dc6f0f62375e5c00115aa9010365fb82e64937337ed182b7d34fb2d',0,'2024-09-27 22:21:08'),('2349fe753fec21270fe82cdc960b535e0bb843246824dab079d95de24c2e96c6d81a0b4e1753f1b7','7e075658fd004fe95a0b434b332bfc0c4cfe14029416fa76af576672052866c7fed138bbb7efb26c',0,'2024-09-21 21:20:24'),('2366d47a9aab05f6c03ed36c3b7248321d84c7f90b02b648cc2b1fa00eb05bc2a25764e55c218b44','55bc94a5568046e49e70261eb13e2b3b8d815883de6020e49b91cfdef2e5f4825f43c0003f7f2659',0,'2024-09-21 21:17:23'),('23b12b1f9ce7e50b8e6468471fb61b5f6aaca50ab9c423963efbd4294fa158efde827d8357234079','e75e1f6a8a1b8247bb1c7e8c92460968a6216e36151062cd8f910635125ac09000f00cb431ae9d74',0,'2024-09-21 21:22:03'),('2413e0217af0a29d9655600dbadb84816c5cd58b825b7d26a2a1ac3e958adcef0aa85804b3cd369c','565fc556f6fb1d0f2e4b1b614e072b1d7cec26bd406ef30cc74dbbf5dde91c1b4a07003eff79e971',0,'2024-09-21 21:25:59'),('243af7b8509eb995d679404078a0f97356563cdb2a18e4ec83634e36ecbf2baebaba30e691d0822d','815c716d78cdd752ff6baa47c6f44ad9978921d435253e1b19ac399663b15b4ca88620990799d352',0,'2024-10-02 18:01:11'),('24a8ba54b486fa781f545913d9e72a9ce8279ecec9981e41073ffe2b5de7e233372c7ba0b228e237','39dc22cd8f9ca1c3789aac7403874fb02b365a037be594bb3841d40545b7ba7e5052b1072e1a2568',0,'2024-09-21 05:04:05'),('24ae0c2c1d3a51847498150604e67c01fdc163f6a2ed758f875d3669df4d1764b95b7efe337c2c1d','10b7740ab7b45691158b0fbb14af6195845207fd140e6ff149a287b7b1f29e8ac708d5a740780f64',0,'2024-10-09 18:48:49'),('24fac2631297cef3c15702ca0f8ecafc7525811c354e2d878a5d58cce03bb18a425a9a96eb4e497f','f87f8f2f4d1163e503961da33f2459a7d3727964986f6f1a7d4f57e5998f62fb285dd36417a0f583',0,'2024-09-21 05:04:04'),('25098a74e06527f27ebc4355b35794fd6fc614732413b5858787cd98125c32d7e340276773937b7f','8d0f08d4c5335857ed0e02177ec4d81cbea81d71202e116a2040f697a5af8b596b99da01a6ed52c7',0,'2024-11-06 01:04:25'),('26158186e800b527cb501587cfa6eda873ca36cfc3377235330d437e783259c14c70f8779f06e436','35670d08b529ee2e68b17924dc774bf2a4194a53a5ed50e47c09d5b6323c492e4c0ee771eb9959e4',0,'2024-09-21 17:46:08'),('265cebf490847d312abab67823abbc14477932918cd99ebc9ea83a2a0926c7705b48e9b88c3cf522','65ae8a2240b1ccdbca760ecaa5a58de9e48ddd54bfb527b637ac2b39949204f107d06c6835631db3',0,'2024-10-02 18:52:13'),('268b9f3c13fd55dd3c258aa454202b9a61d7572d305d8c62037283265a8b068e89aa2a74815e4a27','81876ed6d1ba5b68f2f1847fa36be9f01fa6b8d52a85ae54e4542ee60b4836fc6df8c7e24ad64a6c',0,'2024-10-02 19:45:49'),('26d1ded85ce250d3b01fbfcbf96078609fcfe58cd517a37b538bc1e4b0ec76934e00035142e627c0','64a9fd1fb84c359bb5153d323245e1f460b374dcefcf00d14da556eed3d40d48f0fececaf7cb433d',0,'2024-09-22 19:01:57'),('26f872b0cce1bd2292b718f300c8a7cec8d9a3f72379e4bc54d7b7b57157af4dda77a67048d1eb47','4243977025c5dcf465acb6492a576cf812652ca1dd56919e50e12a129f092d5f67351ccbed3331a6',0,'2024-09-21 21:22:02'),('2729e95d1425261abe5866765895d8a14bf7343fbbffb134f099d5a5f867f753482e465276876240','1f90670955e870139db6fbf818ef26ca5123129e370d8b15c5ab1974116b5db26551bd28762de63b',0,'2024-09-25 22:50:01'),('273ee46ac398443bfeb7059caec78482cdd9edc15c1f9c3a0523d09d59cdc8fe5a14d968e7aa990e','2e91c6b8a0d54af8d9c0055e8298f9df050ea74d5bde58a48aace8b1dc919db49a683edca9ce01b5',0,'2024-09-22 20:06:17'),('27588afd2040623e3d101067a9845b6fb2a7ea06eb1b456290af27f89d227c25881db41ce92b8451','aec087f49ce4c0a2c7e9a806ff987731d22e15fca86fd404a94d02ca87ab0619cf3695549b74e260',0,'2024-09-22 20:32:13'),('284a51389fe6d8939a08e8300052615c2be6610948f4b16303ed0ba1bc7eb5cc14ee2611e30f7632','dcbe0ed1c4da6f35d4db1b56e576c5cea91438343b514c1e8fdee437bb74a6c3b23e79a5a10c54de',0,'2024-09-21 20:57:32'),('28a4f6eec31fdd6ef95866860968f9993cdd51eb3306d65c9b5381c13a942e945caed5eb86c5b93a','dd8b5ae807864e536e99f4f611bf33d7fa82a352d91ad29b7e7f39901b7c993ea37f33d71f411679',0,'2024-10-02 19:45:46'),('28da56302806f48ee45eeec7f3474800603d50fff85b97c288cd6ee8c37c98187e56bdc04e7b6940','874500c511c4d4b916a4375bd150e9ff96d127104e90dcf0237643be5bef9dbcd3be41d8e75b07f8',0,'2024-10-02 19:53:32'),('293ef498fa7d85e53c28d8800fc9bf8ecc996dd2a2ec1d80a5449d3c26fdb00acafc175d15312020','3378b5764104b41a5ff6881e8e9d8444882483383a40afebe816291686fc79987579a67d6c555c92',0,'2024-10-22 23:33:42'),('295e1a10c9775352a0615234e1c523d0b66a2fae12fc07bdad728ad0875e9d5f599652def8e6892a','24767d931270a942d5d1a13436df56a6e81ce7d39b12a0ead18ef773d686e8dbef405d31e4cdf4f6',0,'2024-11-04 22:07:26'),('296c5f68e832cc3229f37645b7214acb70f4db1f455708b54f1bb0fe90d844bea74dfe9cd9db761c','5994187de69bc1c4b4f2eabc886515397aa4d19402e5f22392f9e1187a819190e25be49281b0d580',0,'2024-09-21 04:51:51'),('297329674a68e91a94cd850bf73b49ec8573f7d9f4608b81757f17e8f9fbf2bd2d57eb2081f59bfe','2a663b848c758464ef9e7b229b92f93f1248f4463fd1e878ab0fbd92577db3854d6ba4b4489103de',0,'2024-09-22 20:06:19'),('298347011dc2df67d3c163903285d744e73f512866d6ce7b9d11ae00499ebb1500c63f0518875789','5fc293e429c830090ea9ac03c98ce840ddf18de7f1631b25b0999bf10ffba28af0a4c6e873dc2e1e',0,'2024-09-21 21:21:30'),('29a584487cce671643366f47f9210eece696b38b30a46b1ec88ef121a974d6e8e5edfdfaef7e8b8c','55805d76889f27b5c2fc761e6886158500de9795d92fc65dda2f2679f3f93ce1802cba770792e361',0,'2024-09-22 18:39:45'),('29e5c20431a264635c3dedd997815e5fd77011fcb841333d672a80a2b280f7bffb440c4b9caa975c','88a1b2090db0b07ebc040f5fac1cd775070e0c570d1babb196cc84e01625c09680d4b57c2db74913',0,'2024-10-02 19:05:04'),('2abad706ab358309b3237403f52cdafb7f7f1bf140cb8f9c005910c4cfed46b1f5e9da27a09a6901','8f49c7f43f5555596b08007eb76fc5373a1448bb77301f0a86c9c5f5f4118e60ac8b818edecd4d68',0,'2024-09-22 19:01:59'),('2acf4275e85ab7361a112a308e170ee0ba50b74690d4a09716e814f0c762c66e033d7c228749409e','5616490ef5ddf238d3e53b59f19c26134c060d1c0589fdce4d6dec26c2fedb9bce59abfdafa04340',0,'2024-09-22 20:30:22'),('2b11d74e1fbd5e6bd11debf0841a21c594acb6e310e1b242a10753fd26f99ca656953acc0b6bb547','d774f3eecb75d94752351b1b5277bcb7268184d70c23fbc1df818fdca1abdc50746b8a6d63a63ba0',0,'2024-10-31 19:19:36'),('2b369f89db10dbff8c516eca8be6099426361d31250e47a7e371548cc010a5a657ceb0156305145b','0cf11a425d7ff75412b02b67f743d2e8092784138503aac1fdebdb399f1ac9112dd5e82f0c4bfd1d',0,'2024-09-25 22:48:31'),('2b81b092612d54a9dc23f2550cddbf8a83926e17bdbbd74f706b4754c82868d6e9b09321cc9fa1f8','bc639cf8b9c8d1e88a273c21bdb78a548b5a5a0c19c0fbb3296693073139fd58ae5cf25ff5ee1bc6',0,'2024-09-28 20:05:08'),('2c6cbaff11db1ebabdfbe20c707da6074d26b0142d842599240726da5c07c20f5068933e2ab94e12','968b76feb9afe82009c78ffd44ca1bc9bd6f045e7a1fe84a36300d4c5ac91aecef2121feff431521',0,'2024-09-22 20:06:35'),('2cc0ebef30a8f8b0365e1baaacedfa1304c7db4245ae50f4a9ed8ea5a2ab4ad642fb0675c75f2299','3faee480ab51eb5de530f4480395c49badffa7959162d83dbb760dc3d26d7a686c5dccf207de6e54',0,'2024-09-21 17:45:01'),('2d31c1f39d6c006fc11f4a52d24fe70d960db7942427a1c8f339da977e586d5bb657c731e133dbe1','28dab19ac118f4353ffa2748afb70344ec399648253f8f1b18fd7cef80e27bdfd0383a10be9b07e9',0,'2024-09-22 18:39:46'),('2e401919949abc8095d5d254c6d2f1ab32d2b36d796a9b2cd4f818df4492db26bbdd5e9c21d04ef6','ba588136b6ab0108afd429ad9585507b08d50945b28fc7eb773932c7ec9df99555ee9cf8f425dc9c',0,'2024-10-16 21:12:30'),('2e7748495af636cd924cb7c6e1ca77ddd383970623db97becb35090c0577fa8d39a8d288a18d2a29','0b46798eb821a86a3477cda6b96913a9d52b0018ea147bc99f2b56351f4eda7aebc3faa6655b542c',0,'2024-09-21 21:13:49'),('2eda0af643aeef4930a86db9054cb1573cfc47a49dc86fe2e57d5d337fa32f728cd553ca69199feb','5912105d021bdcbb8d9d24fca09e0cfe1e9cba7142ac49640972d3a4ee391ab59e04b1b546106e89',0,'2024-09-21 05:04:06'),('2ee2e4e915d8a34f050a867acab3c0820daa7c0eccf6692e905101a0084d46b8463708602de9d91c','37477d2e65a9118996a3a226cc2ac149aaf4349b2305326d65a822159365f16fee6137df39c6f7ab',0,'2024-09-21 05:04:03'),('2f514bce000cdef4b035f1a0f479729a87b44ad8f0b2fe5eb3421e968fa0e6db63f541b632351eb6','c4d295ae24ffc33aaf6a168b818ba7a8f87ad92e6b0466889f5a43dce4f8c7e7c53bd48144f8b719',0,'2024-11-06 01:26:21'),('2fe112c5df0517a4b0d78747e86e3fa8b41158cbe0e34bfcfd07e757ca0344b2f01e82218580d2c4','4a0666c3389737c47afff955b44e36322f481b7cacf1fc53f6f9073b5d41f0811cdf372a408ab377',0,'2024-09-25 22:50:09'),('300f29dfb1f650fa94b3c0a0d8df89e419574b0438e84b8263c80a0e3625be701293046b639b0e0a','2dd07cc615d8fd9478b2ea95dc2e6e4ce8af263b8cda8416525ccec52347a53a3e32a8755e61820b',0,'2024-10-02 19:45:40'),('302366de261e93cd65ff7a53d9ffcd412908203edc434fd04e959cfeaf60bad279bb9cff3caba6c6','a428506334c9d154f3145c9f011b6ba93a961c2ad220da28f5a51d1321ddd72d5bf446d6b33a8369',0,'2024-09-22 20:32:03'),('3073cf3099854044415f908970e0bd776fc65a41b4a379533770330770755b03f1e23cd95a559d5d','c21b8576e3883e0dfcd17ced59769a703d5a7a97563550cd15607f8caebc3eac7d901353c872bea7',0,'2024-09-22 18:34:35'),('309bbfe8a907e02d0228475f987276aa71460454c0135e50fbea041a07b59e9e29fd5826e66d716f','ceb3fa8dcf958bcb8cd3bd0d1a08d1f9deb698a6681ac126dec5c936f2b427bed600765f6448c5e0',0,'2024-09-21 20:58:27'),('30aa879fc9dc70ff2cc63d24df78de13d7b43e388c32073e9fad1b2ec1fca8b8bab8dffbcb772769','013ff0dc7110a151c43e94cb9934c0fbe8d2f8b455daa1871ea18951d8d1adc5d7df4986618fa7b0',0,'2024-09-21 21:18:47'),('30bbd2d45bd5a75bf767f68b795856fe53dae7e7cf35c5724d3b95997b01fd3cbc903b10a0bbeb4d','d0b5e8b7408c7883d3656197f6536fb565854d83ee447b39b626570429fa942d5f5286f857643315',0,'2024-09-22 20:30:13'),('30f8c1df6c8776dee2cc7734f8200f580b9b5ef24dd889d706bbea0e0aef81f9781aff9b6df05cd3','8f26487c66b2b1f0918173f9c1fb94a620ccb3a5f8b75c59d859492bbe4988690e2dcb9e19b38e77',0,'2024-09-22 18:34:36'),('31a2c5e02e480fbef2176390080ef74a951a71d310c1acf383a16e8bf40ae521f773c74056fa4123','9dfc27c84dd5e7cba81b7e29859334b52cb908eca3c0c19b714cbb3166e1409c8c0198349a70b70d',0,'2024-09-22 18:34:32'),('32074558e38d4601402f316d858bc500d79ee37b7e57fb86b264c33d5956ede2ce874f00cb939c4c','d4c7ea34c91afeb57c1409d393a4e8f1982a1fc45838ced031a27a7eba7c36d1b2b8f5da19c8a593',0,'2024-10-22 19:37:13'),('32103f86d0883a294bae7d2d0bf745ceea949f452c71776ad1186dcc961f0944c8469856dd4a3500','aad6f09d1dd2b2cb76e16d7e2adbf51bc03c8cb0a892289cc86159960b87b46b08061fe6af2ba623',0,'2024-09-21 21:22:58'),('323a7693df2cc5bebe9c50e5ad376c27df5259a9dfad57e432b4b9b1a0d0cb2d86b5c262d831b031','fea5fda13493936ff026b288d6738f4d830e900ab01f4cc8c1d17dbfae3a346c95230e97f9a81fa1',0,'2024-10-05 19:08:11'),('3273a06f0d88a323a27a1f05ee6cbd03ae2949d0556a9cc9adf1abe12a2858a05b5e94626ea4615f','30d81ef5175a81a808772978f302e024c4ef71f81004a781a070ef231173aa77358397292ad279c8',0,'2024-09-21 21:04:30'),('3297ab60c7f1a234ec64780a86844640da552f858111c340826131569245d60689e813a225b9eeb9','82b629cec47a925c6bbc8366653570059bd73d3c38b9cc3c7cc927c9d18ef1c94ff91a2675d36ce6',0,'2024-10-16 21:16:05'),('330292ee5463e51bc4c031b1a3cf9b6b71bc88cfce4fd205a7275df5aa2680b4088c979350aade59','cf6f56bb8af1fa7cb2661c3024a4a9f67acf463f63e659014b0fc750bedefc5b74c5cadebf09c433',0,'2024-09-22 18:36:03'),('33149b5ec34980ec3e73bdd93e127dacc2deee0a530973cd0705402bf25722b668ddb0d4ad7df865','1e1fb348412ecbbea157f9b549377ea8f9dc85e5d05d7eea1f09316572276d9652908d1db5d9812c',0,'2024-09-22 20:30:15'),('33208a7f715c8bd0edc0c286a71929fb02e6839e532bab1f6841f1448555a18b4a1bb55c6d5a1a95','efdf072e3c5fe2a91f3fe7998e9e194d583543931df138ffb582f585fbe1fd7b205d20f8e04d4fcb',0,'2024-09-27 19:18:49'),('33850336a7f89cec4acd21602f1efc0638f0183ed394ef2defdcc5fad690e18c9e4f0be873c4350e','1e14609a119ec84c573bd7f635ec9e0372da1eff197c84736a60b319cf1e5f78dcd77c36451bf95e',0,'2024-10-19 18:04:04'),('3390462f80904ab91c71f7da5a2574eef3f04c1f3cd2ddaf53ba5cabee26e22ecc6159f198e89ea1','70aae19b6fd11517f1b6f42ef1cc9fb8acd1986ef93356b9cec728cc3c2bf84b3e5a50a06503a4af',0,'2024-09-22 20:30:15'),('33c890772b8ffed0d385b9f3a6cc272b35bb06f776c4a27c8bf169fd319a55322cd68fe6d09a0e28','f5859ff0adf1917a4f3a27586d68af733b86fb81b465fa5f909b573367b0f7fc3554ec6485cb3212',0,'2024-10-02 19:45:48'),('33fc1784de9a6e69fb0f0c7d0d6efd7faa56e2d7cc4c2ad558d40473d5d512184b8fb6b662c58a9e','0d55b2d60f75ce46fb45c03bb15cc45fefe09eaf498ebf4b3ea58a85cda6dc1368a87e16183e4216',0,'2024-09-22 20:32:09'),('343270a2bc50276341aa6b8f3e1b102a5f23288fd2caa04ecfdf3275dcd30163fe4630a6abc26fb4','22a5ebb2fb7eee0d83f50faa4d0fc00d53e7bacc43a1e1e2aef4d3ce4617b68a873c6f62716ed65a',0,'2024-09-21 21:13:47'),('34b1421ddf7d3dbcefb3cb9c03b63df34538138819e38af09e7e9dc6630b4c357503011a44a44427','9974cd0ca79711b3a846117a82d3e086980b31bf07617c704646e8bcb8fa1ac983a6ed9fcb53faa3',0,'2024-10-16 21:15:56'),('34cc571b4694c4b92be5276381e5de4169cb77c87e2d4261d18a9e0d719b15b04ebcc380a19ac52a','39225020f70db11a5789d7d696ab5e524d40fe3c15e5e2ce2d5d3fb06fa741b82bd783499effd37e',0,'2024-10-02 19:53:39'),('34d53cce4ae909e40b411301fef14874c8a2d36284330c1e09b2c3adac1554bcd3f1a9240693e25e','7064395fde34100453f25e087dca28633b6ec267b3f48b1bca20a3a7c4cb691681a7ec801032abbe',0,'2024-11-06 01:21:11'),('356227c5466e3784f474fa8957b2f29601c9b9b40f9d8939ea2e0eb5256a0ee944f5dcb36b9b7179','63ad38b6a0dd459a70c07e442595b0dda5a5e9573499f5a7e8754e12bf0d7597bb08e988c253f65a',0,'2024-09-22 18:46:09'),('3591d5173be30d8c26adce3aded74e90c4f8f9132d3c70b29c43082ff1b8f4c4198c6c2a02dc1e28','a6010045a50884a3cffc75072b363c9e78d84fa7d5615df5fe90dba1c841f927fe3c8bfea45835b5',0,'2024-10-16 21:15:58'),('35b9805fe2ddedc37f889c3171ce93a202bd7c236dac8578561c95a8a450eca8109ec31b9a27be7a','c1ce060baa4ff846b592f1fcdb15d2513821f291f4998f0d40557173e999e50d9bc9fa830cd55c19',0,'2024-09-25 22:48:38'),('35e11336a3b708f78b08f40d3d0dd2e2c69f93ed3598bb2235a4e6d5aa7b66a3a3e3916f11a0d940','9b908a31cc46524654c4cfbf18791b70964034861492d0a52fdc4e25cfb7f225a419a127f2b3ca59',0,'2024-09-21 21:18:47'),('35ec42d351399b872863133816edff2ed6a6b0433a04d576a86fec9776d27540b4f7af8b8d5e4a38','ce58aea9743f56fe90ff8994dc375b82d6679d0f117b16967a4d5c74a9aedd41c7bf61c6ef55d252',0,'2024-09-22 18:34:29'),('3626ae7c6800c111a87e4e8434f77f7ae484500bf198dd59f870ffffcb40b1e86ec69785cfa8e4d6','0ad087005e2e64abe2cd66575122f82ef7286ba389bd31877a7d1960b72acdc2df0e5468d498ee97',0,'2024-09-25 22:50:14'),('362a4270bc615082fd5298230ebdd0129d598dd5813c0120269c13c4be96c485191a75b320206888','4a749ba7b33ddb1e763b030e6da325da5c1abd31950e0edf5eb9e2af2967633f698d933ca5023599',0,'2024-10-16 21:12:25'),('366de52c215f40ee2842b903252c7240e4756d6ca70ea3a5f3bf586f040276f0d05dd68c3665cd55','3321aae37f1b62979a2298d45e9b0e77bc21784535a91f239d9da72af6c59c5e18e926adeb5312f6',0,'2024-09-21 21:22:03'),('36f4da787fd520547e5e9506f5e44f32d1253a2337cd2cf2494f7e13fca6968d29375d0a6e3aea51','6c0ada4c9d87fcabc78d0a0242b48b9e10db53d3b8626671335cb537ccb0c6e04131a9dd54efb651',0,'2024-10-22 23:33:59'),('37ab3d0e0c32ed4de8e4c80cf3bad13b4d76a41aed58310cd7789738c5e5be8925d0419bc3fa2d7d','c32b83e348538c19cfcafa355132c1291ee7bf495c6978904a6f44f06603341422dc6368d0978cba',0,'2024-09-21 21:22:53'),('37e59a20885b969760583f66ebb9d83cd6d96903a954c517cb3a4def9f65b19bb9d66f85702a9801','a01d9b2b5c66066f1ff0813a2ae8f2e5484f5a89fb79911c1c8aadabbc791c36d75b05cca26ba31a',0,'2024-09-21 04:58:53'),('38c48a82782527460eef28c9152b5e3234d5d37f62863362c76845a16267bde0da12a814bb08a717','1a820a8490bbac143ade0a71247a3a39c5978ada8036c4934f306721be1f775f1754ae71466b3b37',0,'2024-09-27 19:36:22'),('393b44dae5715e0abf73e7691be27340a9cf69c46a8ac8bb241faefafee80ee178b0a79628b6a969','f2cb55712e395ca0f98897d267ce42b88062af33390923bbc815ee11775b94a5c862a126ed26f985',0,'2024-09-21 21:21:24'),('3944fdccfdb407cada6802727c684958e486ec94d9ad4448d9ab3d5e781a6a6a0e17511c59d74eb8','ac3fad7a151962353f242047d3d0d2111c8bdaac6ed2ba0f09c623d788be153930127adf4a35511a',0,'2024-09-22 20:10:14'),('398821bf779b75c66aa9e03cdbb0a2114a034629e8b3ae6377661f49a823d02b80427470fe4d06bc','7b240c676e95995832701bf65bba6a227d3492be950b69d42f144aeb31bfe96d44622f0e0d01cddb',0,'2024-10-02 18:01:12'),('3a10d86fc51bb1c5e015f4fa62003dca35b1131d34a883b9bc1040fbbc11e64a9fe346e76d589cd8','ea61e7e5f7b7efd9a99c864f9ad75fa9aab894f349dfa71a845cefc4533c1318d04ef6c64f671cf4',0,'2024-10-02 18:01:15'),('3a3eb40d60eba904875295d9b1ea1039410c6bf1c4cfc61539102f5c42cde5f53aebfef0de3912b9','e68372881a5e6233a42eccd9c724e1ffbb11de7720991ab99ddca6e8e17c37afe1ba882546792ae7',0,'2024-09-25 22:48:36'),('3a5138752150ee1fc50167b1dab8744112a05d2d38b6a3f29347f6727b69ccbc1549e932138f6771','bff44126a4411cb30cacbf83b1a6d7dcbb57e4ae4d05a37d6d09f5adb8749fd7bdf5f9f7ded138c8',0,'2024-09-22 18:46:05'),('3a8fd5418623edb8601b1a7a0f24215d6d6494c8faa3d0e0b0fe6d1ba10e0091ff330211bfc3f6c4','ea3abbb0fce40a326df345f9599d15ce23e4c94b1594ea36ae1cc3582ee3589f57a8e0f5c88285bb',0,'2024-10-02 18:07:06'),('3ad606836b2c74eaa387c5b3277abadab6dc4366a6539c95e1ad8d5452ac5cb08986c45c16deab0d','c57d5e8ffd68ebff073387039811ca7a5897a1e92dc05ebbd15335737706e5d0d322860052b271cd',0,'2024-09-21 21:18:48'),('3b299f21fc1ac345a402128f758c7be7e509a26f129ecb8c03bf9afe2c6cbd8b316132152cee5c30','e5cef72e745fe5d1326a80e1ca529a1990f83cdb6667be8efda81366f264ed76a67d9a628fba0f82',0,'2024-09-21 05:04:05'),('3b7e934c2e4decc9ae33c35c0c0c1df432428d8cb89406999681bd0ac7a9f6db7952aa7aba0c7520','5ad71cd64919a58dc2f250a6f25fcaaf4d2d16c382c810b6df803a2effe432521105284c92f15cb8',0,'2024-09-22 18:39:53'),('3b89b8c7fcd0f7f773a483528762c5cb63467bee2301d68820fc694ba73b9219239aa103b012c53c','dc815d3e0f461f94205c0494ce59cf194a181aab5b4e50b4fd1986a39f0de5f5ead52d0f7694e4b2',0,'2024-09-22 20:30:18'),('3beb55d86d81e152f84c8b67f80a2ed0899bc92aae07284d2ea79888e09271011f321fe30aa1b816','5751b667a9a608fb535b3298be2eb35b06fdf5a146e2fe2ac73586f9a319c67117ac4e5cfd6c68d6',0,'2024-09-21 05:15:44'),('3c064e7cbf87b19120ae6d1ef081cb420870c78255cefd8de304f4fc17aba8aec6778b0e8fac74db','fec3375cb3d527d37a684dd4c70dde9af1e4a4b322ae4810a99e03442ed30d42d02cd344f05405a9',0,'2024-09-21 17:44:59'),('3cba8d511b02f2c2b7f2827c47607122a9853caff88fba53db6a40efb7e3b9902451d93f2963144e','199307796b4d077b2ddbd68c5ffabda9e17604bf6b66a4e827ccba5d2b8089d8f72bed05f52dd576',0,'2024-10-31 19:56:42'),('3e523ed0f560c07cc1874f1695f57eb1bf0773c67c0a97a3c49749b53b31b6ea69d6b426a5d90831','0c35d42254f64355fb1fa503280047d8116097097af692155aa94b544a5bbde7d1736ca885faba36',0,'2024-09-22 20:30:13'),('3e7dc6b956b7f8034ccdfa521397f185d8cb1f97a7bceae77451de4d824f02c0fa8207078ee8ff7c','9b7d60336ba6e524a1c91bd05e3fdbd5fc0017a58f3c6dc19f9b7623066ee5870bbe4234b420e399',0,'2024-09-21 21:21:28'),('3ebd36a4b9a957b6aba4b79f037291ebdcdca13fb09517fbab9e3d52cc84dd6fcfe3b2fd9ef212e6','c6164315a93a124a0d4d3a74a5f22988a093c16b718b15e502a5dbf220260ffcd73ee51c06c51099',0,'2024-09-22 18:39:45'),('3f01313ce8851446607292553917728e74c094047c9d54bb86da23421b2ba6200b9707ebcc740cac','8bb83715e227ff24ccdb7e8223dd37e1c95b970e139ad527341f939fb68f033a33a4488f955ca317',0,'2024-10-02 18:01:10'),('3f365e256db9a274608479cf3b02eca1b086565afdc5e9c483f37ca3e4dc37be748cc2825a181f27','9b2b0d5a95f40ba38429d28d06489a7f4b480796c3a96531b5fdbe7ab8d6d5bd7c57c190202cab6c',0,'2024-09-27 19:18:29'),('3f991831550ddb5e9b6f2607d058eefd79ae1aff21726036dc658c5d66a478f7bd2436d4ff580349','bb1af897ed04daac842f810ccce96954df556ac32321fe273a51d7424da19690c009a0e1b510ac06',0,'2024-09-22 18:36:08'),('3f9a783ac0d4c87f83632d55d610f46f91c66868904431eb07f3eee2628dd04963ea6fa6768d9886','763ad1a436bfcae415312208f98e2eb00df9afa9111550fcf4ede629cc0a9ac444ebdcf5f0d62363',0,'2024-09-21 21:20:23'),('3fa83cafdfcab7eee623c2fab8a84a4ac5113311ccc1deca7ba6d03fde6a7d429218050427378fa8','0282da109249919fe409abdbd282fc24ef40e7ef9492b7699a1d7ee4d30efa98829400717c05762b',0,'2024-09-21 20:57:32'),('4122bfe696ca8e21a2373e5188640f567db1dd4d3469f64ba3c43ac093a5abfbcb2662d4aae6464a','4fd21f983d1ab462ea6d8a81001ebf35dba07e0e2ab108054a84cdf423ab4d93d6ad8c8bfa55d518',0,'2024-09-21 21:23:49'),('4132731428e37a7303a288fb66f79d3e6c05989882863b63418fa8c62913d247691eb184c11f1ab8','f804d6cf8bfcf0b79a94c7fd48991253afb9e7a5c70d5d4393c393dfb45ddbb3543397fcdebbb5de',0,'2024-09-21 21:22:55'),('416a65722a7e25e29922a0af92d32adf3c08eac50d387036d6fdaa4c33f75b502d0cfbeeec76d7ed','ef1cb080d47561361dda74bedae1b7b335897e65860b65c694ee15cc12ab3d94844502d995df68dc',0,'2024-09-22 20:06:34'),('41975e4c7ad3586cfa11ee96b32347311dcb78d4e3f90baf6fe9a541ae7c3d10e07281bf0351f51e','efb4754f81fd429d955bb9c47d5f1c5f51d209f50fde832a3f255bbf7567b4dc8cd1da6c1405fe2f',0,'2024-09-25 22:50:00'),('41b005c912036e2967f7cad011294fdf549ff9ea18258914d6074501b355fea3352b6854e8d78454','16ad7026e8472d1b92bdb835544e52ff9912da610e45d113d82168270b729daf18df8b49a8eaa6ad',0,'2024-10-16 21:15:58'),('41c8b47eee8c4fd43a8a9dad71c2554a1e5f51911d3427ade50c0d1763f42b1ecb27ff7ffd139030','7ed10dde37a27750443ab3bdcd2f98e58d41ae1881b151efc041a3bae3c06c260de110104cbb96d7',0,'2024-10-02 19:45:42'),('41f6319a26c3e454f1517ae8d987223806d69ed0957144003345bb02d604c867d728b85f5d563ce6','2080e2858f8ee008017d12bad67880dbad09efaad52f2ee3741fe12ea731b91ab4a93915ccfbd86b',0,'2024-09-21 21:19:26'),('4200fa5921505763bf5cd2333524f9d535b802842e2a7087eb62cabfbf1193ae4c2ef46d6a9b3f70','3b07b6341307b0b1df73cc0cf222e0928f32ff8f43332edaf384a1ea462b157f3e9bc91124773bd0',0,'2024-09-22 20:32:01'),('429afa22dabdc9cc9cd2a89e03caeb15f1d9e4f88e79066efe7d013fa161daf9a0b869b24d441d08','ab1b534f1610976f7db34a320e6e289de1089ea69aab79cc7d6da25557224ff5eda7e8142dacc26f',0,'2024-09-21 21:23:23'),('43983df43075f72b52911e48c49758d0327d4aa38881941140dbdbc82ba69bee4dc7313e1d23372b','db6086d2fd9423c445fab6d5dfc65beca58109911546136280ef2ab24a05a4039eab751bfd441934',0,'2024-10-02 19:53:30'),('442f92b7aa6e62fac9f13936a2823cc0659f8c7ad1f587aeda6f6a9f5c0ca29725a8b557bac0c772','fb42a137d83067da3c9fe136325c70173d87f530816d6bf287eadbd9e6844a5f9e09cbeeff19c7c6',0,'2024-09-21 21:26:01'),('449df5d655619fed6903ce48d11792e4dd744fa7f472346ae51489b4f2171f06542854480ee56eee','3a3b19f1baacf64a317b79b156991debe88c92114bd5bd5f000f578954b34abda2653b4a5f42a172',0,'2024-10-02 19:05:09'),('44b8b86b5a922298e6f3050e4d05106ad3d112b808176aa692b93f28654d43a3466b181a9c8d95a9','f1d319e1f9a6fd3f25c5ee08355b5b832ed9ca07943202d01fbd188b4a211965fc766a8daa1df826',0,'2024-11-06 00:26:06'),('46b6126a139dac7d2d980bc9721489a20b25351c1ec492e040b34b435ce160b4c496b6b4dbb1825c','886302707fe0a74e62daea57b239a30040262619010a2794c46553704c709d3a27a0094e9f3826bc',0,'2024-10-30 23:12:14'),('46e30e09f4e22c767d1b8282b5a857ba931497077d74f0f173129232a7111260fabc3e51bdbf0eda','e9f2fc3f5c2123841fd709431b8ee90a158f18dcbd401dc7361e14b7ffc42098085cda741c375235',0,'2024-09-21 21:18:46'),('472a996c6a18fc9a0e292036a6fde9d4305e9e2114d6d0ef4709f6b8a53d49989b81cba04253992f','8f1ba9fc1e86d71d39961a7c95c6cbb77f2012a6bb352453795a13c20321a0563a8c4eea54826170',0,'2024-09-21 21:22:05'),('4749e170903044c413d2eb95e55683d90186d027b843b8be18d7595d72e306ba622b57c8f6232415','f50a8217b25a735d29e6a59d7bfb2e6384c2e441feb3faf24681fc4a991273756b5a144202d49f17',0,'2024-10-09 19:14:00'),('474adfd1fe3f0ace12559928b4c64ae0122f80db1a3dfcac2f513da0ee4a725b50d0ec7cb6edf773','3ab6a15540d3a27d3c58d87677e8947297a791c62522791dfd39cf95d1c9e5c75514e7505ff2cb97',0,'2024-09-22 20:32:11'),('475e14b8fcdfe84da81786a1acec5a92fe7f9727ce1909b58d39c912559ab4a1e88094586b139206','7f9393ce561c0d20df7f5820188f1af02d6e4552b2795a99abcacfb6776275e2e623f8eb63e0d617',0,'2024-09-25 22:48:30'),('4777b16ab6ca4059e97df1e6b4f55b363d081055001bd4bb87228104d9401d5f877472d7110ddca7','d3e8e24df628cf21bbfc23cb75bed90afb2333e27ee36cc44015465c26d1d04f3164137aa926b1fb',0,'2024-09-22 20:06:19'),('480c1da1a8b28611a3a4ffb038978a45a8706bebb4fd20fbf01101c0f5cc9ccd1c4213ce7b5b56ef','a68631a928289850d002f1fabd250725b8d5ab9c461b17199c65cd221f1870dc21f42967e488f9d0',0,'2024-09-25 22:50:08'),('48382cff462c92f49e60ab0f4c65b80ab547c603c416cb80dfaceb6c902335306cd6003f902cc5bd','4b7008c7d30beaf3e8bdd399028262ab33588861fa22e7330c12b2a7ca09007121fbdbf5ce06f3b7',0,'2024-09-22 20:30:12'),('484f9da7c866746644606bc77e98b09c4cc1cc0952c655dd057954e56a2cb0503989f2c0e95e2b23','7a50932846aec6baba8ee086fb587fd92ffe5ba0ff5d222f4e0a48c15803d40d60b6b8ed28bd8e5e',0,'2024-10-02 19:05:06'),('494dd7922fc61b690ed541cecf4ab28bed9cbabb63d244b65a7c80f06f55ebf3774c8d71cab68ca0','7b6edf9741bbbbf04cdde33861eda20af2563094787fb0b86ea991e43f27a5316889859e6f2751b6',0,'2024-10-22 23:07:45'),('496925afe69f9b2e8315039e2d10fd0512cee93ef30fd0680926352c7981fc04075d803350148645','aa260c3277f3ce495e926b2b359f6788cb4962ae7bf5c5a95233daddda292db686b6e5a9f6eb739c',0,'2024-10-30 22:52:24'),('496e17c255e1ba9f0f7a36776c17c67c5e97bcd7386d873105b7022bb6cc27a5eedc2972f8eb81d0','a4e0e019644fc9034030fe66898115dc040de81cf351096524861f096d2fefeac7abbe919b4d3151',0,'2024-10-02 18:52:17'),('49a1098f6420c1cfefc67c154586ff15ec9ae4f6f5e3edc1fd6d363bebc0f56df8e1ce74f97b1ccd','e490b7fe562f7d5a95a38ecd8e001ed12e48ea4768f20db31c1fdf75226753b99ec848972780c356',0,'2024-09-21 21:25:54'),('49abd6522fd627d40cf5a492082d44fad7ce5c0ee4d1119949d4ed1f6dde6e6b4a3135e6c46d1c3d','4d14306bf6523bda0768caf1ddff0c0ea3d05480b9c5897d8fd1203a24ab3220cc28fd235e96028d',0,'2024-09-22 20:30:21'),('49cb0e10dec16d893e980403fc48432bcd40237aa3402ab2586cfc0f6058b74a8bea5f8420d67e0c','eef5b180f21e0d6fe0768947ab4d6028d557bc8be199e349d1841472d949720f46e786388ddb4866',0,'2024-09-21 04:51:49'),('49ec0a0d0fdf64e31d4de3611400ad8caf9e76880764658b778d156f35e3ea4d90e04497ec79e41f','3fe49b29112ea2c15afe63a0cdaff8a47f3ad6418312ab8095c74c08be96b3743f089ad0b770b25f',0,'2024-09-20 19:07:01'),('49f55a5cc21c964d3d9a3a4331a5647e7beab6e5860608d9492f8423c7f682c0310a3986cd914a59','3ddb3c2de154fb56b58bb357399f9a345c8f17318d8a4d57baa57e0972f291459a44432c4efaf8ad',0,'2024-09-19 20:21:10'),('4a36fa4e19869ebfc9022d370dba1bb2591f4db12578e678c77ada6ae052dc8e0425a352281e9917','8a565757de4e72f9a4c68c2090eb404c6b45d8442009f3f9c52c2fb2975ee444aef4c5ecc8729f75',0,'2024-11-02 18:35:35'),('4a4a26228568febc1a7e7680a067956b14df067a71abd2953f9a1568413b159cac2241bed896c09d','cd14839a070843bf226350e53731c15d25ab8411d4ff83d3e685c5a72f38e0bc9cd9dc85f4949518',0,'2024-10-02 19:05:11'),('4aef0ad76cdaef8d29d8108b9493e1154458d8f595cae5b1ce305acc4d384b4ecea71323c98ab663','0592b0451f1bf14c7ea62382dc1f555cb4dfbd1d2feb8a40fb521488664f85d7df210d3d29650701',0,'2024-10-02 18:52:13'),('4b07949756d05e705c6fa3ca0e581aae008783797f3f1c6432e9df6351ea22cdb5d1e2d7907e56c1','21b9c33ee04cd7bb695c9023547e22b27ff981bda4b8727c7d3602a9d63eade02c3e4a8c0d44c4c9',0,'2024-10-02 18:07:08'),('4b9d223efe0e394171211cd6107540b3a9e2868076763c96a8325d6256604fc3119ccdf1f74cf1ba','7746309ae60d65a605256e765f7094ee22e3bc1da14fd71df8b56a7e410bf4bc6035b592db3332c2',0,'2024-10-02 18:01:15'),('4bd4af94a6acfdeacb9681bb900e376578029ed42936b6b8fdd2baed86899877e2060070527a9e4b','345a04f00e01da9030cd3dc28fe047dad9a48831ab4947baada500455dff2e8ee9b07cb6e7c9b30b',0,'2024-09-22 18:46:04'),('4c918759ffafde2bfa59d554868d3f7595f17740a34364f94ec4c05f278a8a9ab8325d5ffccb3ab7','baa7398e01afc030e5c595c6ddb8cc4a1c7375aae80af367b4a032415b9d39c193e9b21861e61bd3',0,'2024-10-02 19:53:34'),('4ccb0ea4801290cb9abb12c47a99b4e590673824ea71118496e116b4db89ff2ce7811e50fe36f55a','ad6f9159490e407427b0a7a97866bc2977a7bafc82aaf89d14187c5846572349e2f084891b77d514',0,'2024-09-22 18:39:47'),('4d121f36dc542c216dfb6c9d89e5f30ad4392b3e3a94c4025ab3b5c4cacfe536c3cc0104ba522f3c','39480ff22a6f5d19dffb75db63d0e3043ca3f656e8edec6b6808f6f42b1ddf451148d3e8a3906e9d',0,'2024-09-21 21:23:23'),('4d31269c8c3c74296f8db1363196e4c4a6ee5cd2cdf0d1e6ea8e6ca32d2a5366f550bb399c587b11','c79ff1e63b7be02f73186888c92766a581cf7655be52ee0069e570e209d6f2749bce9cc63abd762d',0,'2024-10-02 19:05:01'),('4d32439dc272b4f78b38dbe96e30c3a8d0760beee00d941cd469dcea95e95455c71cca1d467480a5','179c749ba194abd3a50cf23859a05d84a7b77b9bbf51e8bd5874dbfae2aa60173e8164cb153eeb12',0,'2024-10-08 21:39:47'),('4da97ccf69b4aa5f51e6c4d0ab1f2e4e62339e85bf4190e03d7df88758eef1690a12c9a5a5b36fdd','b6fac7cf5e63be7c4c8f1a9b9ad06240b66a36c6b48ba9a35688ec468c8c48ab836e50d9a0400ff0',0,'2024-09-21 04:13:09'),('4e2204adb1a09005d260fc566c3ffee90c882edc3e572f672c3069532258239d3e56a7619d1d459f','d6f450190ca0acf59a718604da8284d3c99e39ebbeea6e9d939430015579c7842cdf4900d7a30da5',0,'2024-10-05 21:47:27'),('4e66ad96a1d006fab26247775f789f2590095d69af6caedd71e9a85389e655c0844aa0e2cb689e76','25f73b32769a750cca014788ab9af17f839380800800bdfc16474e13c9af0b8c96184f3158a0432f',0,'2024-09-21 21:23:27'),('4e7aef6298544b69632b4e4ccc85ae59d87490e9dc0c5a0ee5a7a0bc2de8961fffeb65171ca43e2d','b4825f160cd1b6bba0f4517ea11a006b033f028b0ad084a9bf5a6d27616e474e818b5dd5d4df1ca3',0,'2024-09-21 04:51:52'),('4e8e54e06232948ade7d826f3f0743c0b4f1e95e7b3299915c7ef8a98703222ccbdc448ce11e2241','b17d90c2edefe40c739adb07b68d7656a70fd53767d2aa049f023e36c190e6e1d92239b9ada3287d',0,'2024-10-16 18:47:15'),('4f651a1be1fdab395809f6dc4e61bd82f44bea929e41edd6655c77890278d861eb3593c1944d0621','ced66519a0bf446ab79d4516a6686b3c3ce940a15a6c6431e80eaa54d2183f29ca4d5497d1d4c4f8',0,'2024-10-02 19:45:45'),('4f7f023453713ab834086803730801f4e5a9239a6a88747f2f36449ecd22782790f20dae19730d9b','a2e3582a4433d0396e4ab6a5c368db37aba7e996607cf4c592fefd5f7a698973e40ee43f6f6ca8ad',0,'2024-09-21 21:13:51'),('4fc923949f92a9ad2ca599bd3c20aa6e139f38e7bb38c205580abd01ea9d4cd39b45880ca9dfd9dd','5479c20444b73d0abdcd25fad0e09a260780b1d43de6222cb9eadf8d3bec47709405be800b814c87',0,'2024-09-21 21:22:51'),('50316f8459cff11d9f4a5d63aa0edc3b366120f4f91955dbb47b9d7cbd0c207d917d223d9b5f8cff','dcfd1b21c3b7bd6a0dc80a06db26b1612a788334bfe24481e4183b5c103b123512df836d4ee6f8f3',0,'2024-09-22 18:36:09'),('50e40789acef741ecca948ceb0303a5dd32195300fac885437fd1f33adae773211c6767342861cef','d7350e87efeb1745536924e1fe8d69df06f7f7d8f9f7a97676cf880b4afbe6e445eaea2f3e0c8370',0,'2024-09-22 18:46:07'),('50ef4bd0cf7bdf54daba74e9c84b9c8ddee60637117b2018403826832603b74e7481f9e692a2ca4f','f6c6572415f84572849ed8542cf8f11e7f86d97160f140b99d99f7e0e4d025c6d2de45e09fe0fe90',0,'2024-09-21 21:21:28'),('51741a4cf26fd3c4b1ed151435703e63f76d447e013f52f184735079bb187bef573bb6997b394cd8','b813f895a2a22c7e3e5f680ef77fabf030d34af2147f12fdc348d0b69756c64a98ec587d9b479ae1',0,'2024-09-21 04:13:44'),('5176f05422205e2b9f074a9e95ed6f64923568fd71d698803d86f90a64155fd7c6c902517b5e4930','8a66a8e3dff7ac9228e336110a4a17d9e947f96c8aaf753c31dce56288fd4c45fe00cfea80ef2305',0,'2024-09-22 18:36:00'),('51cad6b6111d7afdfad170463c98f239aaa36c37fa3bd6fc2c48478f56b527f609effd3967d7a44a','3ed2391d43146f27e976a7be7cd8dcda9a849f8274a83edb673ca01e13e958c94b5a54915860812d',0,'2024-09-21 20:58:29'),('52577393edc6a1729a8589aca052000db5fac17cb4c733740b30b5bbf8ba36ce79b87d82caa828ab','65b13a06e445ad9ea7b4abd5479f33c88cf20b86b872e73aff4297d366e0c2252839ce8b2626b8b7',0,'2024-09-22 20:30:21'),('5308b30c18fe8ef3a5822c21f47f3770f61eb8f5cc45d5588cd139f9ef2ee2c032d6f433f5280246','5edeef7b4554adcb62f2cb76d9306aaf484c94476fd07b59e42d5a9565afcc67e6e1ef2e2b12fe8b',0,'2024-09-22 20:06:20'),('533b7fade3c5d354afed8ff47edc10aaa259c89e3b5bd42d98ec0fcd5f222bc3e913371d396592cd','27296e591cb0943d61d0635a81f230babab12b35742214576b6b55ece98bdcc20c25c4daacc9b11d',0,'2024-10-22 21:25:27'),('54490953426372a3085babe2bbb649fe125e094a12a077749aeba823ffb98b29934080552a94edf7','da4fff35b2a34b82c098a332617e629e181e72e7c9634bc39060e3246dc17ddf415574f4477d9244',0,'2024-09-21 21:19:24'),('544d17100d4d91951d589d341045aa1d22521cfcd1021cae3815a92aea95686f7e4a5111c62361be','1485e417d7394c8fa7a6779111c10a2ca53fe012648cb3ef1299083234ceffc9f1ba8119594cb294',0,'2024-09-25 22:48:39'),('54856d073afa64f7b87d49700d88399d68281fa09cd767de2559c0e809cd8014d757e6bb0d397c1a','faa66e14b4d96437428366b0345242990c15bf98fe328cbd12249de0618370143645fe447521b47b',0,'2024-10-19 17:41:39'),('550d22bf18537ea6cf5dd5a89fe56adf75c86960d807da76d995a1ebd96fd18225a647c83212e7d0','699182a87ceefdfd2aa0731c02757bef789b852bb1b7196708226d0f3aad034c37ecfcc18dc2cda3',0,'2024-11-02 21:30:05'),('555c47ac6e02071d31d9d2e17f70cedc52536e507020a9e4ef596d49413a9900c18be0c66c368b71','cae156f89da78eb025906bec4a4fcb5aabc9d819adeb2d81e1009c7074512057ef34cf09a834a56a',0,'2024-10-16 21:16:00'),('56152f30f23a7f68553bc812678abfebaa3b284d2fddfc52baeda575520eb33fdb9f51b878f016b1','f0727fd158fd969b177c6bb4daa3a811ce2db4ad6033f6b0a34198b8641a6a9b97dce8c34693066e',0,'2024-09-22 18:46:10'),('562234fa7ee3f8d273295781ed421e8f10534e927be2081d634f3404cff1f221daa485964e99ee14','bb0fd394e89cf7d7165d844810cc6df59d0d214277d77827fe7300d24569e8abd806186fd6d2bd5b',0,'2024-09-21 17:45:00'),('563954e935db81463baa8b6d631c03a52ec9cddcdb9cb155aa24d45cb3f10cebd5d17a6ddb78b8f2','1302a13cdffcd82cd81fb0957ad6c27698447369739f1e1d94ac4d042e1309e15708af5e1fbe117f',0,'2024-09-21 17:42:31'),('56d67e19c1c12c602a584022baec13f85b46bcb87138522030cf7cf186604af44f232b5aebcb7159','be520d38c9b8297e860911594fa340c80f10f97ef4bd602017ca5b86e50cb2305da251d4fda61ad4',0,'2024-11-06 01:22:33'),('56f918e63261c17c4bd1b69100dc4d491f7fc050ce6413c3c245b92df0ee99754625e08301b1da2d','76e36e5488cd30285d86c79dbfcaf89482f53b586c90109a259a70c25e4e7f3e13a5347a12492ba0',0,'2024-10-16 21:15:59'),('56fb6d9fe999d2d83e5160bfc7f83adc5449efdefc92b6901621dc227c5f409dd1b813da9fb10344','481e2f1836b8702b2ccaad4518451dd1b6ab22199747f72474af768ce1cfdb4b9c3fcb8da6fcde2e',0,'2024-09-21 21:25:59'),('575e9fd57a28309d10d611e167a735064b4e215425c269bc7dfd7bc0ce100f43fe01f6f88999596b','6008341ad4714f68aa78a4e1abca51930cb456f2d43e9d57d46f2142645f13d3d28a42b73c41dccb',0,'2024-09-21 21:23:22'),('588bb7ac0ed598f02b1ccb47e58bb54951b9f9abb950b02ca833bcc12b070c488c2fe888acbb2661','e50dc3f8451331f82a44e374e4f1a9ed3cd694f31344491eafe41456624f68dc07130184c16fcb49',0,'2024-09-27 19:52:24'),('58b9b5afcbe3dd6679ead3d07f045eae274391fef37c20d52ce07da4753eee8897a57ba87998ec8e','a933776dee6753795a60a1235f25b3f01bfa0debdaf682845c7505529571bea834072aba49c71478',0,'2024-09-21 04:40:40'),('5934331c8df724df3a3ce12df9c749dd2db6cdc1dac074f7a2c02f28f405df476b119d09b9856d05','f17b34c63c3bf248d3ff55956b6cc7aea7d0e1679ee4ed0b8c2f387478a57838dfd1ac28d3e056bc',0,'2024-10-16 21:15:55'),('59985ff9be8bc66995f718fd511b790339ff1ae89d926cbd8c43ad960194208ab223ea4f836b3edf','e5ec70ac6abfa690109610cf9ad0bb4551c798fe5f043fd79661598136d35434956e9bb24c0fb178',0,'2024-09-22 20:10:07'),('599f2ec77dcfc395a7ff1a32c60f5f307bd11a847ef8a06580e890273d974444b9b960da17251757','6a1e45d3795e5b0c7383d9307959ac00146111b460ad3b994df2ea21bf19a9e314c11aa9b034b15f',0,'2024-09-21 21:25:56'),('5ab107255a5a8300d5f504be0589aa2da78fcbacdcaa06b54a1e1efe681f8d2580a38a2556df4ebd','9a4488d0b56881fa69e468ffe2b9cda78a291c530fc426d84c27264cfda82547544a1b3815c00463',0,'2024-10-02 19:45:47'),('5b4eddc2b9847a1fce9633b31f0ad95ad3aec951b9f3b5e9b883b24b6e18d6bf3e191655a2bbd8dd','1b67ff25fc89fa62e1fd58ed16309a69eb0980fdc752d69b1a5c5d07ea0299b2bc9de4c4c6a8b08b',0,'2024-09-21 21:04:29'),('5bd4ff1f87b615a6a77532d18203cf84b585aaa4db41fb7ab4b377fb286375e0c72492e5f1cd9ea1','ac64c7d21b814e2ea504d0a1ecd309558939e36903c4e42bcb34c6db412a5688f0d55f9b579e6394',0,'2024-09-25 22:48:34'),('5bd5e35e044703f3058d91b3d1971e0c6751a407940e63eacbe016643968749d6d753feb299c70a1','a121f66e0a34d710ed4c9d4aa4799279686a9ae1c33bf5c88b0c2c541198ed9831a481df19dc64e1',0,'2024-10-30 22:39:21'),('5be7d911367bb40176676e9b6b2bcbfd2b0d5ae6a55969705195235ce2befc8b25f9bef2839a1fc7','88917ad392164674d1b9e332720af01227efb701f2e32bd904a6b51f2cbeecdccee5d97e2177bcad',0,'2024-10-16 21:12:26'),('5c7033af49a4173163f3c1852aa9566badb22f3ac793e40306bff9f4099a38e6d6739f26ed12c394','083cac7530d6335e5a3e013672c8654985844102912e1858c2590a8348fb2f6390f217c6560066ab',0,'2024-09-21 21:26:02'),('5cc7bd23b46c451580156f3efca79b934f0bdf30b5639de4d71e3da73d4d4a9ab0f9da9bf2dacc40','5295e63fc7a7d715bd13ae7ae07a5142dbe98316c3982611ce90f90b3df5ed0c03c7b6a5aa12701e',0,'2024-11-05 19:43:06'),('5cd3ace8965d4cce67d2236399077130d31cf9dbece8b8c774d791b226e851b0f9de557b1276df8e','b7c9fdd72fa44b81807bfb13bd5589eeade5b85cf9c63133730fe1b1fa66e18dcccbca6fa70f175f',0,'2024-09-22 20:10:08'),('5cf16bbb39c402d4200604fba2700046fa490530ad189d7980b67c364639da9b26457f2d502691af','3bdf0907e58923cd6aef837c8e659ef802ddf408f5c1b665485fd5ded7d6cfc0b738c0323a7d645a',0,'2024-09-22 20:32:11'),('5d87cda4338b1610249cab95537c13376f5691775874db418a5ed7d6d1775768da290459b499c8af','d9c0541e0fff73765acad06599cb843aa9406ece9fb5201005ace94331ca827aa30de6df8a986025',0,'2024-09-25 22:48:36'),('5d9cc59e2dc5bf6bcf3f4c2a7e84a0ea8bd97c2707d9d6b7421c36337a9bc92e2fcd66a59d00c4fc','94a890de9128245205dc03c393d7a27d1b661d50a3b70d3ff4d78c2ef7a28ecb640882b883159f59',0,'2024-09-21 21:22:06'),('5dc46fcb7a89f41bb6505008a8dfc1f5a95174f57a9d47b58ef4aefc9b8abe8af1636c629e6900f5','9a9add8f089af5745b86a5814c318453fc4d27d7d5a6cf71be583d9e313026fca8aaef79a092ed6d',0,'2024-09-21 05:15:46'),('5e6b8788cbc5076a3d5e6a9e8ad769e285cfa55c05bce313098473815255ba920746b626d258bbbd','e6443f28e17c7f4ab7f66e93958a3bb7be074c18aa3148264bcf36305c991bbbc3b731a1fe3a9439',0,'2024-10-02 19:05:00'),('5e8edf6f87cdb1fe3cafc36418b00742527ff09b96db3a45cf23650bbaa62b0f9e563030c233e9db','9edc2cd6569c5340d838bb6c9dcddb6f8262225bfdecb1873e03c3f5682d14a8b4d3afa7e6f26ca1',0,'2024-09-25 22:50:09'),('5f5da7bab41d16667285b400934081f19d284aaca9aa2cca5e009e041bb1d08fec5e614023f5129e','a7b02bdec6dbf9b1bcafcf9f8236f934fd215010154b48558fe15362e095fbd5ab9dd795b451f446',0,'2024-09-25 22:50:15'),('5f9531877ff5f0e0ea7339d992734feffe8670b0e5c5b5e146b5e825aa0bd605679b547d3e8daad1','01d78af3000e8facfba8d0034613db9c94e29834d613c912150a931beb83d427a5576deac82be7d4',0,'2024-09-21 17:46:08'),('5fbc6c4d15512f63945a098f2bba2212cfdfaaf758c9d5f81a1d83ba86bcda3d4debfb88f59664d7','7fc3c24aea93618c33518cd7a696b49ce41cbf964859baefa415c6396cd3d629b29b55a6c24289f0',0,'2024-09-21 21:17:23'),('5fbfe3247ed7cbd8ef8881aba2137336fc3915a1630df758edf6fb266bb6b0a8cd642cae2a1b1150','84b8176ec2563383aa5cec27568b3ebc7d60ad4171a4d303ca20ba52d4860a0b13e38af2984f44ee',0,'2024-09-21 21:23:28'),('5ffca3b668b7eca43d8ae153cff025a82908f1ec3a04158a544196a2e7e6ea8536b20d669b2f2604','b4ac1cf7cee43e07c3508ea58e7e1e4cdcefc2aa2e96ef8584c67128935a198c4ead10a757810b96',0,'2024-09-21 21:04:29'),('60530733e54c4b10ee615b3c93aee013e2f2cfd9d272b984deea6942f32e9bd16f2f96c7c74d2456','0eecfde550bebf9c3889be55e89ba28b4d2a2d56bf103f1f9b14c6c806d3543b6a66eaec7231cbb6',0,'2024-09-25 22:50:07'),('60db493543aff4b0f135d340cd452f5c4e1c6cbb37dcfb87dd8702f34d9cb77984abd3abde47e78d','d960d6948f283d3ee479e1bc567d0fa6f8197d7b127e69bc8d7cb015fbb3ecc1221c2b91c38362fb',0,'2024-09-22 20:32:10'),('615c16b2ca9d4d38f5f4123fe413bddbedf0fd4653f62fcb07074447025e309f5559d8747d1e4fb9','1facd29e6bbc6bef8a85421199e23425632a3c942b6899f079d12e422bae8158122b8fca531ae62d',0,'2024-09-25 20:08:46'),('61c46951860e4ed48c1bde9e236c941fea217ff1b3b8c2f5def777ca7d08ca8c8ed3cc4365b0dbfb','dc95a1aee7b7cb15daf79db7a6222e24f882905fc38d97b4b13f4069e62ef137ef1ecd2da6f64fd4',0,'2024-09-21 21:21:25'),('61c7e2e9cf3e7d30444a959f166dc73e8ec371fddb021adb690214a670d4eb4bc24f3ed4467652f8','88180f0781383a07933e106d08c0ff724eeb4ac7c6122855fd8d90ef33e7ec58f2f151c154ea5109',0,'2024-09-21 21:21:31'),('61f0745ce46536e4cac7716f5317a38f8d98d03d84875bd769cca7148dddd3d8f3662ea3478baa1f','2fe0573e8ea37886f1f5fc97e1794d3b60c141cc6296f34a361a372d6981dc349dd623f259e17a20',0,'2024-09-21 21:22:05'),('627bf7238a8a4fda482e23e2324f02f903e2277475c5b9b67657074a0a38ebeec4a8f31100e56f08','69ee2629edfe12c2cb9bcc32650d997c10f206bb2a6587cd95a52b40affd5da054573d65286cf353',0,'2024-09-21 21:23:46'),('63412c74a10e3798b6e516c9a111543656fde1244d533265d0a2371585ea07d9d66e9b4e9ac42e61','3487156b3bea46a3ec77c5317028c73c4626cc03b61a10b53e36c47d677fd933c3a0d49b34cf9406',0,'2024-10-02 19:53:33'),('638d4685ba27dad56e1d906e7c338601d18ceb987c4c8e78d044b295d2e7a0fcb78dc794952bf18c','225656ad1fa4f87a774e25bd048af58e1c25efdf571c572ecdac02e07f1ba9da7032cabf948319de',0,'2024-10-02 19:53:36'),('63c38047da875c70444641e5b488c1ca2fbadef61fb3bcb0808b6ad272396c2c3d418aa670558803','8c90d666a446473e5da55621632920a5eb4a583562c2640bca3da17779981d5e9daed40100def905',0,'2024-10-02 19:05:10'),('63f759426ad892da056d4c10b3db02106b16ae7f04aad70e392fc841bf87f0c85952cf4beab71cd5','c7304ca7f435422986af86731d85ecd6d7649f12f94d5b01ecb35529fc5308f3554771fcf311e9b3',0,'2024-09-22 18:46:04'),('63fb19974e65ab59c518a65aae4f27d1e0baa768b3463b2dc00caf5aa48fe408465ec6e4b69e2fb3','3f448069d8ec3618121d62b4ab5c9cd0e235d4576c19014ae6cddce610f5cc89a9669beb597cee0e',0,'2024-09-21 21:25:56'),('6407db0333e5cc1125885bb4cc4a841d950ad76637995eb1a8dc20a165ac07043ef1d148300c8ebd','6f78bae767e3f764a93f557d19aa262065e2d3118d5330880477b0990e7c144d49a0071e3ebb6fd4',0,'2024-09-21 04:51:50'),('640fb0980db755408219c683fcc389aba89af40dd2aa5d88ffd1f28b67c23d417b463f570f487463','5a1337d1c5f37de5229ca97c383a6242435d4e7bfb99d209bd969feee1aaa91c6ea7b72938466ee3',0,'2024-09-21 03:55:49'),('64432c02e058aa855756afd5c60bf2f9d22dd7ed1a7506d53a6dcfc13ad00779bbe587325134d9ba','1f5d5bdedf3326d18c556e5402e45f80d87108e19faf73295c62c79d1f3ed204985d6a74391c14aa',0,'2024-09-25 22:50:11'),('64d4cc02e136732834bd0bb681b6ced72de320395a4d0993a7192235dbeee84e95787ce5858dc6ff','b6cc4cc4c6d9b384024f9d3e0e2b12c5943b10b651e7e473f2795ce0c7f033fc4dd199e507a0136c',0,'2024-09-25 22:50:14'),('64f9e4114f0e5daab72b520057bfc729557d4d39cfac4550c293fb6528add3108081c9c750a72ed3','add559968473b94e8d870c288307270eead39927e53e99ada1bb35a1cf82124bce9cc9cb94ac96d7',0,'2024-09-21 21:22:55'),('6559cfe6afe00fc35d1441995a237d5e9acd1800592074cd936a2aa9458c6e0565d0266f0fcd0ef7','8c636423d405891bb9b65d66b6eb52bc2a0bb2d31b575e69d3635e2e8d2b67d3f46540a11b6adb18',0,'2024-09-21 21:23:45'),('6639051c69c5d03d23806a252432f29e14a1a0e59e26ce495c619ad10bcb3037d78872d63c45b5fc','104b6255185fef19856d71703a5d3c8e39513e385a9e3174cb39e6517d77f35af244d725edf45f69',0,'2024-10-02 19:53:31'),('6697fc72adfc332265b47cb4bf56a9061fc5c4621a4fd27919d7cdbbf03bbedc52a146a15146b543','b1430ede766ec1a7dc1aff747928b6105d7920460a98201f6520508b4637f155814524036874e25c',0,'2024-10-02 19:05:06'),('670f1caa63be1ec149b78472b3a7c61f57623387d34babf7fab39c431c84ca03481a118816db6927','9c2ce2c5e54860cbfef229b0cfdd489672ea1c20fd54756076367fd4571078ef096d491ddf566b5b',0,'2024-10-02 19:45:42'),('6739f8112b0c807902bef12d71c634672a7b28ba7ccc0b86eadc7cf050ad09c2237204b6900fbb6d','6a7ca3ef9359bc86b20f545c4f5524bcef9b5926723f2e57dd8a93375ff11281c2dfe40ad2398048',0,'2024-09-22 18:36:04'),('675e221c76a4e2c4c920d37b0cabffedf91b365dbe231cd43fd9cf53c0925427cb38b2f27cb2d1c5','30fc7b9a94a8bcba0b4fc63dfd8904a3b5481c681a60140d4801ba368464993f090bcebbea087ebf',0,'2024-09-21 21:23:44'),('68bf152ca216b74a63ea0923382c352b1df4b1a361b60431e886fd71b87f5ce1c85a9ee7bd2b9e48','473a0c8a3a0831c46e63471ee5d239c6c2d28e43dacdeef01c87aaaf9789f3cdbb8c6e9a82373978',0,'2024-09-21 05:19:48'),('68d42806798ae9628a4d6f9932058bf5f9998056db9d2a11c77e0c243c2e34ebb773764ccf7a2ed6','fc866fabac27e01e7d12e67003d7ece4898ccf70a05ccb7a25a364f0915128496c517aea622191c3',0,'2024-10-30 23:13:23'),('69203e8ef7467e620f5f7a60e8b17c628bd25fed9e7406beec5e4709ffd91fa778a7662f4c334204','820d6ea1e46b3fec0d108f4f7a4aeb8c0ef47d9af7626ad5e6cec29b43c44977a342389b0c6abb9a',0,'2024-09-25 19:35:40'),('697a886a6d8f2fc9c36b5affb343887b4ea91206b04c145b9292ac0e671129afc72796ab5e69a09d','20f342d2377dca4292e791325363852a2f4b6d57a0d9ae468637952a694f455cf86e9116e7977511',0,'2024-09-22 18:39:51'),('69c7837f35cbe13bda86b49affcf9bca312b07786cff566fadadb91897ad6daa24716b6f45f31ceb','d0072d1a5acb71c92ca3e14cf19462bd1814b9203324faeb9a902b882cd59d55e98984ac6673efaa',0,'2024-09-21 21:22:08'),('6a52032b270848900ef718b2ee0a0c25dbc52ee4497c8c2724f624d3efae28a75d1e7e4979b568ba','3697a139a6a2971c4701977780858ce1be84b46ffe4cd57974fc8597ddd5bef1581da6260123e3b8',0,'2024-09-25 22:48:40'),('6ab36adf62eac6939a8c6e660b9f24a8907c97dff1951b5ec60433d3c3f205f82c69f4a579e0fdd4','0b2ba3ff8e6eb5adb8527c1bee64685b6f372fc6fa6be0e60457395b41cf3f4a2227a025ede7bb85',0,'2024-10-16 21:12:24'),('6b9c82659ff08df675a836c6a4aa5c40cfa258a5da7d04e7e0a60c3a43aa13c004a59844ae4de5ae','3c9268a9bdea8e906feff4b9d6a08953c93d0110285a86a8350deb5c39a2f2123d7773b265cb97c7',0,'2024-10-16 19:31:59'),('6bac8e66ba6bc7548de90f0322b27c47730085913761922af1f6cd12a21f8687df38a3d20928a56e','9885a023d9b66d4a022b44c0b32c1a6a8c5108b0c1245ec5f8e23ad6e74da75c3aa42a071240254e',0,'2024-10-02 18:01:08'),('6bdd3ded5efd0b00473b8755febeed67444408e7acdea4fd69bb66aefbed314063fb8cc8f8b601ca','d28ecfc53921fc6c4e2c825f2257b7fae5e1a20a407af583661f178120a18cb5cb610ec4f78c3f41',0,'2024-09-27 19:43:42'),('6c13a848889a984c8c3bcf9a1cdc7f14ab81cb5db277de749445bd90d2b068baab2ba27d9781196e','09e14b86024d3de92ae34347850716a4688479507449389302b7127de1dee48d8f5d6dadd8122e36',0,'2024-09-22 18:36:06'),('6c1441932d1b616bc78ad772885cb0719b5ea2089cfa3ae58a10305507017fbd5fc8d2810363ed2d','c16b07334a709235c0f2cddb639114997686f1bb89692903b6c74a5eec41f7b4646a0e9aa652a1d1',0,'2024-09-22 18:36:08'),('6c175ddba41b02aa6826f94939ef8a5e9d01ba956bb179d6af50dd96c5f14091e7fe12cc6aa9820d','97d4a98d1426c532b966b201730994f370e5ae4b33367b19ffed18f20f7494614d518feb3ff69079',0,'2024-09-21 17:42:33'),('6c22092d55178464ae81e5acbf9199b959d40a0af97f206b05f8fa4589f1823a79c22d3836abc0d6','6a08a41cb02bd66520ac3c4e0dcc48db242be03a0b8feb6691bd413f84e51fbeb97593615ddee3a1',0,'2024-10-02 19:05:07'),('6c64b7501791b3b0c50e18870856dd3d936e6d828b6218c7cc501027076509a0c9a5c15116ecc7e1','4bfd95158c9cd7ef0d13373d9a2ea66e83a996e76c5353878e9c4741c3679f8d07ee09e0db573350',0,'2024-10-22 19:08:12'),('6c85bfb477bd732e635de0df541611bda077bd5c1f1c3d63f54b170adb453221560162c15d3746ce','c685bd78962b78c7bd479133a62611eace8b4d97dd4e6f2778c80f397da320bd1104333c0a3a9bca',0,'2024-10-02 19:45:44'),('6d809fa9b91582b0f65a74dd5d6fc8782f7d4289e816984f206e50510ebfcd57f0e898a36064d23e','409562dd63003723c6fabe661f36525d524b3f8452a34e6820799371c378cfffe97819dc6a711a5b',0,'2024-09-22 18:39:48'),('6df7caa4e05334c6fd97f526fc1c10235cb0a7ebf6096fcbbf600bd0572582d6e2405179f6d5f14a','6adc20c675d57902cb9a3cfd75d7f25f4af4a0acc658df9ae816b6e9d0853143c294bd38262a3194',0,'2024-09-22 18:34:28'),('6e2fefd2887402f266ed0ec08db328ee8a4b0261ccbfa1500a5e9f7a61a3d8f05dc271e307c28a22','cd6e3ff213ba5ca24003420bbc47c22bc5a09fa5419758d690192cf2b9f48c9301674c3545aba935',0,'2024-08-22 19:40:19'),('6ee1fcf2d979cb956cbc6ac75ca1fa0c338c6bbb396e87692575ec2cf609cf358613e1e7c69abb56','71262350110cf50a4bddd3bb712b8ae27aa1e0af9507916048aa0cfcd0182dec581a8bd62cf312d3',0,'2024-09-22 18:36:06'),('6fdd682c1f85b57ee70df788a036263c8d623afe10ba31333f13cc1653a0dcd6ec78aff5ce8f3e6f','eb0aa33ab466fe359b2d03f292849ace1a0bd94dacec6368b2ce9fcc91b2e04e0d9c2e35dfae9545',0,'2024-10-08 21:47:33'),('70484a2b630162ea73693804be06e540632ab7033ca3cbf1dee88ebc81bf16a1252bfd1a4680e98c','711bdd3dd4d25d4dac7285a440d854c2891bacf39c6d9b61046faae16e750c65c528b3b5814a65ef',0,'2024-10-16 21:12:32'),('70d8a2a3349c57d00a9b585cd38ca1a28037bf424444b071e921359f731b5aefe79a7d1ae4a365d7','a45370beb331a3fdb28128edac726228787c0969b48a8dcf8a93fdfd6285d75234984b4058ef6f7e',0,'2024-09-22 20:06:16'),('7173c66f0fedb411d8b207ba0ca22045b3679bebc07627fad8f685cae86ec88def1afd3c02e01304','a00f72edbff053986e921da9e48dee159adc5e4d22ddeae0d16202ea44f5776a4b62cf0dff3f14f8',0,'2024-09-22 19:01:58'),('7184dac24f22d7bc48d545f040ece132fa28359790d939e07f7abc676adc8fafc30f8440b223fe78','8963ae338f255c3add196f2e52240bd0eeac30cc719ceae7b6ec8e6adb387645ca0d6e6c126f9923',0,'2024-09-21 21:21:30'),('735b2a516e92f7c6c933bb1cf05d79d8f73d1d8cf87881012ea430523b2598658376befef4115639','d4bbfaee74a01cc2a2b9736201518c6a1653cbcf5ed6aae0af48f173449027427bfe67c7d56fabeb',0,'2024-09-22 20:10:14'),('7437ad523183c744fa064c55b6be02fee0fc2e62dd57e4475b15ab7a45414ab413b9ea03eab29e39','fb25456b150303c23c79fdc8a8bf37ddf72dbe33f2d33dc99326ca18f7ccabbefcc46bd3f3a41e92',0,'2024-09-25 22:50:06'),('748dba6354a54ee6fab9b7ab4cbfde3cd9536251bb5f6c703cd59280827560885ae240fdb596be42','a976e4e6daf32e9605189876b5d04f7cb516bf3af3d08313e59ea2f95f56927681d91bb368a8b20c',0,'2024-09-21 04:51:50'),('74f051be97f7e78cd328ae3aa6bf6e19bd03d512941275be950f6d3e2a04d9255b1cd7369c71f17e','27b312986f302ad83c098dd31a95b0adb45c9308f924f40ddb22f52ceae0875e321c2dc9d6ae16ac',0,'2024-09-22 20:10:13'),('7598815d9f13aa6f389300686bd77ec9e12642aef4787fb9264a0fc99fa9cf94b24a20255e792789','64e249b8c4e4642d0a0a4429462d1e4973bacf2c5645a08f244747bd466bf1d2248b33f87f1a9743',0,'2024-09-21 21:25:58'),('7634b2a9137587f5791a9ca5765e759ac2e4c2d5bb0b327af5c0be5f810e30fc15a0f046693b43c1','d2e476d45e89a3e979afb2c2284979a69378eb9cae42811a3eaefdf7b4e27caba0b4878bbe2ed1ce',0,'2024-10-02 19:45:41'),('763af4b599bcca0682747dd975288d0cea36ce821844b438aa14d456d5fbe700c9bba28256c6151b','bfa2766837d2f79b28e07387e52f8b3eab94c5ed3c2090062967a12ada5806be5dfc384c748c3a70',0,'2024-10-16 21:12:25'),('766a8d0dbef76cccdd6d75e1bcbaf33cdfa9db90b0095a831d2a8e70abae08d3163f427e94780ac2','44747e56e6420deb0a28db17242c6a2cb9472cb2e3db72245c95e0095dcbc546d9f078b53fcb1c18',0,'2024-09-21 21:23:47'),('768dcd166f25fda168fdae59e305d16dd50c99f464c3cbcfb8395cba22fb4a878c28fb134710aa94','e9d29dbadc154c1234a3c34c932d3d43e3fc7f6cdad574f7a0bd161952ee8ed63c87ba864e7199a1',0,'2024-09-22 18:34:37'),('76c3c6e33a9d0bbcd8a78adb2f2b5e38a01c4c61fecf792be640279850622f93db7c910937bd4ed0','3283a4dcdb2f2664b56608c89c70880f83973750306b2e8170e964fee678bc67244c44adfeb129e3',0,'2024-10-31 01:04:30'),('76e7d42ab480338ac2b459d05de94b5adc75ec66af458f83f2f98fc1189ffae27585393687452b0b','9174feabcb8c5e99a4fd21c63c25f368632b13d7e5a80f0d3c17ae7764c6e3bb07c504b152220951',0,'2024-09-22 18:46:07'),('76f740d0380b5c1e6fe3dd44b11dc788c51316ebff1b924a78061e39aec820ecce8e7a2d9a3cc2ff','985cba94d7a92b4473436161079638e36366063e818e6702f34e450f2e3b1510534ab92f5c07a564',0,'2024-09-22 20:06:31'),('77516295970623c900279ca90a36592b7916e5943b5958d38876197f4a517478f9363a04663b6ce1','456e3e030f2bd480e3fa3d51419947b5fd16730806c8453928d685183690d096694ba05910cca965',0,'2024-09-22 20:30:16'),('77c937b7f5818b27818ccc41c3811fcc79805a630f8dc16985a37085b0928b8f3c13846f9fba7441','6938c35de3c6b5313c940d844380651378c5281f1a560a5316ffcf9d4cfbcd0916b40d10c69821b2',0,'2024-09-22 20:10:10'),('77e2bd09fabc7d8d887771d771fe35ee88f2b6b2109e93c4cdcfef21e8729cfc4759aa9aea47bb19','dd1d2a1cbd664deab1b06b1b71395016f95fe7f26904bf8d59870e26e526742da508762a07c5949c',0,'2024-10-16 21:16:01'),('7839698146686467ded0ad6d5e75a1fcc48abbf9d7f39c318c1135d56eeeefc7d855b6a1b6eb3df2','833a28ab0e6d9080fddf9326a1ce6ce9f3ac6e1ceb4aa2e802eb09a708ca3477b63a78cd418e1b15',0,'2024-09-22 18:34:38'),('7853a600ac72e36db80bfd076c7bf2c931b803f80ba87678beaad7c71f3d81d3d6ddb0aaa4c8d566','7b8122b3492820006323d19ee3e5b99ec7ea710410fd7bca4c6ce8b14fc78a52836daa86c920b2c5',0,'2024-09-21 05:15:45'),('78fbd2d19cca557ea8a0bfe84e50d22a10b75ee6f8157b8d66320a39cc7ec6fd4652cda55447b23e','7b208446eeb3e948a869eab55f525f7c9334a79a13ddf4bb729ca92a4369f791ce85aeaa71003af4',0,'2024-09-22 20:06:32'),('7968e8c30c7a110375f731421aabc53bdd9bfd8e771e95901f03b21f0a73e3796efc76aacebc31a3','b2efb4e2156d62c8336ea95d5963689e9e7d84b134c2b30818150b9a7b1b10179148033199c6f181',0,'2024-10-02 19:45:41'),('7978e31a5d4d8c3fcf4deb3d737d1f2ba96b5694deb0b34c51589d2488c56590c2c821e5b4e2e2ef','0c17f8763503ba3152cd95cb40635dea98bac43837bc1ac711233a4f41da2a3317c32e354d6a6053',0,'2024-10-02 18:52:16'),('7a47d8bd3b58b2882d5f6fe4c0bc7c90d9725835c0685acfb56ee7ebf2038ed28529e31883ad5360','cf05879bef9e107367c8ea69ae2f786334bd4b1f41d4dece3d635b043354aa882ee4c20fe4955070',0,'2024-09-21 21:04:28'),('7a69c02ae8cad302ac5ccb89a314258d8e270518247f0f02d52ba1e07e8bf331128b8e774c23f163','4f0c119d2e04c3cb947eff996ca99c4739cd3d80fda1a73223c9e21670012effa2c1edc6fb313140',0,'2024-08-22 19:47:09'),('7a8b61e69d952849e666580a641d6768669f9463c4cb70c96b65be43adbea0ae552aa58c5bc3cfdd','61afb82925e70d83719b1bb8be405ba2d40deef66322119b15fe662a98e2c29f7ba9a3a76276a547',0,'2024-10-19 18:01:43'),('7b4e0d8ed2ea80663b7e2a4da54087e0c392ce1c024e2d64ade3a9834d490c317243519137ae943f','fe4f07cac6e71551bf0bb2cefe9813552d2fa4759ad07c2eea4e61d442d1396098262acf64f65602',0,'2024-09-21 20:57:31'),('7cd66a65c4ac78059bb98a28d17a0cda2fc1562424066e78ddc9f6e3d7bd6e3d2aa71a68286bad83','abfe37abb71e065742c528b2846893f956447da308437b7eb612171b5dc27034a14a497876657eae',0,'2024-09-21 04:15:47'),('7d6cff6942dd1808e228decabe9dad605594e162617f843b17e32587493bf8555f1c5bbabe717462','df9cb346b335bf3bd22357b2319a75c87bbc952ec3792558311975054817cbd2d239b14caf131e28',0,'2024-09-21 21:25:58'),('7da404f317e3dea57a326ca1aa3b6899c1f5447c010e76704b3f27e6f7125d04964a0f65e0ae8551','dd5daa8721ddbd36663e0c46e73ab79f8189a6c634e2ba0b85bdab422527c4d0dce706f6f17d59d3',0,'2024-10-02 18:01:12'),('7da96237acd2da3e5b62c198e6e4d8e35b1f3b8e5e5910adc3eb0b3d7101a1784fbcec9d7ea82ae8','6798ef584369af76e562298e2b230d8c5aa7ff59b09bf9d5bf4f95e08a12a5983f37fa0099d9e26f',0,'2024-09-25 22:48:27'),('7dacff275fc79dc92f66a7b8168543d8c6a1359b7b8d7a2e1d0fdc545bca01ee13d2264ab2f80b71','816e76ef42983ad21a7ba4e8cb3be8fe2ae42c052cbaa812de7d25325d9d48cb938a535f6fe1d8fb',0,'2024-09-22 18:34:35'),('7db5e0a19d994c914ae4e39d5b18683eddf5569ca44522fb607206935a47d7f61eb8f092a7331b64','9b98b7e436fce882e95f01a004df355302cb9ba1186b5cfed825e872d8acad23ed77b06e7bb062d1',0,'2024-09-22 18:36:09'),('7db6d5c53a27ef4c437b75807a0b651770270f9d800c58a84a2a234dff39163e672644bde5756072','f50be84cf93ac49f58dbd55cfe96e7b5b72795ed02b5463b4975ce47eb97281761eaaaa775bf6e25',0,'2024-09-22 20:32:03'),('7db78bd181e7d206d5663bfeaf1252a6ccb31bd85921925d7ed9a8ecfd339fa9dd3a3126cfceacc0','14926ae93feea420b0867a9b09e5ba9766073f9c34b855adbb15a4699ad5e08b8dbcc1403cf42589',0,'2024-11-01 00:23:47'),('7e3df94cbf7242802f5b282975d8daabf81b4c8206409ac970a2716a041543d1e169b7e4857ca281','5c0eaf2a2e4a5a36d44cdea798de6975f8613f63ff9cfb03e997be99448b8899d6e98e1a88d48240',0,'2024-09-21 20:58:28'),('7e811e55be5765131f17183af3bc9cbe04e7543d74c8e9acbc7500ddaf61c1d98240c55579824a44','6f8b66038b1e87914338af3f87c79356e2523cc6deeef04b5780d51983b142a727943ae759d0d3b2',0,'2024-09-22 18:34:33'),('7ec98720ae650ad4493ac2735c7dc3ea8dd592f66c0413087d6b7627fbe693c8ea9aa8abc5238b69','febf054d08e401922d0793646d73f020920519b748b1567ced0bbecf73a56540af21af87dfe75edb',0,'2024-10-30 22:51:04'),('7f6525d6f14958cfae7538ae28dc1621946f40e3755403cdc8ef85d218683e98f70e7f815dae3ba6','be11c32f0a17fd360d90b916f0785d8ac3e03bf554ebec64460c9b72fab5068c7de93005d02a2ab7',0,'2024-10-02 19:53:38'),('7fb5651886fcbbbd1dbe0e2c2340d38501cc387211d2822bcb8650eec89781ce64f9dd16c0c0069e','71e64ea42057e1ad7905da7b34d07461274ef0cdbc1d6b5b815cd871bbbb8cb1a5592d7283b68fa9',0,'2024-09-21 21:19:25'),('7fcda4cafeb15f920ce56c1011c59fbd8d738f578fb09673887bf4f2a089102009d086ed1aae6d3b','4c479b85cc0d0c8bf93eac4604ab154723b66bcb39d61b12ba3b16da88eb6fcb1b480e48ae6dd174',0,'2024-09-22 18:34:29'),('80c0e03a9d2c04044553bb1dc401cb0f6ab667d46023f2bf1a3b88842840320dd8f319a6cb801901','6a36aded9e7141c2119c176baad7492b8b2509bdf97d842acbfd7b74f83d065a29afbcf859d7700d',0,'2024-09-21 21:13:49'),('8107f726605544b88138e25185ac881db6c4185373558eb62c9485b05a2e9759066dfb6ff73a9cab','7b2336b23c82b6409678469c5bbf1ab133c8221be924c089e16eca77062e3cc4c53f995ca34047cd',0,'2024-10-02 18:01:09'),('816bd18998618f4f4b76175be20b919a375728c0904f6099a073c5fecf52a7aef7a8eca61958707d','ad0759553c075be323fef0ed6f6aa2095bf0777b8e0c9fc4ec9b0f8b78b763247f6e32ccf722de58',0,'2024-09-27 22:12:40'),('81fa20f783e81cf7d8ed5cc9db389f24681e369ae8170877bb0d2643734523ee2fc6a394b7f804ac','12b3d9d6a47258ecf57656f7be7e22b6ad6f2b219bfc484caa55de189bbeff6802e361e02b027e23',0,'2024-09-22 18:39:47'),('820a14a325b592eaec2de6dd682f0baa4858f9df4cd63dec1dad2f6507927b69301955089c653c93','d1d539172ab4c17c63f3b374c0f1d2e1adf501577f065b2bdbc8050d43a903ed499abb707400bb3a',0,'2024-09-21 21:23:48'),('8278897db8b1cff212084d1ea48210ff20a72c387a04d599b8e7fe5e09a3e99c37b970958a9c3378','78761bb24605471072dfec99ca36f8f6683a0e388994ac755fb1e3d8d98b1528bc1ea07c58a88c7d',0,'2024-09-22 20:10:15'),('82a02e0cd1b559c6ca316d379be59b73a47eddc334520422cd294f684bd43db81c6d05ffd67a9068','bd2111bd51b74227f3032ddf2a9b6b89acb72055bef70f9cdc850a0d4fc637cee690d1b3e00a5b18',0,'2024-09-21 21:22:04'),('82ab4d32251dd02cde48933fd90617b63bbaaa1b78b19300b21137e99d2aea761bd90cdd1991b23f','f1c8b4e6cea2dac01b639054a4ab994bf450cdf493189de52b88d3a9c79daf8edb3b082d85ce98b5',0,'2024-09-22 18:46:08'),('82cc0d1da22a5c7c6cedf3955a6fcc266f9adc4abefa99436e1576d1cd1b54b5b1e3726eee808707','330b4b640c40a0101082f1f874dd0ec13eab2b853ff180fda8784d879dd81c8a7ce5009bebf3b55f',0,'2024-09-27 20:09:58'),('82e06355d02d6f68d1335e4399427f94cf55f7cc0f559a64432774ffb3ee45f7e5f6ae8d5e95b5d3','683bbc5334c3fd6a44eec316f2d520ee066374b98c8e0ce41caeb695049f1801817d1fee7fd2a04a',0,'2024-09-21 21:04:31'),('830331d0628975f9a56a7e0ffdcb5cd223f9f86e224e5ae0f78a12fcfb32db94ad7180f6612cbb24','af8eefebb128963711fa8e0d219b346b9e69ed7485807fd113e7722d1e247a20f7f21dd23a091b9f',0,'2024-10-19 17:58:43'),('8318a2b383018bdce131f67e0636e7e04c98bc9596638dee05423eaf1e909c80f1012cf89585b3bd','9a6126251509ae46629b40a7cb3e34f85350a88d11851980f31b20d42faddf19f1b7531b6ee3c906',0,'2024-09-22 20:30:11'),('84855219c255a66f1fed17b2f54cb562865033187f9f1c32eb8af52389815e5419d05d7704b1f2cc','1070e92856ba7123899fe929d52cfbbd6806a1f986bda68ad8a77204d9c39c6c35632b03cc710561',0,'2024-10-02 18:52:16'),('84c136955f2f1bbb27c86c1359a6336da10ddf5b798273d23594f04c0bbb06b9b0bfc208405e78cd','fcf4ca9f5f107bcda13c77125cc2eb286016067a94a02e13fc9f8d71b89dd23bbcaa287479c2624b',0,'2024-09-22 20:06:33'),('84f1fb70d2a20fc3b9ccaab13c5967100919e9e0e4a94a1c0758814ef5fe66333e2b6694fb705ff8','1fcc50df7cdadd4fef9198bc20bcc0dad3c7a47e7d612ea35b5d7606d5ac75fcb434f3e9cbf32141',0,'2024-09-21 21:21:25'),('86014c652ca1e25a1170b7fb77715c2fa7370210cd5e3bbdd8bea5856b2b2662be369d5363a21433','45413cbc8e110d6db5c11c919672bd33d31e2732b553203d1509896424013461c7251f20f2ec8035',0,'2024-09-25 22:48:32'),('867ee864ca02fc91f52003a082883a9a31bca318a61518879539e3cd4160ae561731291a62d16b12','32b40f5d8ca5514dd55da66fe48a0df66c2db23b14a105c5c92dd3d6b3df06d5cf7bc4c8baf9e47f',0,'2024-09-21 21:23:43'),('867efad59cce6828c52172277ea8522adf69912350075b55775823ea340584d15610bfdc715e52b2','e48ea1e906957a9593dff04548b1c1bf288d3be1a71e53ae09d281e130a450dd5d3897c1f1b9b6ed',0,'2024-09-22 18:46:06'),('86e8ade1bf33de7e2fcbbbd8fac1fdf6e5c9ee3a7fecb479294cdbc98e8389a82482edbe593a27c6','564b51e462dbbd7f20d6631ab6825e4d626eb2e7a6dafecfcb718727eb6d0d5b4246cf022acb1414',0,'2024-09-27 22:11:18'),('86fe88f6d69053fa1605b00ce83df849d7acf5dd565780f62779d26cd0dd79af73a9586be6aca7ff','6c974a0f186c719311874c24ff88d5e616692ab16df47dd31f259c54269121d90087502ecba74557',0,'2024-10-16 21:16:04'),('874328f37c4a911e42706dc838634ac09c3c9ab3738dc213a9871d325292001092e10bc2b34d3658','0cce5b3892b0a13062b5a0316afeb1b30981cb154f98e56265a657261a62bddee71276ace60bf62f',0,'2024-10-02 18:01:07'),('877bd59a57726315e02c301102ba47fc0dc155673d492b8f72157f912c400059d0a911bc65fa77f6','dbd28a0a607ee167f2e9df5b61f36b2e867e7d15af23f31694329cdf06fe23331440203bee1a04da',0,'2024-09-21 21:22:52'),('87894ce2e675740b0554cf2daee4b6d4a538729a945e4d4e51cfdeda8a900fb1559872b630287f81','547cda104e92459f578a2b781fb03f5f7849b72af9369f9b385983b89cd7e1064a2e5c79f23fd256',0,'2024-10-16 21:12:26'),('88a7cb14e5cfbf181f4959b9e7ff33f8391940c15525622260f5f9a8801a242b149c7010a8bee5e0','bee357cc6be085e33599904e6f0f51163dc6611b9528fc2c0e18c082b95603f6529175cc4e0ba2a4',0,'2024-11-06 01:29:17'),('88c75483f96480082f54866862809fdafdcc95c9a34b54fcab50920dce642b2e0aaa5477486811c8','ea18d0de6d2377b1504bc1ea06f4a16e80dd66c8f7efee5b03dea0b8faffbee77c5989b20330fb8f',0,'2024-09-21 20:56:38'),('8939d4385a437deabc81c17df76c0bcc8f6eeedfc1f6b320115965f68fd9205c38db1a41c65abcc0','0103951a5dee7ed1deb631f9f1088efdb04cbf805c260ee465e85d90b9af3ad74fd69166d7c79e44',0,'2024-09-21 21:22:56'),('89b9f894895c6606845105d3a1291a09c49980ff70f5aa4f26155c0fea4eab6356fab30cf0c1d7e0','2fa2a651cf2b3c7ca6774312e047c235fbea330fe2c9f5b71c88033b1b7ad2ec8c5ffdceedb8563a',0,'2024-10-02 18:07:08'),('8b3c738cf6dc05f8cde73615d167ccc7bbd37285cc815523cab680f60fb09d46c37bd840f6e83ca6','e0dd448d815cca933ed5bcfffa78d0f3934d3c76d9e2d1d986bcfeb48ed7ddd5e41cdd8154481133',0,'2024-09-22 18:34:38'),('8bf66a1a58e1c5d3d6baf10a3194a2b6b7216b977c5758a98b9f0d075369f78c74544b1f2aea269a','d86dcc9219192f00d8ab14abad276edd5ea396333529d703fc5dca28d6966ce2499fd1af22bb577f',0,'2024-09-25 22:48:30'),('8c7e5ad99bc0c1b90f8dc8f3e45a971946c5c2ddeb44feefc9feb155ae16a08ec57097b5d4a4c014','d2a263b6821191668e26aadcd9e9561f40313874bb63d0c2d3359a9cf359299a2d05c6b09667b01e',0,'2024-10-16 21:12:31'),('8d9c364cd9e58b333c0683e7a196f43bb652ff4140b6e831d6e9d3ede2910d7c7ec1f7d039989a4e','eedba17f42c8cdfaa9277f8e97efbaa86456308eeb7cf9834fe320aba3674a784d73a67b704b8c11',0,'2024-10-02 18:07:07'),('8da33e3576b7fc73c0ead627c440c63da955ae20b5141cc866fc4712d1854ba62487b89b81f9b913','e32a7147e72651cd9cf82a9c3c22012fc6144a68648e318667bddd7cf248ba993a25aaca6543227f',0,'2024-09-25 22:48:37'),('8e06b95b212cc6984d24e8c8e52323fec001d5543e246baf09e6ec0167439f564cb8bce504e1e9c0','3566d7caa9f7dbe0d2552b6b9d71ebece58ff82af5a3ad4b984d205b98c331bfc2def2adcee6df2d',0,'2024-09-21 05:15:12'),('8e1e0a070007d5a687fbe993f586601e23b5aad7b2e8292ad4d43e2f21eaa51c3dce29d667af5158','9bc4882068b2d8f555c645c00405cf981f062325b89d2059bbe78056033d572b0e547ef659dad692',0,'2024-09-21 05:04:03'),('8e7533c2474af81f063c098cde6ae0ad412efa74a27f434a3a05c65b6d1c7460cc43a9c479ed67cc','5414b8aa3681c6110c8a4c598c32fb39906974691476d726238c37cda60ea1d501d543ccc68a8f7e',0,'2024-09-25 22:48:37'),('8ee9669eedf8d249a74a8fb81b02b7ec2b3cdd7346a16b2cc71204ab6df7fdb19bd623ada69f589d','46484a1568ce23f8b11677cb185db86ee334060526052c6a374400ba7c01b8c4e48bdbf78d0f11ce',0,'2024-09-21 21:20:26'),('8ffe962c30706d002652f9906e1201766beb3a78333f6a3e2807357cd1fd7121d4ddee075c982439','e63cd3779ecae5ef88a8fad5dcabe4bde5e551e8746854a5f8c3f4cd2b6b673b64ea8412f903e4ae',0,'2024-09-22 18:39:51'),('90124ebf0fd441e18a19a00c52230b2672cbe7df5bc583fe72d76dba772cdb04630bcb2852d39968','461bd7e4f7cd19414a51be5c6b750166d2096cf0ac088d1f1176e91150242c5fcd974074f7bf0315',0,'2024-09-25 22:50:11'),('915a543f1b959bd6ee35c8c6b7da3361860869360826dc4847b199c199e316aa25f60582ccea2053','3ba49d32a1c0addebee15982258c6a69374f796c1554a7b70f7cdb611d2ce08034a75eadc717d375',0,'2024-10-16 21:12:28'),('9162f3d3a83bf9ad1d45f48fde8b29bb5127d11d34d91fb151ebb96625271d61f8bfe1c2936bcf4d','729569b8c0cc9b9451b824632e2986a6502238ee96d8547f28892450f0f111eb1c34f63349d521b1',0,'2024-09-22 18:46:03'),('91b19fbd855b9a89c803062a19cc40921ca925f7d2e400551241d393cec333c47ce23c6a87d4f968','bda84529fbaf1c6a6461a2b48c3c01c02ad0297bf571bb74bb0cb143adc81ad663c15c90bd580128',0,'2024-09-21 05:15:11'),('91e07ee7b8f460c36cfb49cf88d6a185a6842a1fed0ff6170f15440011112a06eda2841094bc15e4','700b07710a37939be3ac925819b8941b6d7e32071da48a1b2bc35f371e4c7d20d074779c16dcd3d7',0,'2024-09-22 18:34:29'),('938dd63211477c7ca1ddfe52d1e19262c27b5d8339143a24bb9d6bf92c8a6a9178db3af6b2d43bae','7505917e0400ba9ba36b60e370f1aa77fc63339697c65977dbf01f59165d926ce8715ba3905ff24c',0,'2024-10-30 22:56:36'),('93b94c06bff6221bf153552154daa048658524b08d14bdef780c8bfc21249a194cb365252bc9be4f','ffe72dd9dd6a385b380031bdb1161b65b9835d2e2fa834e361ec0158029f91666a605f5ff8382567',0,'2024-10-08 22:00:09'),('93c12b0c452729dbd081790aaf9bd5c14e655df1da89127431ac258978e4a6bcec0cbd4241570188','008b89e7562db6f598454e4967e60b14d33fef7543c58f5dbe8e7c5f7cdff3d2f6bdbfe53be4cda3',0,'2024-09-25 22:50:12'),('93ecf567b7b9efbe10b4dcabae42f8cc125c4a579413b7127cb0ac629f5a262e56c59450d653a496','86d01f464975bb42a9b619c17e0effc9370bc39614027180f6edb065caef039ea4d01786715da924',0,'2024-09-25 22:48:34'),('93eee30689a7c5af88b3e7492fc259674b569019f5a2c8d18282573f8aff1a13eebd606f2509829a','ac0c8bc660c3e633ec4ede8f60aa5d55664e34e8265770d7b165e50d505fb4d269521d3aba583dc6',0,'2024-11-06 00:27:06'),('93f2e1da086000ce73bbb29e9129e10bcd4f1abef54dc43022809c5c99f03edf783baa9429d00e39','0dc46ef369ea39bad2a2cb291b5d7bbb8ba1e3e1579c31eaa3e0eb8d7a53cf62e7d5797ec183b424',0,'2024-10-02 19:05:03'),('947b51f2ec84d7eb8b6c2a8e78cd2444bc70e65b20bb7d7c44e6b122baaf6a12cd071359b33d0cf5','bf35e568b67b25e8a92b9bbf21f24a011133ce3af5677b5376c16e475a7bfc8575d3868a3651c4ad',0,'2024-09-19 20:02:49'),('94a3eb692a7a1aa5d50b0191aff842b3754429c92eea301918cd4bd23b6c9e9fa6d017fa3b6d3ada','09eff7328f26da448512e0faa12f8888ab819eadf3d53f0585a4c6415a5926b21330bc88d93bb399',0,'2024-09-22 18:46:02'),('94ca2782022aa04dd5dfeca94c1840b573d7da62216ae94f2c0110d72f1e52340425e9c102c734d0','2c3301c0286ef63f374b57edf7139e7816d380888ad09e091f7e08c820242b066e4041ca92b4f385',0,'2024-09-21 21:22:09'),('961513cda669e30edcd5271b1e52faebbad20f90f54417fe9faf539e90c9e7f353d83dc9c34c2b29','6363227ed2405ac1ee4b4da95b08e2ee4dc827827a77adcfdb14d99f7aa826884b9b7cfa76a8c6dd',0,'2024-09-27 22:10:11'),('967df9ae76a0b72120af21b3933d3c9bcb9324d711d8a1dc749925efa9f8e47b2f0802cd02b832a3','436b98cdb3c2699833c61a0171ab559b19e7995cf32fa7a760f73a0673d6eaee14c6187c36440dfd',0,'2024-10-22 19:09:37'),('968ead0879a36f5062f0957a5917eaecdd02aa6cf8ac8c7f58cec5da2392eb05fecb82067d7dd84c','2a9d746be54902bf8af5efe13be841fb28974df71546698358ec24185474369c794e50248a21b2ea',0,'2024-09-22 18:34:39'),('968ed716110dd3147afcf666084393e77ed103439b6d7526bf8f4549bed89e241316a3318d4e1f74','e773836ff12318a139beb0e6ef30234d4703fb8ac9d7ec7d2da3181d91f2ff20ac0a1b43ad136224',0,'2024-10-08 17:50:10'),('973564fefde2647c29277e3e3cbbe560fffa6d4f725a707e12e256d90143cf2c5a7a041002605289','1a0efda86d3d1183783477eaa63bff5349d621a53f48dfbd10cbbbc910e06e562c9d913ccf24fea0',0,'2024-09-20 20:17:26'),('9773a5f9dfc9682c206178f5802a34e116a2da329a3dfc569ec23c5cb27ceb523db68004da8dc4b9','e9d772137217590ecb2c6958bf1660300de41294e47a6feafc07ace15c13f356f2486b96621ff9eb',0,'2024-09-22 18:39:45'),('97ee315654f9f138ffa4db7137aa91f3ed11a8ddeef514fdc26c0a314f196a74dab9a28ff7fa790c','34cc973908d44deb3e0d5224b207f6321dc8737a23eb01e39685838662c2926a45b0d942fe1a1345',0,'2024-10-02 19:53:31'),('98108a24860beabf1b38c93f90cf7df8992ff7f5b7de7981a59ef2aa48ce4335a3e97c15f1b5c2e9','a4cb03400a74607bd72c91877d958af8a0104b9ff557de30b2193ded6f9404bb28de5301d6fd8244',0,'2024-09-21 21:21:26'),('983210fbc5d75e291a87d573b0a286ac701df57e8f50c32bf63bf8e03dfda4a62b18ea8313aec5f4','26578250d3a537a7d5d64a42b1e6dd3ee84417a45ca3e16387aefb36202864abcdd9b6c74d212c84',0,'2024-10-02 19:53:29'),('985ebae0aef0e2768312e0f2f73734aae4c4558919b2b69b6bf6a81bd1341717dbf5535d70074c9a','ca88145609bdc00f5fe0b94795c618ae9c74b8c1713409faae95f6d0e6af263e69bb404275ef1c0f',0,'2024-10-22 21:33:03'),('98f503c155291e1d6654be41f1e207a523d38eb6c77ab08954e2c360ed9161ac238360153d85243f','7a5fd414fc95c6c54daf42e1cae51638b2ec9fe2a0b54aba2e0bfdf3bdc944df24a7c1c10c740d4f',0,'2024-09-25 22:48:33'),('995e6de8bb0bf73cf2824d43d93d6c4e3b80988e218e4489a2626669c16f5818cd2c27a05a117b78','5f2a1729304b56f8f9f2cc57e539e13569f168fc04d8534a1bd11e5c0599727e3bb144fc4517cd91',0,'2024-09-21 21:23:25'),('997a3dd323ac6d72470afc1fd9fe262607769b2a0aad4f257287d98884b75bcb2f8537a32ec0935d','77276136eab687d352fde0fc7648a167c12c6fbd0255abd9c231a66b5a5810d75b004d85d0ad0b48',0,'2024-10-31 01:27:00'),('99b56a5e5e7ecf3e874f97831e470a3747e9f26041423f6adc041846de69f23f09e8681f7e9c0324','b59b2c60528bbc6d09e7c6fcfde7438950b8d83cee08dd0e7978cc7ae09be964c1a742de4e4a3420',0,'2024-09-25 22:50:03'),('99ce8dd77667cf35006706f576128bea711879453988ce5cae9e1dc2082c6409d518053ff2ee054f','389ff0a59d0ba57e26cccba2dc6f3678e67e8effe84a63d6d8f1764898110d7c5b492749b1252fee',0,'2024-10-16 21:12:29'),('9ab75c6019d4c573bb9107b5cc9154c697cea2e5fe724786398226c7e033d374c3b15a850dc581c6','88dac5c867cef508419a2f13381ac070f7da152cd257e1490d6d1bc78751a433bac5d373dd1af3b5',0,'2024-09-22 20:30:14'),('9afbeb73e3a0a2341c23e453d8e24dfa5747e062c4667dc7d7d757e314cf4b7c95be502500e9bff2','250cc45b3daf7019895e95ee9daef0300dbeb2dee7220072140ce28845521d5ea1ba47ae2871e3be',0,'2024-10-16 21:16:00'),('9b07f5d767333ed34eedf301fc1b14ee8f0d720e37e1aac956847d83fd5829b10bffc98009f0620a','53e02f853de6fc09321d2cc1a7edbaf727c59defa176a0503fcf065f8e135f1f4925f8ada2456106',0,'2024-09-22 18:46:10'),('9b4070a6a53ea0c404d7b7ac0cd1e78fa81a28718e5fb74f05cf40bc56632cd863fae47e9241aead','deac7670c0467c992db51b3a49eb94581418bb064f10ebecae6b55bbaa5c2e5b10c0e7a4a756d472',0,'2024-09-25 22:48:33'),('9b5a65d7fdff8e55239aa77c6c4a95c77d0f71d1283b7fc5e30f52f3bf004fc468efbce2357dfda1','a803a226d2b28b9006d6d05914643d1506e3a5d8ec76f0861cc1419f78cf5b157d110cd7b1efd64d',0,'2024-09-22 18:34:32'),('9cb475ec9cdc35c65becb7439ba310db7c962f6516a5ad962965f06a11ca8a32570f88e7e29cd67f','ddb0e48b45ca53d960b7cb276a7af1b25e099e81447e9b1daf379882165e63e926cf409f370f8dea',0,'2024-09-22 20:30:10'),('9cf838e1b9b4439bfb3aeb5ccc225ae1791b91f44f5571a47f4977a2fc6cf57282a2941985baf916','eed17abc21c2c66ac12459b197c88e7a4b21036d4e0f824d454cff24da65f044ae722e472d5cddce',0,'2024-09-21 04:51:49'),('9d24dbd8115326e234aff7d77704e86766a6464ba60ddf9a30103bb695c8243cf4f62cb2803779f7','02dde2b4855376133cf292bacc064305066827b3829c23c2eeba0b0243d92b7eaa10c4b882e417e5',0,'2024-09-21 17:42:33'),('9d4072474be01393b83d41d1a43e472a8696d015816317c3473536b54d8c067080b8f4881ca90488','7d563131c999f9aa217ff4ef4e718a01c94e5a29c1ab1f905ff8fe80f132b85c4baf03e9eb6ccefe',0,'2024-09-21 21:23:28'),('9ea787f0b6c355339e5168e1c435a19d9bea65e43e677aaf2799895af58658419c07672178eeefa5','0882378aa2df3148460a582281f30a57288e64230cb31aeda013a6745ce0788a52d700040d0cd65e',0,'2024-09-21 20:58:29'),('9ed1f587e525e9f255068c7e26e7755815b0529bf8231d67f60bb539060d51d7615a1cb672c8c1bd','d5a98606255f3b597c748215894b16564150dd29c464c0da2e182153579d27159ea254396e8cc32b',0,'2024-10-02 19:45:46'),('9f6dfd1889b1cdde938fd735603add64319c80a09b88d4392cacba93e4dfba05c9372c378bccc127','5e938aece29e9b08e768298940bc11cb690e7fa58b71ecaf4ff8acfe8bd8aaf8f06b1de9cf07e456',0,'2024-10-02 18:01:14'),('9fcbafb85e864af6b03cbfce7d125e42a3b7f96f2513229d078a08e6e599483136961e965d2d8e9c','38c4e57ba0da14f891de778725ec8ee79fb0c7ba72c715938bd293e7d446de621c1495968840f385',0,'2024-09-21 05:15:12'),('a02c0d72f1a1ff486736f3c97abeef39adea9ad74adcfacec8753e7c2dfafaac4f282a9699954c46','3f487812ac5ca556797349d5a12ed4dca7b6a4877fa976620d9e5c144afb09333ef89a4e8cc193b7',0,'2024-09-21 04:20:40'),('a035b8e75b28eaec7ae5a671c671869213b5bee042b8d88a78f0bc2e0f8b91da7a98884ba462cf84','dc46abe857faeb0931880aa2999583aac2a7ca885eac505a92078ba7510780737350fb18fcc26a6b',0,'2024-09-27 20:06:53'),('a0399a8437173a223ccfd061be07f8483f3cc1276722162506cc2ae34f47f373a833f9d588c74d13','9dd51e459465b015bdfea94ebeb3de8b3805137e94f08a73362fc4274025bc35616d9093e507c254',0,'2024-09-27 21:09:44'),('a0455c1814d3c75d3d1d3cfec8202e933a89253a0580739ad5744e05ad532168fecc18861257afaa','1ef2a10ecac3f5ff3a262b09732f83e25a970f7ce8b4489a3060fed539e1f60965e3912f9747c61d',0,'2024-09-25 20:06:12'),('a0571c0ef9da4d7104b0956eca32fa1f19b1cedaec99115f68a7abadf7300f95ae14a04c89d2998a','cce33b0d0985522ab33ce3df08035cb325f745889e6cdc7f760e9d80a30c2145f8437ff3fd3363d9',0,'2024-09-22 20:32:07'),('a06e229aa7eb0226572ee007950befeef258ee585853a462a02d6a656353e02360897172d8f662e3','3f87a6beb023ef112d093a1eb57d9bec5a81650017aecadc798ad15e5c1513f38b829d6cdb1880f8',0,'2024-10-18 21:51:33'),('a08777844b317f5c70ba5bee3b1853a3c2048b789cd07a197fc8d1db04d99c5ba140628e2fb2de53','2c3fd292fd48fb0a3c959e4b3deafa10a069217f58a5f2d422136faecfb1c0668d3a9384bcdbc358',0,'2024-11-02 18:34:43'),('a0d0ff717f7573607d26c273e51e91df60e772b8ee3158853df1f3aae37565eb2c8e4988c33269a2','6ca752e25adb2a55680a2ad68ae663746ab6e7c679716acfe1b5ac45af3bf7458827aa2b85b680bc',0,'2024-09-28 18:42:03'),('a0e1a2a01770cae7e63f371821d45d46670b466bab394a85fceff3d2bb86a28461ba90a923f48e2a','ad6f2d4089da854293659bff63680335ac3a2767ecbf116bc032febb42d4bc69a698fe1c3d6da215',0,'2024-09-21 21:23:23'),('a1b5cb131b0cbff5177842a5705b7801b536cd8b64b9ddd6e681a1ac24db4f03596c8ee4811e68d7','5f35a623255008bff1b8b6e54fb12b7151ee641ab204955a08ce5a0d36b40fd68cde750f5a2819bf',0,'2024-09-21 04:11:03'),('a1e53adf35943ff55b324c340e789af110cd08cf7908e887feac3015220e8976fdbf36383ed7423a','cbfba4e039adcae83c78fae2758715a9895e727f7d68f940d7b14c7b7d19424fa248fcbeec65ebdb',0,'2024-10-02 19:04:58'),('a252e0ce9d98b205e9faf0bebff75b3f5a219380488c45f4cecc62bd4d13048355d5dea3a72d4b4d','14b7fa0ab8cb2d86cbd1a3923c4ffe63d74818c0526b86a68b1d1a4eeba35f3a1f47569ec4493226',0,'2024-09-22 20:10:11'),('a2810c95bddb112beafe2378096d1e4c789d559f7b92251f80f7f3f6976811758b4d62aa97e221a8','a010040083848a2c57e6764a4f477b02c8b90db929a0d05fd0ae0f87a1a9969cb86626d8f7df7415',0,'2024-09-25 22:50:02'),('a2da6fb2b4fdc747ceb0085866bccc76df6f4d2741813a1e79809b5b7e85c9abe43edf00dcc722c2','bfaf41339bca0b596ce205c4555708e11375e358086d209996406993fffda08b7a1974433154886a',0,'2024-09-21 21:20:25'),('a2e581c02d02e3dab6dcf7a41116a8fbff5619b73ec458a579631e89ffe6446ef02d823d225293da','fb3328a3e221f00eb0581876c3c602a81b11124bf1e96ea009ad3d128c2b09b5c41ed9cf82a5f440',0,'2024-10-16 21:12:27'),('a2fd5a8d9ba1cf31bbca7b4ec4413e996f7f46386441b7771485139d226f5162a7f8e09363c13229','e514cbdd8a2c2efc59fd8b533a1d2263032fa0c0e7b41b832b7c27de08691f3494612d631086fb6e',0,'2024-09-21 20:57:31'),('a3644bd63a1a1fee444bf43e6a692983b11e13e10a9a2e54ef60321021519f78bab08aeed6758843','394161792043e1f21cbc49796e138622d78acb8378e0b700a81b09334f4e329c095635fb4326b172',0,'2024-09-22 20:30:17'),('a4cc061924b037a025af5976c4e7312b116ecd654cfd0d74d8a6e3e9a0068fe3f7426cea6147869d','c64ee5d9732f57ab9c9256d7098105577eb2ac7959d7c933e14f42d4154333beb6308bd8a6cab21f',0,'2024-09-25 22:50:10'),('a4d4225bf4ffff7df1570a8641241c68672fd449693136c70612226b1b52a5d94c4152b9e69b443d','8ce785e8368a58b0cbee9963678b58f06e0ba1275d73794b6b7c3026a9b13792434ea1519da71bdc',0,'2024-09-22 20:32:12'),('a4d72f1cbafbbe39c4a7d0e7cf17741086bf5988be9c0be1bf96c9293f112a3f828fe3435e7ddd22','3f3f4d9bd55da8b2723c478bf7da085e8067930c2e48c6eb411bb2df78398933eec746d10829fd07',0,'2024-09-21 21:26:02'),('a4e06c889ca714b0e9b397d5a7bf46a3f5a579a88081875f9af82ac43911e138711f68eb468a3a9e','b53de55c5e48a6848eee331dcaff5247408ae3c85db385cdc1ac7bad8583dd99e28b69f1884a786d',0,'2024-09-21 21:22:52'),('a58c0f74fb65852e0b94e560e0d71a61eebd2c83e051c379fac98ab1759bb235b489faa0224f1f47','3fa2179c806161c4a2104481e196aa232a295e2ce0ee9873a139f0e5ee9c9c8f752c58d38a53cc55',0,'2024-09-21 21:23:27'),('a5c90c7a21fb6126b7aefd04188580c7673f287300e0725c5444eb41411c8b5dffe42595d04b2d2f','ca81b81200d9d237fcd9e1bf786e37ad61e5a4c409846ceae95350102b64a2b48b8823e5ee438d6d',0,'2024-09-22 18:34:36'),('a677efc3f837f578cceb3f86cb4431b4b0bad4020a72425eb2324b721a95dad9257d42499192bda6','6f5d4539a1d0f3b854fac6373b3f23e2fc2c30782e983ebe0c3aefa8715f04b0ce6dff6c24abaf9b',0,'2024-09-21 21:13:48'),('a6c77b89a932860ce08920d133a131eb97e5b58008fb2ea3fbdf398cdcdaf0a5989a8b95bdc2ff58','3cdf5a740699d05cd52061de1fcbd452229637f812cf950fc75d3ed468fb6550e85c148bf026a8d3',0,'2024-10-02 19:05:11'),('a6ce101629a1cd65d85d32262ee63a2de89aea9a56369690940798492c699394c092a0ab971f0154','c68b4de950090e0551023fa818e26da8922f9e844461282853501739e7a2676a5f2c8af2437049d9',0,'2024-09-22 20:32:08'),('a7133fd03d53c5f0176923b709140e03f05e54358de00f078746e3470abad6ded805a1e73ed4d851','9a25e3c72f7c9c2787b0685d80d75c512a90db510154389415127da3430ecbf6f2665efd6ef6af67',0,'2024-08-22 19:47:05'),('a78033907d64197ce67c50d2c75e049adcfcafd4ab46694a08c417dea32c9e277dc6867e7bb9c19b','04fc1e656241bfd5656b33ec38b1dc8f873e3a3b3b7b6a7111a114b1706d9fe958ff758fc089aa94',0,'2024-09-21 21:13:47'),('a8061647244f7466ab0590eacec2d07a1a549c0ed606e716259b935aff567a8b8d2d16bad6b4bc17','c56455d156c6ae50f814c88634d7ef619d1cfcfaaed1b3c17008511fd6a8987ad332ae4d76bf57e7',0,'2024-09-21 21:20:24'),('a8a499474a123110a26de20772a3bc860362ba9322b9924ab1af7ea479140a2620e8a62eacf27165','c0760701d447260e89912e325409c76ed0b9edad140d7dc81a51fd187a0840fdeb611912a187442b',0,'2024-09-22 18:46:11'),('a8b3f799a756a949ddf76a356fabe043da6caf06e200621c79622e15b6d81d45d813c635d81066b9','d68564614f6f2e949dd18c82f28af48e6f718c456d4e01cc9245e4abc7ee7a75b6961cdf85f493c8',0,'2024-09-22 20:10:09'),('a8be5f75633c55d6dd89c33d136d71ba7f1ee8f66a8ac02a70c52d362c1a94e63e79934de3c3ffe4','c3705abfeaad22b56268b3dd6d239c7cd086984116f18600cc4a435bccc8328150a98487ccc90d5c',0,'2024-09-21 21:26:00'),('a99d4698120e9758df94b9912e5b4aa7baa2816b9eb3be1ff799ade5437af4093551c2e3231ed1af','4c307d207a54041fb098a56e91f1abd19325bc84e7905dd5314af2250decd2e73fbd80bd502adf00',0,'2024-09-21 17:46:07'),('aa5e5eb2da6687a7e67b7c75eee097dcae6703646cad23348a3cc6ae6cee8bc7f77e3c46830380d7','a72f674f9b90bfc96777fccf85afa138be1f2e0c70577020a5746921a030ba6cb2591aa38b31fae5',0,'2024-09-25 22:50:06'),('aa6512d5e497315c6e2c2e96de790ff6b69fc594690cb5656c348b1deabe828053b9f4b01229e5c0','ef7427f52baf928b7413df78fd664971de534f4dc4b4875814dbe022c83e64fd54cd8f818af89490',0,'2024-10-02 18:07:09'),('aad975c3d6213304b1849449d0c6bbe5897d43de84f260937ae211ded369bd647e485fa734ef4618','ae01bb8d5923d4f752ec169a5bedbf721659b88b718e7a9a9e7ff7b8e4733960dae122842d50f253',0,'2024-09-21 21:19:27'),('aaf1890bc68298621fe1b20b53f7ed144dd7cb0fe0a1c594afd37dfe56a8afc01a404d52d2205ce6','c6d745e0ea26f64dcd7449f062b1e52e6e2698688200cd991182b70e4af4afaba5b3fc3a58b72b6b',0,'2024-09-19 20:02:36'),('ab4463ee2e8a1dedc5c5b73c9605e2e3d9142cfb10c35267995d65425ad2a1e1a1693561798b5d16','995c282588101e483e8b30117d4182387c9f70f4c0a36f693467c18eef4ccc583bc6a89f8fedd9ac',0,'2024-10-16 19:38:29'),('ab80d854d663709571e4fdf8f0d712bde8eec3d94a494ce7a043528bb26122f0ce8a163698d7497d','fa023c23300d24c78f04d13675c8b7bb3715b4950e6ca55d7da602b1c3100a68c72842c9eb5958e5',0,'2024-09-27 21:16:54'),('ab99511c903cc8726ce7b9fda74ac85f1216926a9e8e7376bdabc19f4e2fc045200327c49204c19b','3a9e2074089efe8a38114412c8a0fe005fded64cfe049524a7dc3a3ed3b518cb427c6d9a4a9f3093',0,'2024-09-22 20:30:12'),('ace22966d9823b371ac93ef4a85e29d5a44c0b452a90fc48fc4fa44bef818c1ad8f37c1cc1b23c16','3c98ea34b9b6d3c67b6fbca3e5bffb8ba4327bc56735c341d01d0c18722e0850ac09e0f7d84b9de5',0,'2024-09-22 20:32:06'),('ad1070f68e83978aa1b3b5b1ca41b98cd0a692d237728c24e11381fe30c8a7e6e0565e5387398b86','cde35fe19ae50f7754047231278f7ddc8759bac0d80f35500e4b5deb9d544cf3ed90d4fbb1bda504',0,'2024-10-16 21:15:57'),('ad43b67d558110c59b6558533400e51ea03a5b6a8c8ed08ee6f6b57d80f52abe15c0f069e681a3e1','6f68e63795caa74c236072178d58784aa382f5f693e2ebd8d1699dd8dbbe08f41172a7d1a75d4a53',0,'2024-09-22 18:46:02'),('ad5919f0632f851d24162e0470dddfacde29f2b3208ce58b9c4b5b2c868e8d27d39e1c262ab51c5d','82875a5b9984f9cfdc4bd604f977f91d2af2229081d98f6a757903c1239869df31f3af93dead3708',0,'2024-09-22 18:34:31'),('ad5d05c5bd84f04a0e1949c216bb31d73e3993fc3f95ffda438ba72dd6326152092e2eca7404074e','97a7db16a0f72b879c230f083bf7f7ef72b09b8aa6f399b705866909785761859a4034a1f14296df',0,'2024-09-21 21:20:27'),('ae0fc66f7eb226158c11d5b2ae2ff3c72407728fbc550c753ede857ea08d55c9283cffc17fde2f82','c1c1925010c56600dcbebcafb6721e49e758a9b19b5af66751294b47d650db678266ce4c97974ff9',0,'2024-09-22 20:32:04'),('ae423f8eee9bc3a9d5161122754217cf1499417de43561dbe18b5ea0e24f0983600e5b46174be5b8','5ee28ef309372a3703cf1c9952bb2d9fa827a742cefafd25a81262b785d8bff3332da8a890767038',0,'2024-10-02 19:45:48'),('aea1571528932e101a5cf943ebf4047b59c0a073d30012bdb0f236da417bf4ad41956272f301c8d2','c85ee2e668521f35ed769415147391b46e2033d28dbc450d78d3e18daa513bf673624cc825543333',0,'2024-09-21 21:21:29'),('aff69d927265ae88d78b4f91c2885c983025868e97dbf911fa2658520e1a3620356eafb532986870','e8226d27616298343291a49a9b159b8a53ce2249ce7067f09fcff2138548758c951c1d92d0aac944',0,'2024-09-25 22:50:04'),('b099e834570f0ad114d3944bb24d4b9e7245a8af1610a9c8931f072852151b5e463929a33adceace','8580f27cfcef6cee5cdfbc81a1184c05d98c49b2c6264def94382cde226bdff7dc12eb2514b3a847',0,'2024-09-22 18:36:07'),('b0ca2280cf5ea5a9c3aa0a62ca6246880f52fd03a991a9a9f209e02e661ab5b97c36bf984230fec9','e7458ae46f67da1668ec73b3705c03061a190f59a87aeebfe2225a6b8f7d29ca871a50613850ec43',0,'2024-09-25 22:50:16'),('b138186aaabe1cb3905c8794856c07ea8f1a7d68f6108c3428397ed59a21aab7618288e4f97638f7','90bd59cf2a2701f26524db90d01bfc1de0a9ac155e443d9ad3c2f33033a37ac8069bcafcecd54129',0,'2024-10-02 18:07:05'),('b18c14719b1892cc7e66c5637203ebe6ff6596df10680202c4ab15be0ad1293cdcb1c4982337e9a5','878ee1f81eecf4c470d55f64e3adeebba8636cb2e0b2de860b3e0e57c771004c4fbd1de4cf376b1e',0,'2024-09-22 20:32:09'),('b1a3715e6b3927333556daddd5bd591e3fd11c099f42f6f5fb180bb6b084160d98d1d9f513d84266','41907f598d1d4339e61e8be4238bfbe38ade3db2bf6ff2039cfdc60402033fd9a65d16382061591c',0,'2024-09-21 05:15:44'),('b1ec5ed8e6722d6d96913f4f50c285ca5830764e95f30ae64126c05888c8a776089dac22dfba8008','4dabd83ee3eb0096b946f54cec215567399376746f24b09cb343609e6d34a6b297ff2c9c9221553e',0,'2024-10-02 18:01:13'),('b20a796774207781faa4c01fbeedacdc66c486e5fcae28a8ab9520f923bacee67e07030453d3fcc1','e29e50fafed0a497728d8292630ef9f101894e199abaceeb814868220ad475b643f139482a2f088a',0,'2024-10-19 17:58:37'),('b2dc9c82d8d803f5c38d45e07dfaf27ef326263b4dea4cd0e5535b6793ed8b29e0f6324a58cee92f','26008994cdc4d5a1fcb92c2bd14c851cbaf47b216b26247e0038675421f783bdd5813b551afb5def',0,'2024-08-22 19:47:12'),('b3c9fd2288c4c703f27b1f2fbb547a70c86f7361b2bc34de3ddaff830ec05a26766155845b9ed7ad','a86ee2f7fbf579ab96b446769377e79532aa13b69b6f40582cc9a433da393e5b0118a33ad1146719',0,'2024-10-16 19:33:42'),('b3d4973e69d8433932e38f563f98058042f25f4a1200f41179b45df4c4538965e87457895c55f57e','139f01c21b3d0db46997cbf08cbfc6a16f86fa195b368dcb9f9bb4728ff62a81e879e706f3744c87',0,'2024-10-19 18:00:08'),('b3ef7029bc1c4752d46e93e7bbfd43b855492b9bedf6e7f59b339fbccae1349ab678c6429a43a18f','91826ecb228d9e0bf5936e6ffc164778929124fbef84af1fb0163c2e76491bdfe03497473d9d0be8',0,'2024-09-21 17:46:09'),('b4e93ee39dfffdc86e22ba8472db35d3fe82227716a652cee6d8eea9954805ef44353668c544c556','a8cf6c6dad0831376920492b2b6cf9e820b790f2b0c1826bb048f92324e8fc699e8393c4d8a04438',0,'2024-09-21 17:46:06'),('b4f6d551f01d11548c2a2f110af4406c8b27ee78a7fa1d6abd2208d255a84208084c632ec0534437','dfc78750eea125746459bdfeea55afe505c4877481525739add2009c50f6f4d48e13506920adafc1',0,'2024-09-22 18:46:03'),('b5419eb5e905c5e74acb622e137e3468975e80505770012f4e43cc07321536eb56cedcc4d273e50e','87dcfb9089eeef7d9e84c3c69c22e1287fc3b7846e7b4bda80c878afadb93ebcac5399f211568014',0,'2024-09-21 21:26:03'),('b562076f7233e38f67d11a4250a93a90a18c0bc57adb299c30b5f7652f52dfefb76439f03e29b670','d1d3e61e67b158148f667933c645e4c4e3aa5ddeab544a98804c7e7769b09474742b167fe5cc168d',0,'2024-09-25 19:27:44'),('b5788f7c7f839455a16156d2e69138d9c8e4fb7e3e2b7adea08fa94875ae817d12a6e9c42a5b3dd3','88aeef0aa66bf1e201a65dca6417a6ce80b8f45a0acb06813a8ee7924c9eaf19c1ec172ca7052ce6',0,'2024-09-21 21:26:00'),('b5875232c65b29d11bc683dacfc49bf49a0047df12d75a0bf66f9bcc554777a99d74f2a1b54505c5','25f24b1b6a09ee940c786b869550126dc3f82f232815f02611f604c33128ea86c25f4bf913d62eb2',0,'2024-09-27 22:13:07'),('b68443d45f2fffb89ba9c0df4b70e6ce99b4f3634c701a59620a1d37ba4e15b9694fceda863298b4','786a29282ecb6b82fed6e1147a37f7677596a9755deb5bad7dbf456b20d06239f07f089be76f789c',0,'2024-09-21 20:56:40'),('b6a2986c791e87d0f7e3ea0360964cf5dd09295e409847d1295f1021129e2a35d28e98c7fd7e46e3','cf8d76a3fb20e0aecb11e6dc1801e9f2737e344c403655648fce9cfa5b82ad766dabeaf44c50b5d5',0,'2024-09-21 21:23:48'),('b6fd63fc587ec2800d128ec057ba591b7bad39ef3e1c07ef7bc8b52243ad556223e4f1cf16030852','c822343fa000ae712968fdd09bc95ce90603f8987ecb9b419f46f97b8fc6d4d4840b8b7a6628c27e',0,'2024-10-22 19:03:52'),('b7894770cb8bc84cc1380ac076bddc6e45795439cb6696733da9e1ab1f54fea67038bfbd769f97ee','36fc4acf9e5ff7564181b7a427955e88f15a254f9cfebe1223a436d40bd2d797d985a973063b90a1',0,'2024-10-11 19:05:22'),('b8334acf66da93dc4bbda42c5841206b7fb8b187f36c4db3dccc47640f3df5cf2d19e7dda8718a3b','c51685f951c84081ee345a29d5fdb92f2a1fc84129513237631364965557f312a24e46f42717736c',0,'2024-09-22 20:30:20'),('b83f8e611d8be75fdb636c408fa49fd2e7bf9a260c420aea0930c7b79a7e7dd439f279f779f292ed','4f2092e5fa15427821462a0c8014bf93ffef772c35defb29e84a8a585501aad010d09fcaf64de3e2',0,'2024-09-21 21:21:24'),('b8b5bcccbb68207e8353ea61877a2810a64cc98feab55700237501d60f4de586e7baeb41a9202fe4','9990c3d866e87bf9bbaa214dafd6fccd19877efdcd974315a30904b4d4fe06ad237800c1ceed620d',0,'2024-09-21 17:44:58'),('b9060974394afd72de674cb28568ffee34e6d000fd65b6d7a9b882d3d8d368b16f940e057949720e','c4913029688edffd649a152deaffc5a466ea07fad050410e14e375606d4c769976f260bd65492f04',0,'2024-09-22 18:36:07'),('b9421d888d49cff6666973771e67236413ebd3e6982bf832022b37ac99c608bd5d650bd7a02d15e5','4516f93ff0de9dd4ec11131e413e261f6c0ff60445ceda815f8f471943dbcc0b44fa1846599526d8',0,'2024-09-20 20:17:19'),('ba0fe9a87a0f27a4e60917f63495e4217914b3823f9528457ef70fafb1413c691fe0f634affe178a','35b31e7f037426bb4a4ec55628a9332000d961881c4f8c218d96d5f906a1c9126cf5fdf1d1115ac1',0,'2024-09-21 21:22:53'),('ba2e1604b6e693894fadba016149fd31997b64bc16f12d4f308dae9e15786a47e0de9545fa0cd239','ac07fcfd2d905e8839e60db2f2aa107d2bd9018d030e5ed242c9f12bae4d09aa5210d36c5304f814',0,'2024-09-21 21:23:51'),('bac997afda9805aa650a36f150a8cab334317a2376a1df0da747d680dac2e290a2639711965a15ce','c8a1500378d4382cad84e5ae4a984589e905318cd347e4245e8113bbb32d2a7a7027e6283b896112',0,'2024-09-21 21:13:50'),('baf81a2bd09c836221c8f95020a165c2a85f9bb31e0be0ff954af6cc22b543beec201ba3c343fb93','b9f898c88533cf6b4dcbc24d462e50c6be411644d6d2a25b4061ef27030991a0375a45d7e5cabcaf',0,'2024-10-02 19:53:37'),('bb1de569c587e64ced150efe7039542c8139b10ca5fa804f7de743aa4514fb22080cfa95a615f798','c8bf505caa2f7f51d3cde68a49aaa71c38ac62d191d4857f7139b6e35656902294e963ec81cd1faa',0,'2024-09-22 18:39:54'),('bb437ca68113343e0189b0bc30676f77d93fcc20ac48075e09c19eaf706f01853b6400727a6e2962','09f258dd882f1b7a24689095a64a6143df504834995f3e01c571caa16c142d50f61941fc91f6b242',0,'2024-09-21 21:18:46'),('bb54b0a89d8c35bd2e7d8b446e7f1673eeb1753b5c3faa7689fa0efce2f58b9caf1c91808d0f3d2c','23a547753c47fb896374aa11d31955e43f8ba08a10c58aaeae1cb9a06265bbd4fb9fd98bd5431691',0,'2024-09-25 22:50:03'),('bb7ee863b629241b4a948786e8e25912b80c775c17e2f1aa62d82dfb55c46ab73892813819582c07','3b28922620131e9e1f668133a1a67540d59f823d27de17f026e84cd338cbdb5d6514a6c016e3b36b',0,'2024-09-21 17:44:59'),('bba0bd02705a72cde2fc74ffee8b125beb08dfcd66e361d9df906f26fab7737c52d8fe8dc76de2a3','9689b45c7c4cd43574845668975c831caebd0f02422b0e9b8b62f49a1a5142cf84c8a446ae1e1938',0,'2024-10-09 18:48:19'),('bbd162493110e9cae13c1d3770766f56ea61e72ff7500cd1b41de4f5813029ce74d67b3104417303','309fff56a370a364c7a41c4886f14c6339204119b365b78b1a847842550ff75fc75a19ba42357aff',0,'2024-09-21 21:18:46'),('bc042ffaf0d977b2405ed55891c9ab4c790c1f22dccb440f7bbf5c63526934cdf0f18d5fa701b112','edc5b84af4ce2c74954be1c73dbb9b567eb96a7655ce8b3407c6b779c8b117de14dbc4f345d71b2b',0,'2024-11-06 01:21:17'),('bc18140a5c47d03bcc9c4a40d1dcd331c05faefb9fec6557819d8b1a92f8e7c4747930db66e455bd','ef1d811b6f95d1855c3bf86e9125683e0170ffd5c7a8f531cbe8c573f0a3fff1ef400d6665716528',0,'2024-09-21 17:45:00'),('bc2d0f045453b6915cc8aa088b55069ecbbe3069ab4e9510f9174a5b909d24592df9b3d4e22880aa','8001057bdb56a46a95280ebda563bc7117a47e145ce158a4f1e5f0b393b7f729f2c0435074453c42',0,'2024-09-21 05:15:13'),('bc34919457300f1f6350fb603a8177088c81ae16632fbcddafd8b72564241592e3e9d130c4ea160a','12be7f43fd02550324db62afcce09b0f221a3077bfdb65ea719dde04b6947cd8e642b014b8a2c4eb',0,'2024-09-21 21:22:57'),('bd951a7b74fd645d0216b0d597186bbb2f5bf429e78e2223c201f19685704facd81e8aa5e40b1328','59620a4c179e345d42b85dfe344f3e0b74b0c14a792a3d1f793e76ae351af68b0e2a198cc2e33f46',0,'2024-10-11 21:00:44'),('bdc20c1f8357388f755e972764c7e89bf977afc94318d7a0c5811bb95d975659c850d866b1f35e8b','619fedf891b608e98f5a202e8b6ad0ff84a334ee06a621ab9b076683f2e1ae7fc2ec3d61cf88162d',0,'2024-09-22 20:06:34'),('be38d8c9d21c154818c1d00b32187dc537273eac41d951ad49cb620a99c74e9505201477dea60da2','a955e5573d14e7f9b2a275b09e33d8bdf88b5d75d02c9b43961926e2a76e69a0caa728387263cb83',0,'2024-09-21 17:42:31'),('be9f9c5a675140ab9a654b583da6a723dd3b90bcdae1864a7e2aa371877d55ebd09a0e2d25acd748','2558d2287dd85cb13bbad82c797d6004ac05bf7cdd5b3e3f9ac6fae4713f7c0890c87baa4f3610d2',0,'2024-09-21 05:15:44'),('bef4cfc0728df7e23d1e91e6f654788eb030bf3a6657e6203dff9d91dadd8605cd303770f5ee8576','454a2f5f5f8eddbcc7594c2c42e637790147bbd9e1816812759949e4d3493e8df7ff39f83af8e299',0,'2024-10-02 19:45:43'),('bf06208d47199302a3da5a9558d6796153164dea3ef7071bed5ba8fdc8798c24d67bb4af880a7b9b','1075828313ba78bef3edbc10a793e72a179dd382a57b400bab09106beb6b28d1c6deea91925fa7ed',0,'2024-09-21 21:19:28'),('bf49505330e313f580441bd952f26a423f44f0ef9fbc6fe72f25b8bffc44e781de28d053daf87f38','e7b221feb2eab1b3666bf73e7020d581beb631484b646caa465b63edf9ebb40a70f3fffd2d58c5da',0,'2024-09-21 21:21:27'),('bf4d4915f533bc3c4bbe5212b1cdd68aa90fcc4069dbe5eb9b4b942d85791de22e741dec01e444b9','aac0487eb397e621515c2a7db4fa824a644cd6176d27374b4c9b329961a117e705f8c27e0c7cfb8a',0,'2024-09-21 20:56:39'),('c0ab7208411ec98d9624d1d1e7fe3c02c58ba888f894391cf9fd444fa1a7484911088906ddcf00a3','05facb5733ab23af49464b994d35a3327358aecbd9129a91227dd18da6dae2f4f4b9a222f4a72a4d',0,'2024-09-21 21:17:21'),('c10397dc225a81902b998d0362d1fec7fb22d37b8a712671bd729252de763f4a02bbf69f020b3bac','630bab4d8cb8af2c16c51636119712a4c1f8b1cf072055a65bf6d8a3320da75243583602edeb63fe',0,'2024-10-16 21:16:01'),('c18bca1dc7254194b1f035807b4664224d14d4dc1ce5b593df376f95d1a04337752ed1282029e39b','5c93e97ee1f8ccf380631a60ccd5958bb7b71cb7e12535dd126579cd3fe545f71480a7b1be6ec0bb',0,'2024-10-02 18:52:12'),('c19a043b1563a9a31df8de5493f6645605484203075ee9280b79d2bc5a70f154ad2fbbc187eda6d6','6e186cf15d6f35153821b7367ebcadbe0e0413de79e64c2b452503346db791a94efd7a1676635ca0',0,'2024-09-21 21:25:56'),('c1fb54fb833562cc2d71139d7c65985cde33dd0e21a70a214281a6bf2c22a71cf5191e73fe866bf0','375767ec0de19ad98e2aaa6a289bdd168bfa32b447e13d175d895fc3f6dda773c4d63f0f9851f3f1',0,'2024-10-02 19:45:39'),('c21dcf58f048684acfb357324f826a2c8d16ab0ba9977c13d1214251c12914d593505544277641ae','6bbdb356327696a96fff3d83eeb3a29cde4b06a4f04345db78b03b04d31c9cb7ffe9abb43790912d',0,'2024-09-21 20:57:30'),('c2723f9fdd75233b6224896934f4c6844ed487ad1d729d3342a2c21ebe882c3a88498f499a9bf666','ed6764d7fb37b4d27d6bdc62c667faab46ec2192cde7d8530d908206050d45a225b7ecd804b30808',0,'2024-09-22 20:32:05'),('c2ae4efe2d9f0356503ec6e9ce21a106fbdf64e7e0e956eaf9819b92d18fdadd03deb61ffdea2ddd','759b71b4be3d5c28d4d182e6df15c5a487295f78908c6a919acf5c0d573c3d1d08b61dde50c8e702',0,'2024-09-25 22:50:15'),('c30af382be7094d771aa90cfc45f7f7cf20f6835617807f6058334a3a72531810ee99c52021fb44d','0cb39191d6417b7095a436ba53d331914c21e344938f9c9520fb6fdeb8d40b188e803b70f5c707c3',0,'2024-10-02 19:05:09'),('c33483a63625bac9d7f2e482f7de6450ba78cb4010a01b480d13220d369f3189e49bac06a85d1c6c','fb6475c2140092759198fe478925f4965263f3ae7b96f89f57bf69b47d0ae28d55d9d955539a86c4',0,'2024-10-02 18:07:09'),('c38681617bcaa4af9c2513ad27581c43ef4e4fc6985489e97c67ca08f55bc841058f5dcfe802ab5e','97a251b6ce9a090b4e9c41deacea40ae89c34b80aa7d26bffedc195c80b41a8e474146720b4d8593',0,'2024-10-19 17:52:18'),('c3dda4de769881a6db8fa943906f1951ea0f6026ceda9b6ca4179b57be46179f4692dd136215c354','8f18768ec025a11465b89c68298bf2732654427f6afbe3ab4dda6ade47ce08cf2dfa03bd80af04f1',0,'2024-09-21 21:22:57'),('c40481b4754da2b6bb57f8b92fc187148d5787d06068c0c6b7ff6a74ca2c4318449b0e1933bb6d12','fe37d38fda723ae707bd06b3278d8d20dc27c9472d2051bf09842709027734c94be08e2640cbbde6',0,'2024-09-21 17:42:33'),('c51631c51bea9e86582bd46b767d766688e6ea226c640b482e69b3a60e085b22316bd1f65221130a','1087446c0c91fd06b1e427b2c9855f4f288b826d8a8c370f81a46af8aa333276c2fac8fb487784ae',0,'2024-10-22 21:31:07'),('c5962ed718c6931ece9d446d4b1271de1a54a5ee2e0079337870613ab138fe15bd641fe64620ab7c','cfca039dc9b07fae91e533112b33a8fbbf3321d24d495f75c20a49a385ad7a43fa3744cd5a512dc0',0,'2024-10-02 18:07:07'),('c61fddb85b8375176115f9d523faa4a85ac36cbee6e87e19d9204022690a5f6f1adc209f2d08e78f','15b2788ffa4142c19342346dc724cebcf883a1e7c531d3fab56a4c16307d5de39304408da4c924c5',0,'2024-09-25 22:48:35'),('c701f050101878465e7ef2c863f8bf83ceaef2c9aec6ab40615ac3d0cae65c5c1bc4ff83d412d6d1','1b9be776b2af782daacd43200662ce064eafe88490cc51c3662a48e364554d00daeec1f01b7ced45',0,'2024-09-21 21:22:56'),('c706cacb199f8a0a889c00f808888e48da1cae5822478017aa51f21893d61dec8e14154d64fbd56f','79e8994298723e54843b28b8f89256cd3c7c48762f1db7eb86a698b118ca9f0a06eaffd8954d8d64',0,'2024-09-22 18:34:31'),('c734a852bbb3c733e0db4010b37aaee496a617320c53cc0e35dd83a807cdc29543b518e6823a67e8','ee4c4fc782e7b8d97c611408cd25731d21570ca78c25261ed110ff999d16562edf656685e70d4a88',0,'2024-09-21 05:04:06'),('c7b6bde92c7105cbbade9068f4b15cfd6d2148db1669562dbf3104ec93532f771d2cf9e7962a8249','2e6671ce7bf60bfe01cbe632bdbf27c240acf35153dfb8b9fa3cfd8858d02109ac6c8b56b80d0e53',0,'2024-09-22 18:39:49'),('c83c6bd80e043d059660432ff2e447ddbe3c810f9adefa7db74f1b6c41491417652ece2ee605ec64','c0502f9679eca5c7e60087480d797b5437f6a112fdcd63bce12416e36ca0253e221397e6e8aec5fa',0,'2024-09-22 20:06:33'),('c8b199c854ecc9031c0fbb5482b104c3a1fdd9a06cbbdd5f01c0770b8fdd36fd9ee4bc375a3a4d6f','2ed84abb930506ed814cf83d7ea7a19e452205608e474c4e65d5cbbaf2e2ca5cfad36641d8a60fa0',0,'2024-10-08 21:29:36'),('c93832e2a3ae9104f4866370e0f9502cddedd199ccc9ec9774f89467af3469923da0078581a5995e','42d58a7de2a852950da833dbf6281e3a8b8fa76a7f918c0cc475f893ddccc534b23a0a9de429060e',0,'2024-09-27 22:29:16'),('c9769077d52c28d93ce101b09005c417df463611768111d70d5a77f9f08413383409eb9e2d3201f8','264e9c0c910af1a9e956a4ad38c226c44b0f428e02eb6ccc63058a7e6c6679cec7869ae5bdd2629c',0,'2024-09-22 20:06:18'),('c9e0e09930a57dfea0df097375a4d0be67ae2130a6058bacabb462f9fc0c5658b339d4cbabf43acd','8126b51a49dd9fba7afe7d3761a57aefdb0dc5eb9f73e4ef08ef8c66d6998e6f6f99c989c4b26ec0',0,'2024-09-25 22:48:41'),('ca7dca9b74fc910809507c86fd2381fadd1dfc904f8bcfab76a72d5ad692d0138d3a19e712eb4e6e','12fcc5bf98d7a1fb8af9170a71f3c853551a9b4e3d2a96cc690aaa12aa3baf474e4e8adec4958162',0,'2024-09-22 18:39:44'),('cb39d4ca5c048819835866b521b9a470a657758bee5b70c85d9a4502fff9a4e10fe341070d9e728e','7c0547e4a67f64e60f7cd882c09f018ca0713555a5ad84794ff06ac3aa98e64fbd92b9296b9a7590',0,'2024-10-02 19:53:34'),('cb490bf8529b324bbc62d50987526005af7c4ed03d3be83af7723a12f8f6bdde716b46a6c7f1a77b','82ce48c3ae9c5d0ef098b076b9e26ad877e02519e525193a1e71a6c53963b6bda2025bc19fbeac78',0,'2024-10-02 19:53:33'),('cbafda3bd5e0d2d53d7defdac539fb38b7af7e63dadf199fef149f9a1be77153685be5b1806a85ff','0921e3b587fbc03d44e95b3665d382c37366c1fe41e84d0da277e8e20e368254e1f338a9b06421a1',0,'2024-09-27 22:26:27'),('cc4cfa06ed1d6febc27762069bb5d9c42f1c29b51c1a95dac8901a298f7747fd057952c1c72b140b','8ee2552934e9d76212cf0b42f9910b831818cdf44871d0682119da6f5e3b9ea55a39483f4128cb66',0,'2024-09-21 20:58:28'),('cc8d3474c458556a081778850a29897c55576350bc89d896d5d6a920c5179619ea413b9a431f54b3','410c9e406c5721a87fd5a142ece7415faba7e11cc4c389f3f24d862e50b7636a77d5215e37210488',0,'2024-09-22 20:10:07'),('cc9fe2ea36870efcb4db5138bfaec0bd05ded2cac5913e52537caa5e293a6cd8aadc333d23725f09','67e39ca4cce677a2ad01bf2d47714b24a454c7f69638c9a4ab36057ad18afcdce37daafdf3d421e9',0,'2024-09-21 21:21:27'),('ccfc0049a09e58c9db7ebb67e2a3df7ad0ada0de6fc3dad49d06172975c198860b2586e66c655092','ccd4c60440963fbce8fc7f979120f60a6751ee9bcc4034a3ba9875dac0c0022e4e363cd1f2330c38',0,'2024-10-02 19:53:39'),('ce487cdab4817f2bd1ebbae05176a67ea1ba4e95cd0a46ccd2cfffb34e1a981a218b7085f8639f23','f7f9e3390a320324459d1d56e371dd41d177098f0e41853cda97ba6298ee74773075a9204bcec2df',0,'2024-09-21 20:57:32'),('ce4ecfe762451b7b840cde9fd43cf5d130a5c5f728d00d5c6e1644d1ee5b18d40da4157ab63d3e55','a674c42608965b7da85e246bb70b7fef22e8de73f74e46858f2553bdaf12ab0aed00bbba414c172a',0,'2024-09-27 21:18:42'),('ce832d67453964df657cd517d59bfeefd149fd61aecef5adfa10883cc684c1512dfbca93f740319b','9a5092d687afaecb2704c3888c86599c76d2930df9ebd1ae25378229803ad27f37982b78f3228824',0,'2024-10-16 21:15:57'),('ceca749c4a6fc85665ec2042f856158c3604e0afa7a38d6c0c75f98055dc08c390cff17b87ca1d58','48a4f38d78dcbfbba072185829ff5594793975c76b490ac351fd88c311447a61ea9a712c76049f6c',0,'2024-09-22 20:06:32'),('ced727bae6492c97c126a2f7ec42edf7b577cc4b01ff95b142a3a310ee8e0451deb4f67a5220bf60','cf5572c5982c87095ad2989a87ca69e3870805e623eae07ca1d05b6fdeb5509a34b8d52f6b3398fb',0,'2024-10-19 17:59:52'),('cef77992741cc73184c06a82f1b3c7f06455e46321688dc34198b2298ab22389474148125f14f5df','392e09a2324477cd74dddd73ec4f6cbbb5a96e0cd1191154a27ecaa88c9ede050d20626bac87d94f',0,'2024-10-16 21:16:03'),('cf48d86e9d6bf15efb156df8d62ba804ad9d5b17ccaa0b82efef083efab3b5362e9b0e51fe47d554','08cd1dcf75c7affa3ad9a6972f666de4145b5424a653db590371761dd9630eb806b5ab1a7df08e9c',0,'2024-08-22 19:47:39'),('cf5962f4a3b08fd19841e1d2dcf7cbe08b5dc22f868f417f8015f984094afed78bad69e876eb0589','0b426b04c2c41968d5f1141cf9a50c02ea87bcdecb081a9b639677974b7486fd31e6616cc9a5255c',0,'2024-09-21 21:22:04'),('cf8298796cd7c5c981aa7216f1e0faac31dee800099dfaffcda78219c5f31fb0012529015f78e16d','de1d05e7c61ee35f91e8b364437baf8948761f88885e70360f46ae9d8aca71568dd2146c9eb92bab',0,'2024-09-25 22:48:40'),('d02a67a59b06d3ba2670089387638fa7a1626004bec12521b17559b0a4cf433139413dc01dfd03d9','acfe56e69b6445c0c5d72d96b5923400d341dee830d7e2e75770baf505584691a213fbf9265361f1',0,'2024-10-16 21:16:06'),('d0337d9cec8cbbd168250bbcdbf2d60981e14254612abe8915eb7dfe30fc8630bcd1856e32bb98a4','2b501771a7ceae2a74f7de54383c3f980651bdaeb98c5f6a2ec052583ad6bb269dbf10fbbb32f042',0,'2024-10-30 22:43:24'),('d0baa1ec1304832863976fe76e8f0d974fb16503e8fc99cbfb3beb122f026b364f44ffda1f075960','29af30961a8caba9abd68015c76eacfab3901cbc8f75e51ad31b022037e64671ac20f181b7c4bd88',0,'2024-09-22 20:30:19'),('d0c47ac21e3dc06e36c74c5edaf699ccd28283ec69c51d656c4511cdcdc4ae991ec02d616398a7b9','d71f4789b2d0f825f88fa875aed0cef6187254194e2b654f086c43956c731af8a488e84173c05306',0,'2024-09-21 21:23:30'),('d0d5688354591cd27372dc8ff7e6d383d8bef5a63061b68db11128776f14aec2d5eb3cc732733ba0','1eaf64303a9f5459812c30950a4e66a90381a7e89e0923124b47adeef747f8e218127c1532636c90',0,'2024-10-02 19:05:07'),('d13a853fccfc418e376d589c9479cf2ce72d3ef96536f5652398019ff502347a3a5124d7f2e64ffb','b2edf11622fee8dee73a152083995b1df5af31caed672a1235811a3353bc3a574a3378fa7896423f',0,'2024-09-21 21:23:50'),('d142461d7adfa34f455987d6f1ea70f832d76716fd9808aa9d49d78f4a266cc17f01f0f7750f3022','b4971ad5c3f6e3ddd27b0a0107bbcd4ab470ebb8d30b50de0f631f6beded54e9b5ca22a434f85e78',0,'2024-09-25 22:50:10'),('d14b9e7c674de39c90763421062d1b9aeaf24254ea3be43a0a5473f76ac226f288872da7072730c0','f81dcb123f102c18a2f6340ad59041219fac3948121313aa20fc23e6ff1c71cd923f1a543eb7b37f',0,'2024-09-21 17:42:32'),('d177811764d209acbfd9fde8dbfab27fdcc81e979e931ed267c4f9414a5a0f6300499158de0af678','7b4f0ba59d65e3cd0153f07cce51684fbf99da4a3284be3805da9e80fe63c03d7124f367fe47781d',0,'2024-09-21 17:42:34'),('d28efdee23298db76c350dc7bd8a3959c32152494f2b92bfcd47187e2b49aa87d4cf9e30f555b6f0','ef0de61b7877a19751b27f4b0f05018c55e822bc7d293af1c78026909fa4ca81f9d654322201e13a',0,'2024-10-16 21:16:05'),('d2d29f7e4ff439f569b24a2a6156a10024de913e590c33da5ff13e311548e1d9fe21ff3e9071bae9','c3311212f919b72b0d6186c1c08820b08ca7a22bd1918b4af0fff6069e5ed660af3918470573822f',0,'2024-09-22 18:36:01'),('d336113ef884eb79490e088f6a8eed5731260409be574b603ad6b3cf0d7d6f307252156e616a7fda','36cd499765e0e13ac13f968eb4344d1cd4e8464ae8fe76304d9b58bd776f5ee11df0cf5bc0306df5',0,'2024-10-16 21:12:28'),('d3d1140af377032b0257c717d03cd91404e946383d2f257fda55453c056ec7ce94b24b3f2a9cf8c1','8a6226e66c169dc7244dba4709c5e0636b5a23564ce551e504606f5f9c0aad2cb7f2f2df9a5c167d',0,'2024-09-25 22:48:38'),('d40e0cc444ae37d7c2eb5e102fcaa9fba5c0987b6ac8bd884d2b1b4dc565a488eb60b88df711cbfa','0ca4ad1917ce935c553c2da7a608f1e9e62e2ee3adc643eeaf290363acf58ea403a0fcfcef6fd045',0,'2024-09-22 18:46:01'),('d41ac01ecbd50c748b54675588b092d2a3aa22394a3d33f4a6e7b8b8bcf4e8dad08e054ab01f098d','ab9e4ea04771a8e42217df134211761dafe5e6042328c97e03164d8f7d80f3c33857e7b133c33689',0,'2024-09-21 20:56:39'),('d4391acae36b7f1d4382fff035ec9c2b8c8e887a0ac6d40583499789a7ae5d5e288c0e4ad60af9d4','b935b06cfbbbbe9edb82af8f8ed806db5636aa8623c2f921cc47d87407038167394df782f1500f5d',0,'2024-09-21 21:13:48'),('d4a13b9c9f3d513303d32c75e9a675f93bfde12b36d1486cc4985ca81fed57cbefb615db5d038cc8','7110c266746090d82f2cc9d1214887528f7ac8bf83d891cb1c6bb2838c617eecdb0cc52c43352164',0,'2024-09-21 21:17:24'),('d4ce50e427c3a910413b642b26d4253f09f3c8525b8b6e5a28ca818c5fecfeded5358d01b7e71ebb','5fcc9f3905e429c6a6f311ac399e11b2ee2f559d292a2124bccf7cb95d9d5eb9829be59e0c331a46',0,'2024-10-22 21:26:17'),('d5a7b60a5180115eaa9003ba0612d2dfc05dd716c3f3caa55118fc87187597b8eb47662c2543be74','1315853811f1784714be435734f868a69a8036c78211960fd7707b7577524247bd35c87fef984dbe',0,'2024-09-22 18:36:03'),('d606185bcb2033ce621f76fd2fc041280749e22ece3d576e17524f901f1064e1f12cff34c91c29b3','63bf19ed2c10928d3ec2c88fb5a2fa5729fe24d7857efc008deb4c64ee4e606b25c158ec518716de',0,'2024-09-21 20:56:38'),('d617e191d8bba2755dc4b600bfc2d29a6b9fe12a37b64fbb999c97645f1343c10eba7833403aa65d','a9ec9cbbc99e7dee7fdc343de327c4e560c79087bcfe151346035ec9e001b68726547eda25fe6d6d',0,'2024-09-22 18:39:54'),('d622d1936a1950cfe813ba2e34cab3daf2737b204cb606f6af78a0d58b022d77bf0f0eb19cc35ed6','d0779ce2b2dd95f9f8bf5ec70073832069339bd1ceb9c7899f0a537dd2777fba7b6fb5a039836d94',0,'2024-09-22 18:36:00'),('d6415a352f7cb163d55bfca700bf5663c0d10353726f53c3a579091b156d96210cf64dd24e3f7680','cc70d4d21bac53d40eae676c3eadd192816c1dc5177bc12e9893fcb222d86bfb48c3be77bb052dc1',0,'2024-10-02 18:01:16'),('d66b2c5bc2d225aa05c5c29ab85a493f14635b4787ec33e384a5c53d8f725389b359cd8e9ffb53ba','ff464ccdf76ec903c6d660ff138bb9c426fedae341eca936439e92d9dae710f1975c6498236f5187',0,'2024-09-21 21:21:25'),('d69f753f9cdd1c4551331834cb57ec14ee2f73bd0f53a5b1bc07de35b9179710d6719442c0496fcf','0992177954a4089ced1069c23293a595a726276c02a19420b3b64b0554cdbfa3f09584972f2d9087',0,'2024-09-27 19:56:02'),('d7314f0a2b36cf07aa89d17ea9445d219573b2d5fe9b4fcb2bcaeb318248a9d819120b69e82ccd5b','148c33cd5cf6e876fd4cac538148b11104b9d82ee04c58c2ac2ee23598a7f2e55073b64115802416',0,'2024-10-22 19:02:45'),('d745f2a21b91a1b3383690c116bd38196a7abcbb872c9e2274e77c336287a6f73c3a52956130e1fd','5adcadfd970400658c9299b5ca151ad2352bae1fefa1a4d263bc413c029c5de37e13eabb50cd0657',0,'2024-09-27 22:26:57'),('d7bd1f689127ee5014f71b910d3c68d435b086a1328f8284b0fa9748b155cab47d672e63df30a39b','e8daaab65f3262c953805d0eb8731ab552d252d5776a4b5a6f8615fe1851d88a053abee013818976',0,'2024-10-02 19:04:56'),('d7ffc78c2c8fd370c0204970b7877b805da49d7e495d0981ebe86873bf7e8eee6378f3328a253275','867e1fa10664f67d3ae69dc102d17044d6436559d64048fe76b5db9e10210a5042bd3dd4a44db5a5',0,'2024-11-04 22:12:15'),('d88e32c71f02fc17048db6705504a4e97b0acd0a155bea37ca0de8ae136152ff1c84c963bd118e86','1080b1c4e86f221881061d8c647a06885cfd066d608a100af3835ee5f59e50b0457ceb0d6ead69f1',0,'2024-10-16 21:12:32'),('d8f40c892f8f13b3c530e2ff025b7f22d5e5a3865abb5695576e4d4b1fa420278089cc1171d336b6','4fd168a9cacf3ab5be748541e4b078eeacdabe0688cf87934775130f3fa9156879e6fdf9760db9bb',0,'2024-10-16 19:30:53'),('d92061bb017aa2fc702b590bf35614f5e4e073c607b8aa0cd26dcab7c22c04f8208bdb1d5ae6a255','53467649c6ac647726534ba32fbda987d01485ec1e088cdde7c732704cb4c5ad1e7cca1afbdd0b1f',0,'2024-09-21 21:21:29'),('d94a8d5ad8070fcb8a8bb001acb935c7490eb4e118fe2f0fc424e2c6df2d8458dfc6cc7ae0d8cccb','f5d07c98b2e11f1d6a564da15fcf5cdec6e41345e58175fbda7b1fbc34d5a1743e258a2c71246a3f',0,'2024-09-22 18:34:36'),('d978c54d359255011c8e027a725ccb82b2e90293cd541ffca5cd2afa5cf1bc0968181e0061f04c2c','d28c04e3f7fd132e2a1cb0593c56f9cb66d25016ca0a36881929b3e20f19f813a3e1dd4562efaf9d',0,'2024-09-25 22:50:07'),('da1e2273230deb9c4ef707761bec91a4c5aa79d5eb70f8d5c0e21ce4660e7ecd598c35ece22c932a','4f84d3b6cb7c25bb8ff04138982b10ae04e6c223c34b2e1a4746747cceb0c586d23c36a9f8f4c313',0,'2024-10-08 21:59:25'),('da2561d0a33c9335b6550922d8ea922c21f3825ade205c1705cb71ffa9b3798a472861730729e706','739e0d2b3e018ce4fc2b8ed8685c4ee8873027b903b8811a785b6141a8e439fed2189ec3544bf5ac',0,'2024-10-02 19:05:02'),('da3f4ef1eed973ab69681f10ba9478fd0b0d1eef9729a16b383a2271dd9740d727f5ed45b4868422','3a1b27577d77f1b6e1decb78ca09983bb4c48095b01e8abac1621c038ee4b2e4a8dc52c69710720f',0,'2024-10-16 19:26:13'),('da528543f4d13ccb7b7ea2ce3a196a46c9742bdf16d43ba18d42ca230fd94c1d06e06d2baef6bbb5','1ea91cbbaec3dd4fef1ee6f9f2e2074b60e54cfe5fa524b18360d9281d96cb5236b84f7a3eeeee66',0,'2024-09-21 21:22:07'),('da62196957d3fee07a3105bf9307b55088321e6eb98a45e527d0d151815c3ddfb7df1522ba546ab3','7590ab19c0324327c1f94ac6e2079a7cc84cca3526ff349e969fda1480c7ce24b17f395af92507ab',0,'2024-10-16 21:12:23'),('da8b1aff88a61131c4b2085a90f5caaf97aefcd8859a3e42aa16e51ae8ae32d707b33679ef24911d','fb4905e09fd1777ec49baf207f7dfbedc2081d9b9ce813cebbccde39feaa0886083928860300425e',0,'2024-09-25 22:48:28'),('daa0c86ec00b420dfdf26b4fb53918b42ec0329d2d32ed64a3dc8dd3313ae79ae69f8849e417047b','1af67e54b09a9fbb7526098dcc4fe61cc66f303bfc24ba41ba5ce6e8d38554f7a217103b6eef39f9',0,'2024-09-25 22:50:04'),('dab0191b221f80407ff21ce82c2cd227fe2cea4ec5c345217163fb6dc3b49255028d84a8451a71ef','829010549c5783f3465dddde5c6e12d0e7ec1a834752dd8fa1f8c9c31352165256aa37a4423f2dbd',0,'2024-10-02 19:45:47'),('dae30bd1142a6a5ed1234dd18023383046edb5af52f85607570190d90e087d27d434c307fd03604b','85d1c3cf6140bbb12d07a4d41cb66a7ef2253aab5d9cc33a9a3292c91ed87cac927d2d832b9cc15b',0,'2024-09-21 20:57:33'),('dbd99c235b7b002f71a741f3107f6d05769c89dfb3b83f465ec3a10096252a4117647735f58774c0','1a8f689ae8b90fe92a4bc76d214c21b69e473336e6ec0cdfa2a3885dbe2042f35095ed677926e015',0,'2024-09-22 20:10:08'),('dce3190f8be2820a01eb11229d1e27b94056e053c68a07c26692241568b402e983f2dea24f26134b','4a75a8db1c9e6312e5829f9fc9cce727760b32ccc2d3f1e38faad68a38eb12bc96f7c717c1101a33',0,'2024-09-22 20:06:18'),('dd6bb4e66929191be31307b5e4ca6d1de0201370683e71115a501b5433d3b0c78bd7d6bedafd0546','14a72250644020261a91db4f9ed5cd59688dd4011d349c6607847ffb71dafbb985d36668cd818bc1',0,'2024-11-02 18:44:40'),('dde6ddf95e45eb413a5d30708cc28b02d2aff1a322dc99be7285ac94580bb758725c5b65a4824334','959f150c663109aa8399cef44c558bce99b22aab35598601ddc7cd9f76a809234e117f7c78a0162f',0,'2024-09-22 20:30:20'),('ddf02e2a54a076e17b8be4b991bd1c3db75ad2ad00ba90db33d6cd457a71b1632726257d92ce848c','7cb04b87408c7e08b828e1b4e760cecba0213443eb901b3ec91b87ed4fd07746a08ff38b48e90db2',0,'2024-09-22 20:32:02'),('ddf480b8d43d0dab936b4357da3a312be202a82ecba600622cd0db5e85ec5bef99136bb04a07b852','b7c8b3dd8d1b4785e20117edfb619ed7a0dc68f0e7caaba779ac68453b80b59ddc9d051bb8165f85',0,'2024-09-21 21:25:55'),('ddfd95ac551ed90dd512bc58510c17178cb8a5c4fa6c592ca8dd8aecbabbc5c598e39eb96ab1aebb','47766cec55745889ebf29f936d5c206b06032527474882219e1d80a7566262270d5e3c8f35c6ade6',0,'2024-09-22 20:30:16'),('de157485eef1fa4147cdb5571bfc520bbbc3c9c017071ade0b9bbdead47cea25f1b7a60b1340af44','32974cfb401f6ca090165f1c6937823fd609d58dd362854fff603950ba167e6b953fe98002e45634',0,'2024-09-21 21:17:21'),('de505030c0a6894b85dce45111b242a2a256091412c5d740a3d83f40d86472518eede2d7c84c3f19','73b6443f9e0cc394c29aeff92c1b3d8f028ab9fe3658dd1e940e5ba14c693bccef61849f599e83bb',0,'2024-09-21 21:22:09'),('e03a1b746a34954d58b33034459927343c4e4d0bea95acda537238d5e42ee9ed187d17c070f6abe4','6bd005ec3a9f858369ded5c415c95a7f7163e9cbdddae061dfe217e7b8f5ef4e95fe10274449c756',0,'2024-10-09 18:54:05'),('e0510d9126d7b973bcfa6c5b5a5f94b440a7be9663c29244fcdaeb68ff15098b65b8fb7749062a8b','4c73fd7b291cb3b9797b9770de42558bd70c0ba73c3c246c81ce1788eb2cbead878bf88876aa09f3',0,'2024-09-21 21:22:58'),('e05434abe3928f09a7fd0049ec3868c9d59fe27099079b954ebfb880bf07a1856d667b63128f1f68','a42098e1aa4389c5c7384a3037fb2c96903ee42706f29cf829df0d6e7d9cd2372c215115e6c093da',0,'2024-09-21 17:46:07'),('e0701d8c742792bbceca7f27db58ed9e0e68e8c8d0346f69efe77a1cb9b0fb7c07d8fd946d8959a0','954e04837fb7d2f49dc7f49148a863841902514738b3945053356ffc8da95939d7714790ed40fe86',0,'2024-09-21 21:17:21'),('e076a291d55d816de8b87184b9d5ebeda90dfbf236c0afd70422f720d5e9ae792d72121a2c80ccd8','59b01c9085c211091a03798a1a6464bb1591dda7322ce3af88e10997297d09719ad48a8c8d6c264c',0,'2024-09-21 21:23:46'),('e182f7437fe9e8494072eeff998887d7d2e978ae51757116c582567390ab0d401ac197e78ec57add','47c6725a613450d97e8e2286d7930b2840edb486b9ab9d6a3993e204f24c9873ea1bf377abe5e7cf',0,'2024-09-21 21:23:29'),('e1cf0730d139267b2cc1a5a76b1534630992983581ee649ed668d926097dfa46335a91e76c37b6c5','c10e4ba5bd83591732cf7cc94e400aec147b87c6a888f6d09d4fa9c6955eace280e98273735eabbb',0,'2024-09-25 22:48:25'),('e26f62e6e8254cffbedc836cfd9994d7780acdfb1ac3882e7deccf125847ce0c8d2d67ab1f544df4','13fc33b76b4ed8b5870447bc82b153e8ff88257050ce89e45ed7be102e2d8e5c9779ba2c2eda65a2',0,'2024-11-05 19:03:34'),('e28dee71f39037f7b9af0d18705c629073b08839858be5b834c47975888697ee994cce7558ad049e','d41cd97d4d1c1fe80904ace41f53b7dde71093da15d1612970d0542f0015369c5192f4683bfc8600',0,'2024-09-21 05:04:04'),('e290973f7265686a0e6a7254ac605c50b7f24d03d207d851a5322d3c478e7a26e3029a9482a2935f','c7c6f43c52466fa51e14e692d31b46582c8dcaab1ea191fb1475925d2d6e9f02b82471b6cf7bfeff',0,'2024-09-21 21:20:25'),('e31f73313aa64435689b8578be7656711f4b6da5d4c1f0f4c3c61cce24f258b4e81db535b583b450','356434b8047f90940afd9bee0b984256fc6b54c2c3ddb06ae5175586abb7731962c4c8b2d778a64c',0,'2024-10-31 01:03:51'),('e37cfdbf99911bda0d71024dc91ea6517b37611ea21b213d694ced46727d56484552094f371a2a4a','7ce7d6cdae7085196f06a4d11cd3b113ee708fcb94547898bf5641acef1d7b4d4970adcc59a488e1',0,'2024-10-02 18:01:11'),('e3e0f99a35101a2607a841dfa6637353412b54c1cd2fb90432e6f4be57aebc499dec893a4cfbcb85','c5df10bf2ecff169e20a83339fd8ce9661c51f6d3730bb09b34003719ae6bcbfd7e8d2082e96a172',0,'2024-10-02 19:05:05'),('e4102b951f0c6cc2cfff1209fb31934c92ef6c3534bde5a8215e8d466c299cf59912135c555c15b8','09ee596cf9fe73596bae3c002220328e91580e2174db6c9d8c3458a7dc70f3c441e2ac799195d13f',0,'2024-09-21 04:03:28'),('e43711f0bd994a2b279aa11c87ab4887b67888f3e4aaac2969e682971269f30091ab31e8abc6bd71','2539eac18d0699839b09ca1b2328b681eb7844235a3236f531e0f7d36c5aa92a3e1c1cef1e8ba61f',0,'2024-11-05 18:37:05'),('e4a02767087c4d09481ecc16cc1c956bd111a568352681bdc1b0a4fde8136b7b040309f058428e44','5cf90fb993f17dcf6d8a79017193620f7904b053ecf3da89a806d1cb23743c4d4ae6c38bd95f4878',0,'2024-09-21 20:58:25'),('e4a11e71f0c2e3183d41860c72d687e946fce4ff3be033cca81e74c93b7acc28b6d1dd364955665b','5416918e89c7c053dfb1c6d1a016406c58900ef22c4109980774ff04208aff272da9e9e383f7cf93',0,'2024-09-22 20:30:18'),('e50a7a860b286e7bc257ae5924ca6b594fd25a64775400c764a0553f8463ea9663282e7a23625279','ef03f994cfddfd46412dd49515855201fdc2cc9fe07af40fffe8559bfb9550176c1c576f0535e57d',0,'2024-09-21 21:17:20'),('e5a5833c387f99f04e96068c1ca53cab1eaa241c1be6e2e8e6bcbdecc605b94de3064d425cea847f','2b88da28d44b3884bbe8778cff1502d3f8c667a432a70937e72b0feb8285fddf868d35ed363519a0',0,'2024-10-02 18:52:14'),('e5e4645f0a31faaad5c3aa98a890997cfd97730a4bff2eca9ef24ea31c724a665a04fa5f817590d0','87048b1525260c8efaaa9acd56a5df095d9e708562e135c23dea56c7636014b210b8a273ba61658d',0,'2024-09-21 21:19:25'),('e64f1749387f4eb3dbe8f1e2463c0fa78811261ee5231abaca245b9947cec38be053682903a9d1db','122917e363074529d3f8436d2a9722b89f186b0dc4c9781b6a1a2ac65e5756a9b374977db18b92d6',0,'2024-09-21 21:04:30'),('e65c1ed0349142299e6561b5a0ad4af8caf464671c023acefdb147c60c1c3ef06eab14ae0db60a0c','df0024f9393d1b7ed93171d60fd843c82adf7ce3352b90fd35f8fa976e958ab134f1b888964a6cf7',0,'2024-11-05 19:05:22'),('e67bf97608ea86861a00fbd82cc177fffe2cb6df28bdc6e149264bacd8246c9175011aaf70af5837','0b8167b40cc6603b14cc83fb644c64acccaf32773e95de1271c7455a8d1e45ceb7c7211014ffffd5',0,'2024-09-21 21:25:57'),('e6bcbad20590d177206538ca09c9accf862113b84e46b0864e966ff996d84573d6b8f73eb71a11b8','fce37d5d498e10ff9b99884e62003437cc1e25161e089b1b97c37cea41a8d855ca2c8a731ca71e98',0,'2024-09-21 21:18:48'),('e6f8fff1a36317ec415ca2e4d2d47dfc8961f5089a89e9535bc4f8ebd5689f29cd285ebd577438c3','c0e89bbb4e5bca99142d6d6ef48f7ac87770d5bf72e72baf101e19bea111b1a062ec4836aad920eb',0,'2024-09-21 20:58:28'),('e7483efbf8739f9f33bf50dd5ed97c7335b9f0d5a00e6d40fb68ba8377a611e39cdd7643577ec649','e530a41a8843b887e61e89d4fbb97cbabba3b3d77724e1c339b54e24e1ce9f73efc8885604b169fd',0,'2024-10-16 21:16:02'),('e7592178b6d9183bfd7ea548fddc320f67eac796c864d8d46cb2eeb72bffe7c497cf002c98ae9a65','e36838b441e09e4efc29fd60a1a6b88eeb6aa87781cbcf73389400b5e771f1f79ea9768c4432b24f',0,'2024-10-02 18:01:14'),('e76cf1b8483903ec6d9c4fb12b60973d5c7598075e09f1beee73ad3580e822fbb77cf30f36b19294','5a16fa9ff867457eb77c8bde589c35921f29094fc6b5efc5af51cd18fcf5478140180c0e83926abe',0,'2024-09-21 21:22:54'),('e7b6ec8e4eaa5a383a75fcdeb17ec2f9b7c33d4bac706a42a0c64c422dcadf7a25b0ff51a9bcd355','ddd44b1f16a6c82f9c636b88bc88332791fb7bd2870d0d3d89f6f907dcf791e59e85a67d8b32a64d',0,'2024-09-21 21:18:47'),('e7bb8e81d69df9c1dbab1c4d3fb4e0c7cb024ed71a7f6bceb0766a8d57bf85d4788123636acb0747','47d5512b8051fe4a9414d89fcd50c35fc16207459ecc2e46550456cb643d86063c66187d73a7d78b',0,'2024-09-21 17:46:09'),('e7e1a5e70e2e4cfed20acb8ad4aa469369511642e1b4b84de0e044c5eda11299689b6b18321bd509','ab877c2d0b97e89fab5f9903931baa38a444d9f810674311222d59dc667e4f4eece6fce7d61cb546',0,'2024-09-21 05:15:43'),('e8d85b1c4b270c70a8ac91cbbea0d526555e5ad5298a3f542909ddc85eeab763d2782ee5efd9e8a1','155599a09887622e438249c6e4e22f897f1412e20c197e39c8eb2eb079ebb05dc9c62f9ac96105e2',0,'2024-09-25 22:50:13'),('e9446739e1d3dcecf535027a95ef31835ef3726e63898cdac061f2b9e47f28aed65030e86c643348','3ff16ae74e97a4cee28c4c7033a59ef297f221cebfdcc119757742fc9a6f6f8153c2db1d797156fc',0,'2024-09-22 18:46:04'),('e94fba8906249288c8c996e9e0e9d4f581163c0ddf58d2583fea6b9f00507a388c988d28e2eb359a','d16b4d8595745510f88728ccbd3900dc592d0f0bf523b0f143260ee73f47aa36be533e248e76a632',0,'2024-10-02 18:01:09'),('e99b43b2c9721934d8fb0860667d1520316ab9e86f98195b883dbc2fbc02892ae1c5c83ff99d62b7','3b485525645cb91966eba093668fde9467bb12a1126817a51578e183998ecf57197fd1e4c95a6d2e',0,'2024-09-21 21:23:48'),('eab73261c97ec3dc59688030ca98d744b22dfffd7fcc007f9c621efac30cc3454936dbfddd901a52','7e9d2059bae2b76b0b7c4753fdaa4fc80f152d2fd3f19de0d814070cbe646f1a3b272d0e1e27b555',0,'2024-09-22 18:46:08'),('eb02a6b624131e02e8bc1afa4c7d55f45c64b5cd4f0351f897225daabe89c012c04d15222f5bd0a2','b772b31160559a5387aa5d372ea8c0c1547647a64114c9bc93e36954f2071407e6b24ee14326aa11',0,'2024-09-21 21:23:26'),('ebc07bd02de3c2d8d0cfdcad2915884ac6c7483d2ddc192effa058bcb153fada797e8a872d7e2db1','b5f032a2e54c06a4e3c57d8a797467e8c20e79ec3ccb9320edf0a67b2043abcdb08cf4b2d8ef0449',0,'2024-10-02 18:52:14'),('ed38f2c7994cd955421eb33f82a16f8d9f1768865988b789a685e9f02a5fe3956f8ff3fff67a2e3b','d7623dfd68b68ded011936c6ab32bba01d541ac030e57a65654f60b81da5e088e41a8183632c9605',0,'2024-09-22 20:30:20'),('eda9c1d5da461ec6c8eb8784cc270f0c08d2861615f76ca6c1f76d6ed6413195564f893eb6f78525','30e1344cbaf67d6f4ecc63703f979fc253cf937cc375b8d0e5a5897045182aa55863c8754e63abd9',0,'2024-10-02 19:45:50'),('edacb080aca169f698d86c8919d7d18d1bafb8b4348a4dc5385149ac169a8888e41d5aee7558457d','7381f51b3f66f40cc0ef256ad2c7cb3d2802f543ffc6750145c19ee51890126c029a15e2351921ba',0,'2024-11-04 22:14:21'),('edf31c0a8b24ed1d5162d34f658a207582c902bf3fbfa0736ca162124fc7a322ff245e0d93acb65b','894c5f0bede68ec09f61eac120fd22ad3b77c7a1cd8c2418031f8aa2f21f11f569f82239d5211976',0,'2024-10-16 21:12:20'),('ee82e16fc7379c71b1e1e0ab4a9f8b0005cfff21fc18429aa5084aebbed13bf3f6d6f89e71918118','e8edd4aa5098ecfe01e5ba3dce67671e0e0cfe62f0278b3e3d76f8f059bfe1aae7885b0dc525ac6f',0,'2024-09-21 21:23:45'),('eedf8dd23b92ea7eb75d88bbd1f1d21d60e862fc14fb7c1356fb4c6c1526fe800de017485a7489b5','b277f2277ab02ed200edf0c7d16e4098975e71df867979f5c6c55748c90610147556b32c805ac5ba',0,'2024-09-22 20:10:12'),('ef4e289eac7f88c680bc92b21c033c72e8d5af58a525e72ac189e7aeca1545a758af79ad360e1a94','2abbe0e3bf75159d53bdf53d71202269a73c3cf59d3617ec3521b471b6c64c8e7ac37fbde7538bf0',0,'2024-09-27 21:48:37'),('ef4e4343e4e55e14bed6566f046d573921f7d85eb1daaf129e82b0319b910db929678fec7d9f9143','14f96223469e0f823054d511080dbb50a2e468c01bbb7c32cce88943c01efa15769c0d5627005461',0,'2024-09-22 20:30:22'),('ef8202fe20e9bb16a3f0d0778b1bf3b6615df9f9bad3ca70d9528eed18140fd9964aadbf5e158f0a','02b5fcd9100c630fa8c42b5200542c85fbc2737cb55268aa2a112972b8f96bd03e92bf4faaf70a08',0,'2024-10-30 22:51:58'),('ef8225d48e5cf852db44fb215b107fe08df30ca93f11b57be0853c6a22da3b006963fbe3ad607bf6','a1a352c38bc5fab41c2b4b99e3d027a986b00bcd401eb786dc730fe26d38bb55fbe1fde22d01fd13',0,'2024-09-22 20:32:12'),('efcfe4eafd922caab2132897847bf42485445eeddfa7069450fd8a18392d08bce9088aa53b8be1d3','60ffc998b585ef701a3681fea33fb247b47b1a2b921993140f8632a9923cabcc32730cf7f04e5698',0,'2024-10-02 18:01:17'),('f02f895c3466f113e3f7e3a6a33c5e7c54c05d9f3d6a222c693dc9fbc254b4f388e45a2f40f60ce7','0a9ddee5ebbc2b7213c1d70c41238a20e612eced0a4da9f7128c8135a1405da91d425023d458183c',0,'2024-10-02 19:05:08'),('f0c0245b37707da516600b6900ba11a0e99ac627c1478f1ea12ecd11f31c4d6743d85fc1dd95cdb7','1ce76458fe1143f118a3a1eb961fa01182d7cff242d613942d11c362424507e4024f00d8e6baba32',0,'2024-09-21 21:04:31'),('f118f95cdc05d4e7c1973916ad377f5d6954b2ea49314e57827ebc4e7368634daacb16ef721b9aaa','d8bfe76097298dc1b59f1e31a45409890bff0d5927e876637b59818ad7dc53f983a618bcd1d257d8',0,'2024-10-02 19:05:03'),('f159d5ae15eeb3da36bddb6c4404fb5172d13f5331237b7d9af15c97fb5066dea8611458cb3f7f1c','4337bb42bf6f11acdcd33243b08e6dd91c49bf5c9655e250cb49a3e7c1ac988bf7f83ba7ae047ff0',0,'2024-10-02 18:07:05'),('f1708211325e859a736aa400ef5aaaa5d4ca72c56af73defa0dad954f7d70c9209aa419aa0e744d2','33e78c0d241f575179e4e374bcfd1bf6f64b66d15de5528849b106a72792eb48610f03ee279113c0',0,'2024-09-21 21:23:26'),('f1ac349c2e6adfd4bf84cfccda01977c78372466f3e619fa2734320b0fc9ee2683fea6ca5a2f8ea6','58b3f836dfacce85f464c76276f021c01bc3cfe56575b710ea009063053c48e3bc51f3973fe9041f',0,'2024-10-02 19:45:45'),('f1d01ac736d6a6dafe742c8da17706f243b4ed36bfb654b0df70152cba17001492796e723e1758cb','9fbb7647cad1784b26aa82b6ba79c026e1d872ae1ab0f649ea623f65b1f1d28d4cac1cdff635e3fc',0,'2024-09-22 20:06:18'),('f30a7600959a95e322ca7cbe5abc9efcf7731e945ea007104732f6d8fd89ab58ae65ebbf8a95462f','8df6f5adf262a729022d61048bad716fddd732186da78d23ba30e9a21667f238adbabef165d0ff76',0,'2024-10-02 19:05:01'),('f3869116e78b8c334e499082c956b44e11fcf3afcf600fe7b42c9285d44a91dc0d96fa0647e09960','42e98a57704af61b9c359d25c6c5b4cf1b98faa067bb8d1d0b0ae4f303a755e19ec0e6fdbb4e1cd1',0,'2024-09-27 19:54:24'),('f38e0bfa25e8e2e1e9c7361424976bf0f6c411c53cc28d899f4d2f6659c0e1493b5b2b7235b77fc7','46a289364dc875c75b204f03baa7d684d67f3b8e182f5a63a58b49931f0a359aeab9f96df74818cb',0,'2024-10-02 18:52:17'),('f3aa2de4cba4dbdfa0adff01f0e09a4b3bb0bd7aaf3bda2367e9d5f691428cd49f62a2dee322cb51','1941ca3040e55f9e533ac9d5cab9c82468ef6cc0832972d6f6ff1a19cd9968e63ca3d9dc9a584289',0,'2024-09-27 19:19:01'),('f41be0610c74d017d19488911be0d636f11355e1f33a02f1f02d9f6b66cc276e012ba386deabc254','7c65901afbac9faea45ed5c0f67e14752df86b60e7108db7cfbc52b520ab3ef0cb146d729c1d9a03',0,'2024-09-25 22:48:26'),('f45cb209d78c539d835d71e7bccfae55e89d4e0dc82170858f3dd545142cac2039db03e09510f910','172bd1d0964fb15c14e70684c1817ed9db41ed1ed7e5e463df45b8370401c008ae3c926b10fb12cb',0,'2024-10-05 21:19:30'),('f52249fbe7ed321e5684c3c0fd0276a50aad8f2255913123a21b7f03ab224e610735258470505ef5','587bca4ca13cac0083e062b88b590c40695b61f5cb2d02f5b5b0a23f1558d7bcaeb53d3946f95989',0,'2024-09-21 21:17:22'),('f540394825ed63535410fbd5eb90ad7b2803f2963f34f698ab0957404a692f9ac9262e162f4b6b8d','f02da7ba10c0782beb1bcd9b46787eac50eac13be881dd610faffdaa9ebae827499df52f77a97f7d',0,'2024-09-21 17:45:01'),('f581725cf2bdc5f9c777050cff5942857cd1617071a0a277ad888a00004e72b25b5be471865660fc','7b6b2403c39161ac5787a4b0093c84df4a6354bf6c90c200d9df305e4bdf562441c9c89efa0dd21f',0,'2024-09-21 21:25:53'),('f5bdea851f89ef46ee060f72266d49f681d5312430a49f76252bdecd10a1dbf30497079b91ca7524','27cff53ccf6a5fffbc748865a85fd3e74e9d69ada8a9d2bdd57c6cf8419a02e99c452a22f08676c9',0,'2024-08-22 19:47:29'),('f662d4fec249796a7867419d3b2a5e58f6a87f01754a11fbab31737ba24bd3633c096a1c03b96c84','36ef40f9e0b89760b03c4c5c88e71da29d55f6faed72893a514bb25ea6e0fbf6cf3c6ce7aa044be4',0,'2024-09-25 22:48:26'),('f67f61991a349ec0db8ec1bb1e15ce694b1b04f7c06c63fe5d373be4d8dddcabd9a2405738570db7','2e5e83bbe475dc65af3a9ebb011b3361fae2383fe34fdc8192805c11c56eefdc44b7c908854dd94d',0,'2024-09-21 20:57:33'),('f6e51be968cdc15486153d3d0c964a23fa6be36fcd2f56583eb1ed120b5e6d32b3aebdb9d5ed0e7b','1ec7207abc93173a160f1a5a2d4df2343505a2cb933c1fe3db64a5c318230497f810b8db76e41aa5',0,'2024-09-28 18:06:13'),('f719ec152bb9112c55063ea6d915e1aede65aae944b27d8e19574625816236241fec69b06cf1e6a6','70789c42311abc1fbefd2b5a553f72c250e06cbe94eafb6b041bbe3e514eb798ee26d8c08586f47c',0,'2024-09-21 21:22:06'),('f75d1ffab982273c163caf208f5a26e6a4752a57979f21353af587b10ede9480bf5aa311c84fffce','8412f1b7b19c6a315104450881e7deb1e8f50d7159a66e6946448ae197873185f0aaf326b129a569',0,'2024-09-22 18:36:02'),('f7c5ce371884fc1cd2543de7bc9353f99b63115c8e80582d94db5662228f8540938674aab84ef45b','56a55bc030f6753b8ddbd6e7cba19d28965347563ea489b6dc89d0ca737050f15edbe0239bacbc10',0,'2024-09-22 18:35:59'),('f7fb69713b1d929974cb0156bf785829846fd5e3453c23e09e7e9ca58ef6f153b11223aa5ebef962','ff33053759abb65c9668b762665bdb295e80ad82f61cdd8da371a1da213e395c0757994d9e5c6b75',0,'2024-10-09 18:22:25'),('f802793a19a2c588d1fcd2965a4f54c7a193bbfc3f88e39d6fe5b8eeacc7e4068aa88121ca979688','2b8d65417919a6a2a52704ee1fb76c2cdc7714ec462c8bf4678f3b1749563849e57825ac46c5e571',0,'2024-09-27 22:10:27'),('f83d946f5b522d4e24f0c910e7eb2ec6b46a2f0be3f00bcfb7960791e0ae3a7e2cab85cb89816f4d','45b4bd02064afb6877bdf38c33e163f1c9e24ae8b94741d953934be08deecd72dc3c6aa03dae701c',0,'2024-09-22 18:34:34'),('f8ad338c75968a3776c8594a5d279aa0164e7fa52c03063745128bfe96dc7aabd1c84ed1704dbdcc','70a28bb96f8b7b0f6aea1dd6bac4b337d1e2ba4e59a4bd7a5c65a3e7e839b4b1d50baa4273acd2a4',0,'2024-09-22 20:32:12'),('f8cb6f927bd68fd4ee0a96911d19dc248d6eb8d8d169b4a71dacbeb31535c063467d883fe7b50ca2','c914bad8d94ef37733f9d95741e26c612ea946422d4276d8ea626b40856f736757dac2de3d88ecd0',0,'2024-09-28 18:28:26'),('f935cd47e2fee7c69de519e55f8192b519e85356a242a968f8e8af8cffb0efdb3aa6d0c833a2c302','3c178a59a7a63df624e736fb1bd9563ea2ee681d15a7d6a0fc07127a52825837831721f5da62c63d',0,'2024-09-21 20:56:39'),('f9661dfe3020bd45bce57c04f7defed38914a22770a3895b2c97c1679fe732dc7828bf510d367fdd','967783dc294f35023ba312671e392095a321b43e966c3ed4b01bc55751aab23e219e3e457813865c',0,'2024-10-18 22:20:21'),('f968793585d87c710cbef93cd97d7035ba664471cae6618712ea978d0fdfab90b08e87f6455d8338','44cd9b2ac5e020c18f24ccec0d43c922b1a530a1f14a986a1da2887c128125c8383a135871686130',0,'2024-09-21 05:15:10'),('f9921514d62e9a824c4366133e515ddceb8ca12fd5631317e3667d04e52c8689cc73a193630b6fbb','74d877ab087f5ea8d4ad17a381dc41e854e17c07e4fdbc64f5c2714473bf1cc2e378e6f2c90a0cbe',0,'2024-10-02 19:05:04'),('f9aa8728e7db80c373643202d024e4809733fb8068334543d38868b1fa863592fe4859467a732a95','8f8333081cfd9ed5af3e7ed94c2d522883fe0cf1dbbb7e98814077c592da5e4dd496ee7ff832000e',0,'2024-09-21 21:23:25'),('f9f3f6d374d6da84bb02b22dc37989ce1cd57d1818eefa0330bdc8ff222207e9f925c05276273150','dd4ce776eddb7d1be5e6bf350a513f75ba1c38af5e78e444ba7f0f2e4c60128ac9de6150bb3df450',0,'2024-09-28 18:27:20'),('fa7c0e62b10039c78d4be4cbf5501bec60ab0ca828f34c0a34a85d700f7aa48de02bd4bca8525135','abf723de3098f5aa6156f037be18519a3b254953209515d2e56bc27fd765505fbf59f24e6cb6c754',0,'2024-09-21 20:56:40'),('fb0667ff7b46faea6f698184a28e95cbbfdee6862c6f550a4a6051bb7dca3fc87e9808baf83fdad0','66cc8941361d51c7ec12035b5eeb77e254535f0bb243e23b008dee69e07e065f62809afb02499af7',0,'2024-10-30 22:38:47'),('fb0929c3f0137ab1da49888456e9d561a2750a0b0b171477085be22aa086b40ab53963af21053eea','8b394eb5d462a48c627a9480661b6b26e25cb32951c20f7696435b49ad2f618eeb6ffa30fd037b3e',0,'2024-10-18 21:52:56'),('fb28e08d4377e641c98ca74541df55e13893d61301a3872ad18b29e18010fa6630e7afdc0787722b','113900343b5b9692cb0d33b5f58ee100d8603810431cbc7cf69e8d94cecd329ce7aa9909f9ff900b',0,'2024-10-16 21:12:21'),('fb5acb2c81c1176f928e3b37521554bd89c88163cc9358fcdf847ca90d36f86b03823d5bab809a57','6677f788973a327d343df3c197af9d65460a31a0ee3f5641146d2e801cc86a8e9a89ff32dee0462b',0,'2024-09-21 04:58:39'),('fba6379902ec4708207ad4b624bbe5d2243b13486bc393e5eb6c2a1e97ad361f2f8591f475c592e0','46d90eccfa0315dfb7abf039cd24ec5b7ebbc996991164b0b1da9fbf24838a30cd90b03104a3d087',0,'2024-09-19 20:01:58'),('fc240e1e6b965421935e4983cbd8ef45ab34fc9c18591f11c8a9c5fc0b5d0058f7114e03901eb6b4','f56908bfa6f0c5a6e08bcc53b5baa3e79a6cb262d41d2167f7736e59440ef6fd7bc02b41adbb5ba7',0,'2024-09-21 21:20:23'),('fc616154c7af14974436e75f91f2907675359006e7e797d24602bb855a59befcb30545511b3ca0a0','9436e95cbdf9d6d23b5d989b3819e1c91e841be893433ff63ec1e1a58657fe306d94c417f03b9529',0,'2024-09-21 21:23:24'),('fc65e4ac82165d3526e237c340c66727973727d30538a725001b6d8e52835d11e4df62eff27674c0','4dfbdbb24f696ab067b699ff6eb0ee78613f60b0092375942a0b62c32cd16efc7704ae86b7ee5e7a',0,'2024-09-25 22:50:12'),('fd2442d5c185c593a1dec77a9a2a41c8c0688551dac81c9b5466a92fcc26b9bccc36483673b64fb7','94d03c2e712d618d178f53aa2f39c6820b6fea291fd7f47a1077f2d53b10823a9dcf75305c9c8a9c',0,'2024-11-02 21:32:20'),('fdbd01c76dfe91ffa2587ecd6660498a6315db472e4df33f5ba8fa94922cb53f12bd51e9315f797b','e1cc24166619e5a4a85b499acf91ecf8819517b09feb3b7d33b799854caa5ca410eb600dc5061b36',0,'2024-09-22 20:32:04'),('fde07bcd93fa3a5f1ef72b7d5af0595fc935d91b40b39045da9f583816351137867fcdd233409ba7','865ceb4044d233c41d14c95934a3a887744669c2b43608b8c9b5e9b3fe4931c4355c24475a9832e5',0,'2024-10-22 23:07:31'),('fe1e41996fdc3acf35c87647c6288326513dcd1eeeacd3e3b9c718914e75cdc08618152597d1460b','1eb62a78a7e43e87beaf4b91a646c7c8cac20e22e14e23c9309694545f7d445380ca54b7656c6202',0,'2024-09-21 20:56:36'),('fea38d0ace3fed1e57e3175baba504a1adcd79655d8ff3ac161d7dd3a3dfec0f9bd610b36bc05db7','4d6a90a9706244c2d5c18f18cce11a89cc046e9d067902788ccca013cf47c4b2564401e6909edd55',0,'2024-09-21 05:15:45'),('fea6f0762d27551049bc560335e4e9bb73555fa0692b7dab2c297f37974dadca0c68be7fb7fa2149','05f0997a0dabc0456546ce812edf737c47ffac0f300fd44f5452e26138403b6a90534c62d887569b',0,'2024-09-22 20:32:08'),('ff3e7e138d171c244e06badb9b3991e888cf00e1e255c06d0f467734964cccf2f8520b66fac2e751','6686e2413987ffda776bc1421123e606c45a39328772078426b94a20c0d2529e3332045340432bd0',0,'2024-09-21 21:23:49'),('ff9dbdb2c56b3701b4ec9e4ba7f01d485a3712f36d6815724d34e3cd4a788eceb8127b7925f2da83','00ab25b45e5043074e689940d7eb7294e0d414f2154096eae758410e0d6614ee1659e2e24c9b1cf3',0,'2024-09-22 18:36:05'),('ffbcb3fc2866f05439070fb1a6b7c0781d83b5ebdb0934abc3d8941fca916630ec389ab7e924ad0d','ffb8a60c5df753ba5f330f3050a5cd09ba3326709eda1f3efd7e6f0955ddb379cc235329525dcfe1',0,'2024-10-31 18:21:10'),('ffc3f7495249404817b4635f2e1f3f8b1410aed233bac198dc5666708f94925a460b2542156caa10','cdc54f09ea4dad645779e4dac7e2d889938f1ec413bb26d3b186d63bf09b14e4ae49327b6ee10071',0,'2024-10-16 21:16:04');
/*!40000 ALTER TABLE `oauth_refresh_tokens` ENABLE KEYS */;
UNLOCK TABLES;

--
-- Table structure for table `paradas`
--

DROP TABLE IF EXISTS `paradas`;
/*!40101 SET @saved_cs_client     = @@character_set_client */;
/*!40101 SET character_set_client = utf8 */;
CREATE TABLE `paradas` (
  `id` int(10) unsigned NOT NULL AUTO_INCREMENT,
  `ruta_id` int(10) unsigned DEFAULT NULL,
  `latitud` decimal(8,6) NOT NULL,
  `longitud` decimal(9,6) NOT NULL,
  `created_at` timestamp NOT NULL DEFAULT current_timestamp(),
  `updated_at` timestamp NOT NULL DEFAULT current_timestamp() ON UPDATE current_timestamp(),
  `deleted_at` timestamp NULL DEFAULT NULL,
  PRIMARY KEY (`id`),
  KEY `ruta_id` (`ruta_id`),
  CONSTRAINT `paradas_ibfk_1` FOREIGN KEY (`ruta_id`) REFERENCES `rutas` (`id`)
) ENGINE=InnoDB AUTO_INCREMENT=6 DEFAULT CHARSET=latin1 COLLATE=latin1_swedish_ci;
/*!40101 SET character_set_client = @saved_cs_client */;

--
-- Dumping data for table `paradas`
--

LOCK TABLES `paradas` WRITE;
/*!40000 ALTER TABLE `paradas` DISABLE KEYS */;
INSERT INTO `paradas` VALUES (3,1024,-34.854026,-56.194190,'2023-11-04 01:54:48','2023-11-06 00:23:01',NULL),(4,1024,-31.611908,-57.029783,'2023-11-04 01:55:07','2023-11-04 01:55:07',NULL),(5,1024,-30.647991,-56.667235,'2023-11-05 19:14:51','2023-11-06 00:23:38',NULL);
/*!40000 ALTER TABLE `paradas` ENABLE KEYS */;
UNLOCK TABLES;

--
-- Table structure for table `password_resets`
--

DROP TABLE IF EXISTS `password_resets`;
/*!40101 SET @saved_cs_client     = @@character_set_client */;
/*!40101 SET character_set_client = utf8 */;
CREATE TABLE `password_resets` (
  `email` varchar(255) NOT NULL,
  `token` varchar(255) NOT NULL,
  `created_at` timestamp NULL DEFAULT NULL,
  KEY `password_resets_email_index` (`email`)
) ENGINE=InnoDB DEFAULT CHARSET=utf8mb4 COLLATE=utf8mb4_unicode_ci;
/*!40101 SET character_set_client = @saved_cs_client */;

--
-- Dumping data for table `password_resets`
--

LOCK TABLES `password_resets` WRITE;
/*!40000 ALTER TABLE `password_resets` DISABLE KEYS */;
/*!40000 ALTER TABLE `password_resets` ENABLE KEYS */;
UNLOCK TABLES;

--
-- Table structure for table `personal_access_tokens`
--

DROP TABLE IF EXISTS `personal_access_tokens`;
/*!40101 SET @saved_cs_client     = @@character_set_client */;
/*!40101 SET character_set_client = utf8 */;
CREATE TABLE `personal_access_tokens` (
  `id` bigint(20) unsigned NOT NULL AUTO_INCREMENT,
  `tokenable_type` varchar(255) NOT NULL,
  `tokenable_id` bigint(20) unsigned NOT NULL,
  `name` varchar(255) NOT NULL,
  `token` varchar(64) NOT NULL,
  `abilities` text DEFAULT NULL,
  `last_used_at` timestamp NULL DEFAULT NULL,
  `created_at` timestamp NULL DEFAULT NULL,
  `updated_at` timestamp NULL DEFAULT NULL,
  PRIMARY KEY (`id`),
  UNIQUE KEY `personal_access_tokens_token_unique` (`token`),
  KEY `personal_access_tokens_tokenable_type_tokenable_id_index` (`tokenable_type`,`tokenable_id`)
) ENGINE=InnoDB DEFAULT CHARSET=utf8mb4 COLLATE=utf8mb4_unicode_ci;
/*!40101 SET character_set_client = @saved_cs_client */;

--
-- Dumping data for table `personal_access_tokens`
--

LOCK TABLES `personal_access_tokens` WRITE;
/*!40000 ALTER TABLE `personal_access_tokens` DISABLE KEYS */;
/*!40000 ALTER TABLE `personal_access_tokens` ENABLE KEYS */;
UNLOCK TABLES;

--
-- Table structure for table `productos`
--

DROP TABLE IF EXISTS `productos`;
/*!40101 SET @saved_cs_client     = @@character_set_client */;
/*!40101 SET character_set_client = utf8 */;
CREATE TABLE `productos` (
  `id` int(10) unsigned NOT NULL AUTO_INCREMENT,
  `peso` decimal(10,2) unsigned NOT NULL,
  `estado` enum('en central','en transito','almacen final','en domicilio') NOT NULL,
  `destino` varchar(50) NOT NULL,
  `tipo` enum('Carta','Sobre chico','Sobre grande','Paquete chico','Paquete mediano','Paquete grande','Otro') DEFAULT NULL,
  `forma_entrega` enum('pick up','reparto') NOT NULL,
  `remitente` varchar(50) NOT NULL,
  `nombre_destinatario` varchar(50) NOT NULL,
  `calle` varchar(50) DEFAULT NULL,
  `numero_puerta` varchar(8) DEFAULT NULL,
  `created_at` timestamp NOT NULL DEFAULT current_timestamp(),
  `updated_at` timestamp NOT NULL DEFAULT current_timestamp(),
  `deleted_at` timestamp NULL DEFAULT NULL,
  PRIMARY KEY (`id`)
) ENGINE=InnoDB AUTO_INCREMENT=1136 DEFAULT CHARSET=utf8mb4 COLLATE=utf8mb4_general_ci;
/*!40101 SET character_set_client = @saved_cs_client */;

--
-- Dumping data for table `productos`
--

LOCK TABLES `productos` WRITE;
/*!40000 ALTER TABLE `productos` DISABLE KEYS */;
INSERT INTO `productos` VALUES (750,30088.46,'en domicilio','Zboncakmouth','Paquete grande','pick up','Quinton','Mireya','Greta Court','6905','2023-08-17 21:54:49','2023-08-17 21:54:49',NULL),(932,77299.14,'en domicilio','Lake Marianna','Otro','pick up','Estel','Keshaun','Lyda Station','8097','2023-10-02 21:49:13','2023-10-02 21:52:13',NULL),(935,80701.08,'en central','New Alexandro','Paquete chico','pick up','Jaclyn','Melany','Roob Union','79946','2023-10-02 21:49:13','2023-10-02 21:49:13',NULL),(1000,10.50,'en domicilio','Salto','Paquete chico','reparto','Manuel','Susana','Michelena','1412','2023-08-17 21:54:49','2023-10-23 21:59:55',NULL),(1044,60501.96,'en transito','Keonborough','Paquete mediano','pick up','Eduardo','Cerati','Rath Forest','24963','2023-08-17 21:54:49','2023-10-19 22:16:33',NULL),(1045,12285.13,'en domicilio','West Nova','Paquete chico','pick up','Charles','Hosea','Ernser Heights','421','2023-08-17 21:54:49','2023-08-17 21:54:49',NULL),(1046,96726.79,'almacen final','Mireyachester','Paquete mediano','reparto','Jillian','Kole','Kuvalis Parks','8419','2023-08-17 21:54:49','2023-08-17 21:54:49',NULL),(1047,30108.40,'en central','Gottliebborough','Paquete mediano','reparto','Breana','Brisa','Eric Village','7361','2023-08-17 21:54:49','2023-08-17 21:54:49',NULL),(1048,63447.80,'en transito','Kohlerside','Paquete mediano','pick up','Jaylin','Walker','Camren Cliffs','75753','2023-08-17 21:54:49','2023-08-17 21:54:49',NULL),(1049,300.00,'almacen final','Artigas','Paquete grande','reparto','Manolo','Pepe','Gouveia','8221','2023-08-17 21:54:49','2023-08-18 00:05:50',NULL),(1050,39352.11,'en transito','Artigas','Sobre grande','reparto','Kenna','Adelle','Peggie Land','1534','2023-08-17 21:54:49','2023-08-17 21:54:49',NULL),(1051,80278.68,'almacen final','Artigas','Sobre grande','reparto','Dorthy','Elta','Naomi Corner','908','2023-08-17 21:54:49','2023-08-17 21:54:49',NULL),(1052,81536.33,'en central','Port Lawrenceside','Otro','reparto','Morgan','Ilene','Haley Shores','1598','2023-08-17 21:54:49','2023-08-17 21:54:49',NULL),(1053,40678.26,'en transito','Ellsworthbury','Carta','reparto','Vicky','Bruce','Hackett Pines','180','2023-08-17 21:54:49','2023-08-17 21:54:49',NULL),(1054,7017.12,'en transito','Jerdeshire','Carta','reparto','Reuben','Meagan','Boyle Motorway','760','2023-08-17 21:54:49','2023-08-17 21:54:49',NULL),(1055,44225.53,'almacen final','Harveytown','Paquete grande','pick up','Mitchell','Titus','Jalyn Highway','225','2023-08-17 21:54:49','2023-08-17 21:54:49',NULL),(1056,47066.32,'almacen final','West Santastad','Sobre grande','pick up','Herman','Gia','Nitzsche Common','7431','2023-08-17 21:54:49','2023-08-17 21:54:49',NULL),(1057,68504.62,'almacen final','Westleyton','Otro','reparto','Terrell','Rozella','Josie Mountains','3403','2023-08-17 21:54:49','2023-08-17 21:54:49',NULL),(1058,93010.87,'almacen final','Carleyborough','Paquete chico','pick up','Addison','Madison','Lexus Forges','863','2023-08-17 21:54:49','2023-08-17 21:54:49',NULL),(1059,75727.37,'en transito','Brandynburgh','Otro','reparto','Kenyon','Keyshawn','Ernestina Islands','722','2023-08-17 21:54:49','2023-08-17 21:54:49',NULL),(1060,53202.53,'en central','Lake Laneyville','Carta','pick up','Antonette','Clementine','Will Village','67024','2023-08-17 21:54:49','2023-08-17 21:54:49',NULL),(1061,70711.53,'en central','South Maverick','Otro','reparto','Edgar','Lessie','Morgan Prairie','47145','2023-08-17 21:54:49','2023-08-17 21:54:49',NULL),(1062,47028.53,'en domicilio','Grahamton','Otro','pick up','Toy','Mohammad','Thora Vista','94073','2023-08-17 21:54:49','2023-08-17 21:54:49',NULL),(1063,711.17,'en domicilio','East Albertaport','Sobre chico','pick up','Americo','Valentin','Mossie Locks','31449','2023-08-17 21:54:49','2023-08-17 21:54:49',NULL),(1068,78.81,'almacen final','Treinta y Tres','Otro','reparto','Nicole','Luis','Alberto de Herrera','8821','2023-08-17 23:56:50','2023-08-17 23:56:50',NULL),(1069,10.50,'en central','Maldonado','Paquete chico','reparto','Eduardo','Rafael','Ramon Anador','1531','2023-08-18 21:08:24','2023-08-18 21:08:24',NULL),(1070,12.00,'en transito','Treinta y Tres','Sobre chico','pick up','Ramiro','Felipe Diaz','Rivera','1431','2023-08-22 06:20:23','2023-08-22 06:20:23',NULL),(1071,15.31,'almacen final','Rio Negro','Paquete grande','pick up','Francisco Perez','Mario Diaz','Ibaripita','3132','2023-08-22 06:55:47','2023-08-22 06:55:47',NULL),(1072,0.05,'en domicilio','Salto','Carta','reparto','Ramiro','Felipe Diaz','Rivera','1431','2023-08-22 06:56:58','2023-09-08 22:40:48',NULL),(1073,10.50,'en domicilio','Salto','Paquete chico','reparto','Nicolas','Juliana','Michelena','1732','2023-08-22 07:22:53','2023-11-06 04:06:21',NULL),(1074,10.50,'en transito','Salto','Paquete chico','reparto','Eduardo','Rafael','Ramon Anador','1531','2023-08-22 22:50:36','2023-10-31 22:52:05',NULL),(1095,10.50,'en domicilio','Paysandu','Paquete chico','reparto','Nicolas','Juliana','Michelena','1732','2023-09-13 22:45:56','2023-09-19 23:21:44',NULL),(1114,37.00,'en central','Lavalleja','Paquete mediano','reparto','Ignacio','Juan','Graciela de Gouveia','1444','2023-10-09 23:32:06','2023-10-09 23:32:06',NULL),(1115,76.00,'en central','Artigas','Sobre chico','pick up','Roberto','Fernando',NULL,NULL,'2023-10-09 23:33:40','2023-10-09 23:33:40',NULL),(1116,123.00,'en central','Maldonado','Paquete grande','reparto','Roberto','Sarah',NULL,NULL,'2023-10-09 23:53:15','2023-10-09 23:53:15',NULL),(1117,11.00,'en central','Flores','Carta','reparto','Hector','Susana','Leonidas','1111','2023-10-10 00:00:04','2023-10-10 00:00:04',NULL),(1118,31.00,'en central','Lavalleja','Otro','pick up','Juan','Pedro',NULL,NULL,'2023-10-10 00:00:34','2023-10-10 00:00:34',NULL),(1119,231.00,'en central','Lavalleja','Sobre chico','reparto','Ignacio','Sarah','Graciela de Gouveia','3212','2023-10-10 00:05:28','2023-10-10 00:05:28',NULL),(1120,312.00,'en central','Maldonado','Carta','pick up','Juan','Fernando',NULL,NULL,'2023-10-10 00:06:16','2023-10-10 00:06:16',NULL),(1121,3131.00,'en central','Maldonado','Carta','pick up','Ignacio','Sarah',NULL,NULL,'2023-10-10 00:47:41','2023-10-10 00:47:41',NULL),(1122,123.00,'en central','Florida','Otro','pick up','Ignacio','Juan',NULL,NULL,'2023-10-10 01:21:25','2023-10-10 01:21:25',NULL),(1123,123.00,'en central','Florida','Otro','pick up','Ignacio','Juan',NULL,NULL,'2023-10-10 01:21:25','2023-10-10 01:21:25',NULL),(1124,45.00,'en central','Canelones','Sobre grande','pick up','Eduardo','Kevin',NULL,NULL,'2023-10-10 01:24:28','2023-10-10 01:24:28',NULL),(1125,10.50,'en central','Maldonado','Paquete chico','reparto','Eduardo','Rafael','Ramon Anador','1531','2023-10-17 00:12:27','2023-10-17 00:12:27',NULL),(1126,10.50,'en central','Maldonado','Paquete chico','reparto','Eduardo','Rafael','Ramon Anador','1531','2023-10-17 00:16:01','2023-10-17 00:16:01',NULL),(1127,3131.00,'en central','Lavalleja','Paquete mediano','pick up','Manolo','Lamas',NULL,NULL,'2023-10-19 01:25:03','2023-10-19 01:25:03',NULL),(1128,111.00,'en central','Mexico','Carta','pick up','Kevin','Chilena',NULL,NULL,'2023-10-23 02:32:18','2023-10-23 02:32:18',NULL),(1129,10.50,'en central','Paysandu','Paquete chico','reparto','Nicolas','Juliana','Michelena','1732','2023-10-23 19:57:52','2023-10-23 19:57:52',NULL),(1130,10.50,'en central','Paysandu','Paquete chico','reparto','Nicolas','Juliana','Michelena','1732','2023-10-23 21:31:12','2023-10-23 21:31:12',NULL),(1131,10.50,'en central','Paysandu','Paquete chico','reparto','Nicolas','Juliana','Michelena','1732','2023-10-23 21:36:22','2023-10-23 21:36:22',NULL),(1132,10.50,'en central','Paysandu','Paquete chico','reparto','Nicolas','Juliana','Michelena','1732','2023-10-23 21:46:12','2023-10-23 21:46:12',NULL),(1133,10.50,'en central','Paysandu','Paquete chico','reparto','Nicolas','Juliana','Michelena','1732','2023-10-23 21:52:37','2023-10-23 21:52:37',NULL),(1134,10.50,'en central','Paysandu','Paquete chico','reparto','Nicolas','Juliana','Michelena','1732','2023-10-23 21:57:59','2023-10-23 21:57:59',NULL),(1135,10.50,'en central','Paysandu','Paquete chico','reparto','Nicolas','Juliana','Michelena','1732','2023-10-23 21:59:55','2023-10-23 21:59:55',NULL);
/*!40000 ALTER TABLE `productos` ENABLE KEYS */;
UNLOCK TABLES;

--
-- Table structure for table `realiza`
--

DROP TABLE IF EXISTS `realiza`;
/*!40101 SET @saved_cs_client     = @@character_set_client */;
/*!40101 SET character_set_client = utf8 */;
CREATE TABLE `realiza` (
  `id` int(10) unsigned NOT NULL AUTO_INCREMENT,
  `vehiculo_id` int(10) unsigned DEFAULT NULL,
  `ruta_id` int(10) unsigned DEFAULT NULL,
  `tiempo_estimado` tinyint(3) unsigned DEFAULT NULL,
  `created_at` timestamp NOT NULL DEFAULT current_timestamp(),
  `updated_at` timestamp NOT NULL DEFAULT current_timestamp(),
  `deleted_at` timestamp NULL DEFAULT NULL,
  PRIMARY KEY (`id`),
  UNIQUE KEY `vehiculo_id` (`vehiculo_id`,`ruta_id`),
  KEY `ruta_id` (`ruta_id`),
  CONSTRAINT `realiza_ibfk_1` FOREIGN KEY (`vehiculo_id`) REFERENCES `vehiculos` (`id`),
  CONSTRAINT `realiza_ibfk_2` FOREIGN KEY (`ruta_id`) REFERENCES `rutas` (`id`)
) ENGINE=InnoDB AUTO_INCREMENT=3 DEFAULT CHARSET=latin1 COLLATE=latin1_swedish_ci;
/*!40101 SET character_set_client = @saved_cs_client */;

--
-- Dumping data for table `realiza`
--

LOCK TABLES `realiza` WRITE;
/*!40000 ALTER TABLE `realiza` DISABLE KEYS */;
INSERT INTO `realiza` VALUES (1,2,1024,NULL,'2023-11-04 22:55:29','2023-11-04 23:59:48',NULL),(2,3,1024,NULL,'2023-11-05 00:05:13','2023-11-05 00:05:28','2023-11-05 00:05:28');
/*!40000 ALTER TABLE `realiza` ENABLE KEYS */;
UNLOCK TABLES;

--
-- Table structure for table `reparte`
--

DROP TABLE IF EXISTS `reparte`;
/*!40101 SET @saved_cs_client     = @@character_set_client */;
/*!40101 SET character_set_client = utf8 */;
CREATE TABLE `reparte` (
  `id` int(10) unsigned NOT NULL AUTO_INCREMENT,
  `producto_id` int(10) unsigned DEFAULT NULL,
  `almacen_id` int(10) unsigned NOT NULL,
  `vehiculo_id` int(10) unsigned NOT NULL,
  `fechaReparto` date NOT NULL,
  `fechaRealizacion` date DEFAULT NULL,
  `created_at` timestamp NOT NULL DEFAULT current_timestamp(),
  `updated_at` timestamp NOT NULL DEFAULT current_timestamp(),
  `deleted_at` timestamp NULL DEFAULT NULL,
  PRIMARY KEY (`id`),
  UNIQUE KEY `producto_id` (`producto_id`,`fechaRealizacion`),
  KEY `vehiculo_id` (`vehiculo_id`),
  KEY `almacen_id` (`almacen_id`),
  CONSTRAINT `reparte_ibfk_1` FOREIGN KEY (`producto_id`) REFERENCES `productos` (`id`),
  CONSTRAINT `reparte_ibfk_2` FOREIGN KEY (`vehiculo_id`) REFERENCES `vehiculos` (`id`),
  CONSTRAINT `reparte_ibfk_3` FOREIGN KEY (`almacen_id`) REFERENCES `almacenes` (`id`)
) ENGINE=InnoDB AUTO_INCREMENT=4 DEFAULT CHARSET=latin1 COLLATE=latin1_swedish_ci;
/*!40101 SET character_set_client = @saved_cs_client */;

--
-- Dumping data for table `reparte`
--

LOCK TABLES `reparte` WRITE;
/*!40000 ALTER TABLE `reparte` DISABLE KEYS */;
INSERT INTO `reparte` VALUES (1,1073,1050,1012,'2023-11-06','2023-11-05','2023-10-30 21:15:40','2023-11-06 04:06:22',NULL),(2,1074,1050,1012,'2023-11-06','2023-10-31','2023-10-30 21:15:40','2023-10-31 23:28:37',NULL),(3,1049,1028,1032,'2023-11-01',NULL,'2023-10-31 23:27:50','2023-10-31 23:28:55',NULL);
/*!40000 ALTER TABLE `reparte` ENABLE KEYS */;
UNLOCK TABLES;

--
-- Table structure for table `rutas`
--

DROP TABLE IF EXISTS `rutas`;
/*!40101 SET @saved_cs_client     = @@character_set_client */;
/*!40101 SET character_set_client = utf8 */;
CREATE TABLE `rutas` (
  `id` int(10) unsigned NOT NULL AUTO_INCREMENT,
  `destino` varchar(20) NOT NULL,
  `recorrido` int(10) unsigned DEFAULT NULL,
  `created_at` timestamp NOT NULL DEFAULT current_timestamp(),
  `updated_at` timestamp NOT NULL DEFAULT current_timestamp(),
  `deleted_at` timestamp NULL DEFAULT NULL,
  PRIMARY KEY (`id`)
) ENGINE=InnoDB AUTO_INCREMENT=1025 DEFAULT CHARSET=latin1 COLLATE=latin1_swedish_ci;
/*!40101 SET character_set_client = @saved_cs_client */;

--
-- Dumping data for table `rutas`
--

LOCK TABLES `rutas` WRITE;
/*!40000 ALTER TABLE `rutas` DISABLE KEYS */;
INSERT INTO `rutas` VALUES (1,'Artigas',219,'2023-09-12 02:33:38','2023-09-13 04:06:55',NULL),(2,'Harbertown',138,'2023-09-12 02:33:38','2023-09-12 03:51:27','2023-09-12 03:51:27'),(3,'West Leliafort',258,'2023-09-12 02:33:38','2023-09-12 02:33:38',NULL),(4,'Betteberg',439,'2023-09-12 02:33:38','2023-09-12 02:33:38',NULL),(5,'Port Omerton',164,'2023-09-12 02:33:38','2023-09-12 02:33:38',NULL),(6,'Clevelandside',267,'2023-09-12 02:33:38','2023-09-12 02:33:38',NULL),(7,'West Nicklaus',472,'2023-09-12 02:33:38','2023-09-12 02:33:38',NULL),(8,'East Cletamouth',396,'2023-09-12 02:33:38','2023-09-12 02:33:38',NULL),(9,'New Adell',234,'2023-09-12 02:33:38','2023-09-12 02:33:38',NULL),(10,'Jaimeview',377,'2023-09-12 02:33:38','2023-09-12 02:33:38',NULL),(11,'East Tateberg',230,'2023-09-12 02:33:38','2023-09-12 02:33:38',NULL),(12,'Rozellaton',423,'2023-09-12 02:33:38','2023-09-12 02:33:38',NULL),(13,'Madonnabury',364,'2023-09-12 02:33:38','2023-09-12 02:33:38',NULL),(14,'Halvorsonfort',87,'2023-09-12 02:33:38','2023-09-12 02:33:38',NULL),(15,'East Ardenshire',360,'2023-09-12 02:33:38','2023-09-12 02:33:38',NULL),(750,'Jackelineville',292,'2023-09-12 02:33:38','2023-09-12 02:33:38',NULL),(1000,'Maldonado',123,'2023-09-12 02:33:38','2023-10-23 21:59:55',NULL),(1001,'Colonia',136,'2023-09-12 03:31:56','2023-09-12 03:31:56',NULL),(1002,'Montevideo',100,'2023-09-13 03:52:00','2023-09-13 03:52:00',NULL),(1003,'Montevideo',100,'2023-09-13 03:55:02','2023-09-13 03:55:02',NULL),(1004,'Montevideo',100,'2023-09-13 04:02:09','2023-09-13 04:02:09',NULL),(1005,'Montevideo',100,'2023-09-13 04:06:55','2023-09-13 04:06:55',NULL),(1006,'Montevideo',100,'2023-09-13 04:10:56','2023-09-13 04:10:56',NULL),(1007,'Montevideo',100,'2023-09-13 21:17:48','2023-09-13 21:17:48',NULL),(1008,'Montevideo',100,'2023-09-13 21:43:42','2023-09-13 21:43:42',NULL),(1009,'Montevideo',100,'2023-09-13 21:52:52','2023-09-13 21:52:52',NULL),(1010,'Montevideo',100,'2023-09-13 22:45:56','2023-09-13 22:45:56',NULL),(1011,'Montevideo',100,'2023-09-22 22:06:04','2023-09-22 22:06:04',NULL),(1012,'Montevideo',100,'2023-09-22 22:23:03','2023-09-22 22:23:03',NULL),(1013,'Montevideo',100,'2023-09-22 22:27:34','2023-09-22 22:27:34',NULL),(1014,'Montevideo',100,'2023-09-22 22:31:08','2023-09-22 22:31:08',NULL),(1015,'Montevideo',100,'2023-09-22 22:39:16','2023-09-22 22:39:16',NULL),(1016,'Montevideo',100,'2023-09-22 22:41:55','2023-09-22 22:41:55',NULL),(1017,'Montevideo',100,'2023-10-23 19:57:52','2023-10-23 19:57:52',NULL),(1018,'Montevideo',100,'2023-10-23 21:31:13','2023-10-23 21:31:13',NULL),(1019,'Montevideo',100,'2023-10-23 21:36:22','2023-10-23 21:36:22',NULL),(1020,'Montevideo',100,'2023-10-23 21:46:13','2023-10-23 21:46:13',NULL),(1021,'Montevideo',100,'2023-10-23 21:52:37','2023-10-23 21:52:37',NULL),(1022,'Montevideo',100,'2023-10-23 21:57:59','2023-10-23 21:57:59',NULL),(1023,'Montevideo',100,'2023-10-23 21:59:55','2023-10-23 21:59:55',NULL),(1024,'Salto',NULL,'2023-11-04 01:04:13','2023-11-04 01:04:13',NULL);
/*!40000 ALTER TABLE `rutas` ENABLE KEYS */;
UNLOCK TABLES;

--
-- Table structure for table `users`
--

DROP TABLE IF EXISTS `users`;
/*!40101 SET @saved_cs_client     = @@character_set_client */;
/*!40101 SET character_set_client = utf8 */;
CREATE TABLE `users` (
  `id` bigint(20) unsigned NOT NULL AUTO_INCREMENT,
  `name` varchar(255) NOT NULL,
  `email` varchar(255) NOT NULL,
  `email_verified_at` timestamp NULL DEFAULT NULL,
  `password` varchar(255) NOT NULL,
  `remember_token` varchar(100) DEFAULT NULL,
  `created_at` timestamp NULL DEFAULT NULL,
  `updated_at` timestamp NULL DEFAULT NULL,
  `deleted_at` timestamp NULL DEFAULT NULL,
  PRIMARY KEY (`id`),
  UNIQUE KEY `users_email_unique` (`email`)
) ENGINE=InnoDB AUTO_INCREMENT=1812 DEFAULT CHARSET=utf8mb4 COLLATE=utf8mb4_unicode_ci;
/*!40101 SET character_set_client = @saved_cs_client */;

--
-- Dumping data for table `users`
--

LOCK TABLES `users` WRITE;
/*!40000 ALTER TABLE `users` DISABLE KEYS */;
INSERT INTO `users` VALUES (1,'Rafael','rafa012@gmail.com',NULL,'$2y$10$6cCUGJPrRoGD0CIqgs0IP.F.U1XTvpx0VWgJZGSn23HXfrSXKh/e2',NULL,'2023-07-18 21:34:35','2023-07-18 21:34:35',NULL),(2,'Gonzalo','gggonzalezutu@gmail.com',NULL,'$2y$10$4ktcZHs.bqw2IWrmvFkeIesZR4oR/IoErbJFYOlArcHbNxdhXxUha',NULL,'2023-07-21 20:41:15','2023-07-21 21:18:31','2023-07-21 21:18:31'),(3,'Miguel','soyyo@live.com',NULL,'$2y$10$HC70Tw0Z71ErbLiDS4H6deZFx85iG8g3MpaILHyHG4CC/4b2ZicVa',NULL,'2023-07-21 20:47:41','2023-07-21 21:18:37','2023-07-21 21:18:37'),(6,'Rafael','rara@gmail.com',NULL,'$2y$10$b11fspZfsPFWZzziH/5iBuw2RS96956R8OKYRT/EDV/wCdw8c8p8S',NULL,'2023-07-21 20:53:26','2023-07-21 21:18:40','2023-07-21 21:18:40'),(7,'Juanito','juanix@gmail.com',NULL,'$2y$10$gAEE7oicKDwKkv3NpWnPGenwS5BlIO/WrbHDCxfkBtWbSOZqwx3FW',NULL,'2023-07-21 20:55:23','2023-07-21 21:18:42','2023-07-21 21:18:42'),(8,'Foden','raf@adinet.com',NULL,'$2y$10$V1J8ZOWbIU9cN.fAPCLt8.IGT2kfOunPMx5xpw5pJTpQMzAl/IsRu',NULL,'2023-07-21 21:16:13','2023-07-21 21:55:23',NULL),(9,'Stones','ggonzalezutu@gmail.com',NULL,'$2y$10$4vjnLYnk.0rmjDfL9ENJFe8xMy/7Lxkp2NsnDIsVe1v4d46vtuEry',NULL,'2023-07-21 21:20:10','2023-07-21 21:20:54','2023-07-21 21:20:54'),(10,'Cesar','cesar@outlook.com',NULL,'$2y$10$vUEvGxUiSUPG5Ed7mesvneFPISRNitc3js28avJxA19/UFTzcY8bO',NULL,'2023-07-21 21:21:45','2023-07-21 21:21:45',NULL),(11,'Wallace','alexandra23@example.org','2023-08-11 22:11:35','$2y$10$UAg6NOs9qOYub0B/DJJZZeK.ZQzHemrqImDnz2wjMMTniOYQ/9SZq','AHjzNNZXf6','2023-08-11 22:11:35','2023-10-23 21:36:49',NULL),(1811,'Kevin','kvdlafuente@gmail.com',NULL,'$2y$10$JtKGsKoeKj.zgb.AbaaJXO2TPAsWFfsR4dWkSGDG3u/Pq2F.xhgKC',NULL,'2023-11-01 04:31:57','2023-11-01 04:31:57',NULL);
/*!40000 ALTER TABLE `users` ENABLE KEYS */;
UNLOCK TABLES;

--
-- Table structure for table `usuarios`
--

DROP TABLE IF EXISTS `usuarios`;
/*!40101 SET @saved_cs_client     = @@character_set_client */;
/*!40101 SET character_set_client = utf8 */;
CREATE TABLE `usuarios` (
  `id` int(10) unsigned NOT NULL AUTO_INCREMENT,
  `usuario` varchar(255) NOT NULL,
  `password` varchar(255) NOT NULL,
  `ci` char(8) NOT NULL,
  `primer_nombre` varchar(20) NOT NULL,
  `primer_apellido` varchar(20) NOT NULL,
  `segundo_apellido` varchar(20) DEFAULT NULL,
  `calle` varchar(50) NOT NULL,
  `numero_de_puerta` varchar(8) NOT NULL,
  `tipo` enum('chofer','funcionario','admin') DEFAULT NULL,
  `telefono` char(12) DEFAULT NULL,
  `remember_token` varchar(100) DEFAULT NULL,
  `created_at` timestamp NOT NULL DEFAULT current_timestamp(),
  `updated_at` timestamp NOT NULL DEFAULT current_timestamp(),
  `deleted_at` timestamp NULL DEFAULT NULL,
  `almacen_id` int(10) unsigned DEFAULT NULL,
  PRIMARY KEY (`id`),
  UNIQUE KEY `usuario` (`usuario`,`ci`),
  UNIQUE KEY `usuario_2` (`usuario`),
  UNIQUE KEY `ci` (`ci`),
  KEY `fk_usuarios_almacenes` (`almacen_id`),
  CONSTRAINT `fk_usuarios_almacenes` FOREIGN KEY (`almacen_id`) REFERENCES `almacenes` (`id`)
) ENGINE=InnoDB AUTO_INCREMENT=1043 DEFAULT CHARSET=utf8mb4 COLLATE=utf8mb4_general_ci;
/*!40101 SET character_set_client = @saved_cs_client */;

--
-- Dumping data for table `usuarios`
--

LOCK TABLES `usuarios` WRITE;
/*!40000 ALTER TABLE `usuarios` DISABLE KEYS */;
INSERT INTO `usuarios` VALUES (1,'velma96@gmail.com','$2y$10$h85hu8wl9AnUukNq2jBAQeqmntzSTTnjJmQ6SiqaCqMGLCZyRFEh6','15449747','Celine','Turner','Fernandez','Pfannerstill Garden','569','chofer',NULL,NULL,'2023-08-11 21:55:09','2023-08-24 19:59:22',NULL,NULL),(2,'maximillian.jaskolski@gmail.com','$2y$10$YSE4Poxh6zpaKjI/2v21TOnxVow/hLzURm2Bjigbzy5m0b3L6ZnMu','94919242','Leslie','Collier','Suarez','Laura Corners','9102','funcionario',NULL,NULL,'2023-08-11 21:55:09','2023-09-05 01:31:05',NULL,NULL),(3,'merle.pouros@hotmail.com','$2y$10$FFT4YAP41CZ/H7lHkJfUrec3LN2lKHHDzyWuDZ/S.SirtjLnVmuMe','60732738','Imogene','Gaylord','Franecki','Aubree Burgs','7918',NULL,NULL,NULL,'2023-08-11 21:55:09','2023-08-11 21:55:09',NULL,NULL),(4,'vkuphal@boyer.com','$2y$10$cCO3Iz1enLyfIkKktEcgOOFGbDtui6pSK0OxIjVmtzhjTO1Tql9qK','35295890','Davion','Towne','Schmitt','Kunze Circles','1274',NULL,NULL,NULL,'2023-08-11 21:55:09','2023-08-11 21:55:09',NULL,NULL),(5,'dooley.skye@west.com','$2y$10$8eIjnd7ATXcWVrpH2eLf9OhFar45BbxzjxMEkdK/yly81tLu5RbQe','80437987','Orin','Schuster','Nitzsche','Russel Course','242',NULL,NULL,NULL,'2023-08-11 21:55:09','2023-08-11 21:55:09',NULL,NULL),(6,'danial.powlowski@hotmail.com','$2y$10$QyrplCoJikED/AwAfd5yA.P1UzOL3Vktj6ksZMUPPxipaEVpWr/MK','40206452','Rollin','Runolfsson',NULL,'Skiles Squares','8221',NULL,NULL,NULL,'2023-08-11 21:55:09','2023-08-11 21:55:09',NULL,NULL),(7,'mhartmann@yahoo.com','$2y$10$jGUcYrCtoVmP66ejiDn/wegKjeczR9xaAzwedyH4MmCn8sdQwGL1W','27553190','Vladimir','Gutkowski','Moen','Bernhard Roads','886',NULL,NULL,NULL,'2023-08-11 21:55:09','2023-08-11 21:55:09',NULL,NULL),(8,'zboncak.waylon@gmail.com','$2y$10$YkOfR7VHmtbKaZttKIhm1OX1qa1TQCHsZGc10OnAvdaf4N.DmeVTG','75667815','Roma','Stamm','Bechtelar','Kihn Drive','7690',NULL,NULL,NULL,'2023-08-11 21:55:09','2023-08-24 18:30:00','2023-08-24 18:30:00',NULL),(9,'denesik.howard@hotmail.com','$2y$10$lsweaAt3Ol9sNNnais6mwuNmicahAjEq6nlsvQ4rF.EC8owleIwXG','37225231','Arne','Pfeffer',NULL,'Labadie Camp','4537',NULL,NULL,NULL,'2023-08-11 21:55:09','2023-08-11 21:55:09',NULL,NULL),(10,'wchamplin@yahoo.com','$2y$10$UpH2HpvWrrH7FtsY7iy2JeUmaAYJApj.LC/dkyetNELHM6CyBibiK','70505751','Emiliano','Brakus',NULL,'Schiller Parkways','442',NULL,NULL,NULL,'2023-08-11 21:55:09','2023-08-11 21:55:09',NULL,NULL),(11,'yvette92@rempel.net','$2y$10$bstpOGxjBAX1ptC0x0dUuOAdN4.YybX4oJ4i7VcTlo0kD2G56ChWy','52025804','Tevin','Rohan','Orn','Aglae Forge','2042',NULL,NULL,NULL,'2023-08-11 21:55:09','2023-08-11 21:55:09',NULL,NULL),(12,'emmalee05@harvey.org','$2y$10$uv5wHjOp1b4/y/O2O2OHs.W6WJEAt.w94efo67x8svedHxRknhwNC','08557010','Dawn','Senger','Kertzmann','Schumm Plains','5591',NULL,NULL,NULL,'2023-08-11 21:55:09','2023-08-11 21:55:09',NULL,NULL),(13,'osinski.myrtis@gmail.com','$2y$10$D75hLIU/Iv72r/pJpDyt/Onj/OMwk8a0/nFaxmWi4H.R.kb2mKFbq','10347613','Nels','Johnson',NULL,'Nick Canyon','5270',NULL,NULL,NULL,'2023-08-11 21:55:09','2023-08-11 21:55:09',NULL,NULL),(14,'aleen28@hotmail.com','$2y$10$NzSi.poiwsMrnAOi91C3zub/kXi9h8OwOumvChul62j.AuHZs4IdS','55365322','Whitney','Schinner','Wehner','Ryan Causeway','788',NULL,NULL,NULL,'2023-08-11 21:55:09','2023-08-11 21:55:09',NULL,NULL),(15,'sarai74@daugherty.biz','$2y$10$l2YbpY8LfbI5fpcyCP/uX.R3lczCguqxJ1l8N3ceSqrhF7T/ZWjhK','58243908','Aurore','Rosenbaum',NULL,'Maggio Shoals','3858',NULL,NULL,NULL,'2023-08-11 21:55:09','2023-08-11 21:55:09',NULL,NULL),(16,'paris.beahan@hotmail.com','$2y$10$Yg9hhSZM0MZZ5JeoDTbMjOAegQ0SBOUAG1aWWg8ZIAU.9rrt1KDWW','69258971','Jayden','Bins','Smith','Dickens Drives','936',NULL,NULL,NULL,'2023-08-11 21:55:09','2023-08-11 21:55:09',NULL,NULL),(17,'charity.sawayn@roberts.info','$2y$10$2a4tXBAc.pJeQ8EyBZ37wukQ9hQrzneP5.BGfcC0ej05MGvPvbuqG','27272591','Juliana','Osinski',NULL,'Barrows Locks','43532',NULL,NULL,NULL,'2023-08-11 21:55:09','2023-08-11 21:55:09',NULL,NULL),(18,'anjali.konopelski@hoppe.info','$2y$10$3LuDardZNbOpXO1LcxTHBePy1gUNcWCkenAKs0ozF9MuUGOA3eGAe','90305445','Laverne','Koepp',NULL,'Lockman Lane','614',NULL,NULL,NULL,'2023-08-11 21:55:09','2023-08-11 21:55:09',NULL,NULL),(19,'oliver.toy@hotmail.com','$2y$10$q8t/hmvtPn085YHxdydY/e/.qIXyQXNpLBH90aGetbl5gAGu6F7Am','87729077','Coy','Lindgren',NULL,'Rosenbaum Locks','80670',NULL,NULL,NULL,'2023-08-11 21:55:09','2023-08-11 21:55:09',NULL,NULL),(20,'oconnell.jeramie@hotmail.com','$2y$10$L//VvGa0Zgs0nL.CQZvWpOFndRcKtjQUq.qJi/4j0kj3D.dFDwQFy','91193920','Marjorie','Towne','Hudson','Koelpin Bridge','811',NULL,NULL,NULL,'2023-08-11 21:55:09','2023-08-11 21:55:09',NULL,NULL),(650,'karianne.welch@gmail.com','$2y$10$gu5YvNo0/9wt4hu5D7xjU.KkVJxVsIW4sIZIg5.pshYMJj5skyI3i','65549096','Landen','Treutel','Bins','Fae Mountain','29678','funcionario',NULL,NULL,'2023-09-07 01:29:23','2023-09-07 01:29:23',NULL,NULL),(750,'korbin.ritchie@eichmann.org','$2y$10$OmWol.QeWLEHmHFTJVim9.49vzeXpqpSq6hIes4FyxiCrzjxvaLCO','50243265','Therese','Gutkowski',NULL,'Velda Ferry','272',NULL,NULL,NULL,'2023-08-11 21:55:09','2023-08-11 21:55:09',NULL,NULL),(900,'otrocorreo@live.com','$2y$04$Hxg3lWfMJmJNT9VqBwp5Y.WFZZGH5UMBjXPOTSrTWm23dzcS18bRa','53227185','Manuel','Gonzalez',NULL,'Av Italia','1333','funcionario',NULL,NULL,'2023-09-07 01:29:23','2023-10-02 21:52:16',NULL,NULL),(1000,'manuel@gmail.com','$2y$10$DeaG84UlJjhfHeifLOd1WuFhGDIF3NgGCEt50C5qvqBPcKGNFwuca','32145678','Manu','Ugarte','Gimenez','Videla','321','chofer',NULL,NULL,'2023-08-11 21:55:09','2023-11-03 00:32:09',NULL,NULL),(1001,'transito@adinet.com','$2y$10$a/Eq58mueMvdoiWp2E1jte/7r1ych60tAevdA2TJyi9AHhwPBVFFO','51550859','Jorge','Ramirez','Perez','Av General Rivera','1642','chofer','084223156',NULL,'2023-08-17 22:04:37','2023-10-31 02:12:47',NULL,NULL),(1005,'chofer@gmail.com','$2y$10$ADOyIn3YSnSR5AXT8TT7QOM86aoYjF61OWQA0/MBjg1j7XrQQ14sy','53667239','Gonzalo','Ramirez','Perez','Arrascaeta','1333','chofer',NULL,NULL,'2023-08-18 22:21:30','2023-09-13 21:26:41','2023-09-13 21:26:41',NULL),(1007,'arroba@gmail.com','$2y$10$xb/vsO2i7U6yClgdzyMEIudNC4gFcZmZRfeF9rPp70KM2UVDC47wO','51550959','Hctor','Gonzlez','Suarez','Leopoldo','1253','funcionario',NULL,NULL,'2023-08-24 02:20:46','2023-08-24 02:20:46',NULL,NULL),(1008,'micorreo@hotmail.com','$2y$04$HMa5AB1mxhFjLTpszVFXte16WSs0EtkaeEqMTnO9AwF2ie6IsTO3.','51550179','Diego','Caceres','Ramirez','Av General Rivera','1111','chofer',NULL,NULL,'2023-09-07 01:35:31','2023-09-07 01:35:31',NULL,NULL),(1009,'rachel85@lehner.com','$2y$04$raGu.WCA9d5PdDnYEzO8KOvI4gyyVgxcZP5xsO15x4jpMIW8inL1i','23635356','Carlo','Auer','Padberg','Bernier Pass','4508','funcionario',NULL,NULL,'2023-09-19 23:54:55','2023-09-19 23:54:55',NULL,NULL),(1010,'treutel.ashlee@bernhard.com','$2y$04$yTNWH.AerrTa2bxRvXUXjeiD9DfhDF8L.p1U.5W7xVv/mk4JHAsP6','51481130','Zoey','Greenholt',NULL,'Shanahan Port','91266','chofer',NULL,NULL,'2023-09-19 23:54:55','2023-09-19 23:54:55',NULL,NULL),(1011,'hirthe.rocio@rath.com','$2y$04$b/nI/xxluidAwVAqzuHfKO7G4G5vgOF4jEtk9BmgJ20QjnvSit0Ve','48722406','Henri','Schoen',NULL,'Watsica Locks','5779','chofer',NULL,NULL,'2023-09-19 23:54:55','2023-09-19 23:54:55',NULL,NULL),(1012,'onie79@hotmail.com','$2y$04$X7scOxgDAJ7zuJWlHexApeWFfd/RZ/.3MIUHFOj3cJxaoP9TM85Ni','65312031','Maeve','Langworth','Mertz','Klocko Road','9221','funcionario',NULL,NULL,'2023-09-19 23:54:55','2023-09-19 23:54:55',NULL,NULL),(1013,'sim20@botsford.com','$2y$04$AImMskHUOVv87vBd6lFCf.hV16wYjGnEl3sXweTARg4c4Fpf/2GWy','82371708','Brandy','Zemlak',NULL,'Kaleigh Turnpike','833','funcionario',NULL,NULL,'2023-09-19 23:54:55','2023-09-19 23:54:55',NULL,NULL),(1014,'wrussel@connelly.info','$2y$04$Te8OHB0Hh9RyN2FL86H6def2D1P2y8z71DNGLjNAliQEA5MHVooxa','20171313','Jorge','Walsh',NULL,'Jess Lodge','626','funcionario',NULL,NULL,'2023-09-19 23:54:56','2023-09-19 23:54:56',NULL,NULL),(1015,'quitzon.elian@zboncak.com','$2y$04$V2OXq4AYyJ963k8/fUaI2u9RwuJqJO89Qg1nUfgjWGsliN2G4PdtO','06894048','Meghan','Lowe',NULL,'Quincy Extensions','329','funcionario',NULL,NULL,'2023-09-19 23:54:56','2023-09-19 23:54:56',NULL,NULL),(1016,'bernardo.fadel@gmail.com','$2y$04$NHbQzzftnP3V5Og.LVTnruuIrY4oGWwNHDUHXgrq0Bjo7zuZ7jShC','82910033','Tremayne','Wuckert',NULL,'Balistreri Squares','3319','funcionario',NULL,NULL,'2023-09-19 23:54:56','2023-09-19 23:54:56',NULL,NULL),(1017,'alvena.okuneva@yahoo.com','$2y$04$QWfWFrnnE6rrW4JDdTSk7uLl.9NIjOBG66wqFbEiQPWXEX8V97bb6','94917452','Tyreek','Schuppe',NULL,'Boris View','186','funcionario',NULL,NULL,'2023-09-19 23:56:33','2023-09-19 23:56:33',NULL,NULL),(1018,'izabella.kunze@yahoo.com','$2y$04$GJqVmNrYNnps7mblwdFAL.kQt0lJME/2rzTLn5qlN1jwYsAWjPilW','10882129','Hilario','Hartmann','Volkman','Bell Alley','601','chofer',NULL,NULL,'2023-09-19 23:56:33','2023-09-19 23:56:33',NULL,NULL),(1019,'dagmar72@spencer.com','$2y$04$9N4Ry0.8Dh8UBKht.jXtZOnQw.O9wU6LxUvjkohRN0QamFnfgfViC','83741473','Derick','Harvey',NULL,'Baumbach Corner','3500','chofer',NULL,NULL,'2023-09-19 23:56:33','2023-09-19 23:56:33',NULL,NULL),(1020,'lonie.romaguera@bartoletti.com','$2y$04$nH/gR7lI71JniKZPyCp2kOPnEyGu/d9y52aE6c4LGOt5o6MmpAK2q','79376946','Ettie','DuBuque',NULL,'Andy Drives','562','chofer',NULL,NULL,'2023-09-19 23:56:33','2023-09-19 23:56:33',NULL,NULL),(1021,'julien69@yahoo.com','$2y$04$X27i.pbMKi4VvzHJsDZXnuQFjSuqYPsT2BcEd0Qcg.4H3GT.Dje9q','70240611','Ceasar','Kassulke','Anderson','Graham Valleys','375','funcionario',NULL,NULL,'2023-09-19 23:56:33','2023-09-19 23:56:33',NULL,NULL),(1022,'claude88@yahoo.com','$2y$04$OCYl7yTn7EMfSTzJHc36ROQIFE.olVQswG5a.gB78e38/jHnsRmt6','80609023','Lacy','Reichert','Pollich','Tia Knoll','60081','chofer',NULL,NULL,'2023-09-19 23:56:33','2023-09-19 23:56:33',NULL,NULL),(1023,'paucek.ed@gottlieb.com','$2y$04$jSLfOO1PMC0VyGF.zmSjMepRs6kTQC07WvUoOfi3lWfY4yX9HEo3e','16678638','Cali','Hahn',NULL,'Maggio Meadow','75078','chofer',NULL,NULL,'2023-09-19 23:56:33','2023-09-19 23:56:33',NULL,NULL),(1024,'gjacobs@hotmail.com','$2y$04$sqHV8I6sHug8L0iSWOXEZOcysgJOIqpJFCMx/B1M3y81wnV7VWTuS','54908717','Dandre','Raynor',NULL,'Jeramie Points','18180','funcionario',NULL,NULL,'2023-09-19 23:56:33','2023-09-19 23:56:33',NULL,NULL),(1025,'lucile.morissette@runolfsson.com','$2y$04$hyVk0GlqbufOwajulW2IQ.l4GVBkd3bdV2mS9JxPcBWb7P.WG5K.O','86367589','Walton','Ernser',NULL,'Ruthie Overpass','5332','chofer',NULL,NULL,'2023-09-20 21:56:34','2023-09-20 21:56:34',NULL,NULL),(1026,'carole15@gmail.com','$2y$04$5ojqFJ4YAoBPPhXpx0UZHOZbSPTroOJR.Y3MlDQKCb875fXQedUUK','51719958','Arturo','Bailey',NULL,'Dahlia Path','985','funcionario',NULL,NULL,'2023-09-20 21:56:34','2023-09-20 21:56:34',NULL,NULL),(1027,'goodwin.blake@yahoo.com','$2y$04$pYCXPZXSIpQHWqZ0MdlLGu/5CltPa89GpEwSk6QkGjEY8fE7sV9dW','79848837','Anderson','Erdman','Mante','Hettinger Junction','493','funcionario',NULL,NULL,'2023-09-20 21:56:34','2023-09-20 21:56:34',NULL,NULL),(1028,'thaddeus.jast@emmerich.biz','$2y$04$pJyLnZDRfnvtglH1Dlo9iuU3rRFAk63PurSJC56Dilk6Yx/SZA64K','81550690','Maia','Collier',NULL,'Ana Mill','363','funcionario',NULL,NULL,'2023-09-20 21:56:34','2023-09-20 21:56:34',NULL,NULL),(1029,'cronin.heath@russel.biz','$2y$04$61VRK8A07.jylJ2fXEm5zunmEjhekUtUZn6YguihQODG1U0glKWtK','92240912','Aida','Barrows',NULL,'Cummings Crossroad','144','chofer',NULL,NULL,'2023-09-20 21:56:34','2023-09-20 21:56:34',NULL,NULL),(1030,'schmeler.karolann@yahoo.com','$2y$04$WzU021zXSiMBunxl20BJye0xGefYFVsbJmgcUubOEicU86nUQiYWG','28520913','Shanel','Russel','Labadie','Murray Stream','67506','chofer',NULL,NULL,'2023-09-20 21:56:34','2023-09-20 21:56:34',NULL,NULL),(1031,'gsimonis@hoeger.com','$2y$04$EVfyqD9.rCNtHVk6Yavj0eUBUKHwbrS.6g5gcIc.uRUTfysqiNISa','03354847','Oleta','Murphy',NULL,'Kylie Cliff','61403','chofer',NULL,NULL,'2023-09-20 21:56:34','2023-09-20 21:56:34',NULL,NULL),(1032,'pkuhlman@gmail.com','$2y$04$31trOFTGsn.TInwnD/slM.TvQEtLgWUYcUB11xgFse4xua06Fa7ha','01750733','Colten','Gislason',NULL,'Sipes Loop','39885','funcionario',NULL,NULL,'2023-09-20 21:56:35','2023-09-20 21:56:35',NULL,NULL),(1033,'micorreo22@hotmail.com','$2y$04$xIyeO9X8qd7o7SG.rvE4Xu7Hdt8OH.KF5.GIH77LCiUl.mh5I093K','52550179','Diego','Caceres','Ramirez','Av General Rivera','1111','chofer',NULL,NULL,'2023-09-22 00:22:53','2023-09-22 00:22:53',NULL,NULL),(1034,'micorreo32@hotmail.com','$2y$04$agGy4DGkC5OG8n9VwuPG0uW9LL5a72SkdJndFL4kaA7kBZ1GDmxIq','57550179','Diego','Caceres','Ramirez','Av General Rivera','1111','chofer',NULL,NULL,'2023-09-22 00:23:45','2023-09-22 00:23:45',NULL,NULL),(1035,'micorreo72@hotmail.com','$2y$04$GiVbAwtcAn3kNcRoZI9gpuk8XXGgm3fPDUiHLDkK1BRSBri2eR0wu','57150179','Diego','Caceres','Ramirez','Av General Rivera','1111','chofer',NULL,NULL,'2023-09-22 21:36:03','2023-09-22 21:36:03',NULL,NULL),(1036,'micorreo90@hotmail.com','$2y$04$q1j9BJDV8ruTA9u7.JHmlOwyeRuVJBAdltfnHDCaPnMGZ35S.QR7e','57150171','Diego','Caceres','Ramirez','Av General Rivera','1111','chofer',NULL,NULL,'2023-09-22 21:46:05','2023-09-22 21:46:05',NULL,NULL),(1037,'utu_Informatica11@adinet.com','$2y$04$niIir2ET7FVv3KE/epz0ZeZcms9TGpPOoUN/DNGEzfxn.urrzprGe','51550888','Jorge','Ramirez','Perez','Av General Rivera','1642','chofer',NULL,NULL,'2023-09-22 23:30:21','2023-09-22 23:30:21',NULL,NULL),(1038,'utu_Informatica42@adinet.com','$2y$04$0z/4k3TZJmJ1ENujyJ4Dr.nJTYZZauuOomfnI.g3Dh2kteZObEVGa','51550885','Jorge','Ramirez','Perez','Av General Rivera','1642','funcionario',NULL,NULL,'2023-09-22 23:32:12','2023-09-22 23:32:12',NULL,NULL),(1041,'funcionario@gmail.com','$2y$10$o7NVi3rhPcx7KSBkRa.u7ek8KQlRoUhJtGbvmmPX55hUfmDv0Sary','43085051','Scott','Martin',NULL,'Elisabeth Motorway','5916','funcionario',NULL,NULL,'2023-09-26 01:48:20','2023-10-16 22:38:42',NULL,1000),(1042,'soychofer@yahoo.com','$2y$04$qBmlZxAZPWzxACxxaMm3YOvj3hCG8HCMQ3DbYIOdQyH1BfEyOtycW','41559752','Rafael','Gonzalez','Knappe','Graciela de Gouveia','602','chofer',NULL,NULL,'2023-10-23 21:46:13','2023-10-23 21:46:13',NULL,NULL);
/*!40000 ALTER TABLE `usuarios` ENABLE KEYS */;
UNLOCK TABLES;

--
-- Table structure for table `va`
--

DROP TABLE IF EXISTS `va`;
/*!40101 SET @saved_cs_client     = @@character_set_client */;
/*!40101 SET character_set_client = utf8 */;
CREATE TABLE `va` (
  `id` int(10) unsigned NOT NULL AUTO_INCREMENT,
  `ruta_id` int(10) unsigned NOT NULL,
  `almacen_id` int(10) unsigned NOT NULL,
  `vehiculo_id` int(10) unsigned NOT NULL,
  `fecha_alt` timestamp NOT NULL DEFAULT current_timestamp(),
  `fecha` date NOT NULL CHECK (`fecha` <= `fecha_alt`),
  `horallegada` time NOT NULL,
  `horasalida` time NOT NULL,
  `created_at` timestamp NOT NULL DEFAULT current_timestamp(),
  `updated_at` timestamp NOT NULL DEFAULT current_timestamp(),
  `deleted_at` timestamp NULL DEFAULT NULL,
  PRIMARY KEY (`id`),
  UNIQUE KEY `ruta_id` (`ruta_id`,`almacen_id`,`vehiculo_id`,`fecha`),
  KEY `vehiculo_id` (`vehiculo_id`),
  KEY `almacen_id` (`almacen_id`),
  CONSTRAINT `va_ibfk_1` FOREIGN KEY (`vehiculo_id`) REFERENCES `vehiculos` (`id`),
  CONSTRAINT `va_ibfk_2` FOREIGN KEY (`almacen_id`) REFERENCES `almacenes` (`id`),
  CONSTRAINT `va_ibfk_3` FOREIGN KEY (`ruta_id`) REFERENCES `rutas` (`id`)
) ENGINE=InnoDB AUTO_INCREMENT=3 DEFAULT CHARSET=latin1 COLLATE=latin1_swedish_ci;
/*!40101 SET character_set_client = @saved_cs_client */;

--
-- Dumping data for table `va`
--

LOCK TABLES `va` WRITE;
/*!40000 ALTER TABLE `va` DISABLE KEYS */;
INSERT INTO `va` VALUES (1,13,1028,1048,'2023-10-11 20:44:25','2023-10-11','18:43:00','19:00:00','2023-10-11 23:44:25','2023-10-11 23:44:25',NULL),(2,13,1028,1014,'2023-10-11 20:51:52','2023-10-11','17:51:00','19:51:00','2023-10-11 23:51:52','2023-10-11 23:51:52',NULL);
/*!40000 ALTER TABLE `va` ENABLE KEYS */;
UNLOCK TABLES;

--
-- Table structure for table `vehiculos`
--

DROP TABLE IF EXISTS `vehiculos`;
/*!40101 SET @saved_cs_client     = @@character_set_client */;
/*!40101 SET character_set_client = utf8 */;
CREATE TABLE `vehiculos` (
  `id` int(10) unsigned NOT NULL AUTO_INCREMENT,
  `matricula` char(7) NOT NULL,
  `capacidad` decimal(7,2) unsigned NOT NULL,
  `estado` enum('en almacen','en transito') DEFAULT NULL,
  `tipo` enum('flete','reparto') NOT NULL,
  `created_at` timestamp NOT NULL DEFAULT current_timestamp(),
  `updated_at` timestamp NOT NULL DEFAULT current_timestamp(),
  `deleted_at` timestamp NULL DEFAULT NULL,
  PRIMARY KEY (`id`),
  UNIQUE KEY `matricula` (`matricula`)
) ENGINE=InnoDB AUTO_INCREMENT=1064 DEFAULT CHARSET=latin1 COLLATE=latin1_swedish_ci;
/*!40101 SET character_set_client = @saved_cs_client */;

--
-- Dumping data for table `vehiculos`
--

LOCK TABLES `vehiculos` WRITE;
/*!40000 ALTER TABLE `vehiculos` DISABLE KEYS */;
INSERT INTO `vehiculos` VALUES (1,'rgk7777',45.67,'en almacen','reparto','2023-08-22 01:10:16','2023-08-22 03:47:25',NULL),(2,'tkx3879',9916.48,'en transito','flete','2023-08-22 01:10:16','2023-08-22 01:10:16',NULL),(3,'mew9186',737.89,'en almacen','reparto','2023-08-22 01:10:16','2023-08-22 01:10:16',NULL),(4,'jxu6282',8989.86,'en almacen','flete','2023-08-22 01:10:16','2023-08-22 01:10:16',NULL),(5,'nwj1555',8565.09,'en transito','reparto','2023-08-22 01:10:16','2023-08-22 01:53:51',NULL),(6,'ouo3499',7549.33,'en almacen','reparto','2023-08-22 01:10:16','2023-08-22 01:10:16',NULL),(7,'ish4971',6790.80,'en transito','reparto','2023-08-22 01:10:16','2023-08-22 01:10:16',NULL),(8,'nis7376',1325.44,'en transito','flete','2023-08-22 01:10:16','2023-08-22 01:10:16',NULL),(9,'cuh5404',4959.02,'en transito','flete','2023-08-22 01:10:16','2023-08-22 01:10:16',NULL),(10,'yaj6162',7939.95,'en transito','reparto','2023-08-22 01:10:16','2023-08-22 01:10:16',NULL),(11,'jsz9171',7720.34,'en almacen','flete','2023-08-22 01:10:16','2023-08-22 01:10:16',NULL),(12,'ljj6036',6447.63,'en almacen','reparto','2023-08-22 01:10:16','2023-08-22 01:10:16',NULL),(13,'vxu3169',2764.92,'en almacen','reparto','2023-08-22 01:10:16','2023-08-22 01:10:16',NULL),(14,'gip3760',6464.53,'en transito','reparto','2023-08-22 01:10:16','2023-08-22 02:21:10','2023-08-22 02:21:10'),(15,'xht1240',6687.56,'en almacen','reparto','2023-08-22 01:10:16','2023-08-22 01:10:16',NULL),(16,'mxu6437',4359.16,'en almacen','flete','2023-08-22 01:10:16','2023-08-22 01:10:16',NULL),(17,'qyr4427',3375.16,'en transito','reparto','2023-08-22 01:10:16','2023-08-22 01:10:16',NULL),(18,'piw7655',6560.55,'en transito','reparto','2023-08-22 01:10:16','2023-08-22 01:10:16',NULL),(19,'jmv5230',3067.83,'en transito','flete','2023-08-22 01:10:16','2023-08-22 01:10:16',NULL),(20,'kjw0385',2324.62,'en transito','reparto','2023-08-22 01:10:16','2023-08-22 01:10:16',NULL),(750,'mpf0695',7560.53,'en almacen','reparto','2023-08-22 01:10:16','2023-08-22 01:10:16',NULL),(1000,'AAA1234',8000.00,'en almacen','flete','2023-08-22 01:10:16','2023-10-23 21:59:56',NULL),(1001,'zxy1234',80.02,'en transito','reparto','2023-08-22 02:33:41','2023-08-22 02:33:41',NULL),(1002,'asd',12.12,'en transito','flete','2023-08-22 02:34:28','2023-08-22 02:34:50','2023-08-22 02:34:50'),(1003,'ABC1234',12.34,'en transito','flete','2023-08-22 03:40:20','2023-08-22 03:40:20',NULL),(1010,'SBK7676',9000.50,'en transito','flete','2023-09-06 23:05:51','2023-09-06 23:05:51',NULL),(1011,'SBK1676',9000.50,'en transito','flete','2023-09-06 23:28:30','2023-09-06 23:28:30',NULL),(1012,'ABC1214',99999.12,'en transito','reparto','2023-09-06 23:31:18','2023-09-06 23:31:50',NULL),(1013,'suy2899',9142.64,'en almacen','reparto','2023-09-07 01:30:23','2023-09-07 01:30:23',NULL),(1014,'exp7077',1452.16,'en almacen','flete','2023-09-07 01:30:23','2023-09-07 01:30:23',NULL),(1015,'bzt8693',5051.71,'en almacen','reparto','2023-09-07 01:30:23','2023-09-07 01:30:23',NULL),(1016,'tlz8014',3671.36,'en transito','flete','2023-09-07 01:30:23','2023-09-07 01:30:23',NULL),(1017,'bet2385',7637.40,'en almacen','reparto','2023-09-07 01:30:23','2023-09-07 01:30:23',NULL),(1018,'xka2248',2951.91,'en transito','flete','2023-09-07 01:30:23','2023-09-07 01:30:23',NULL),(1019,'gtm0548',6696.26,'en almacen','flete','2023-09-07 01:30:23','2023-09-07 01:30:23',NULL),(1020,'jxk6605',2406.67,'en almacen','flete','2023-09-07 01:30:23','2023-09-07 01:30:23',NULL),(1021,'nqp5272',1913.49,'en almacen','flete','2023-09-07 01:30:23','2023-09-07 01:30:23',NULL),(1022,'mlz8290',8461.94,'en almacen','reparto','2023-09-07 01:30:23','2023-09-07 01:30:23',NULL),(1023,'bws7596',2602.76,'en transito','reparto','2023-09-07 01:30:23','2023-09-07 01:30:23',NULL),(1024,'rxm2468',3501.79,'en almacen','reparto','2023-09-07 01:30:23','2023-09-07 01:30:23',NULL),(1025,'uui2246',3526.82,'en transito','reparto','2023-09-07 01:30:23','2023-09-07 01:30:23',NULL),(1026,'bgg1304',9881.12,'en almacen','flete','2023-09-07 01:30:23','2023-09-07 01:30:23',NULL),(1027,'ouc8783',7306.18,'en transito','flete','2023-09-07 01:30:23','2023-09-07 01:30:23',NULL),(1028,'zik5383',7233.74,'en almacen','reparto','2023-09-07 01:30:23','2023-09-07 01:30:23',NULL),(1029,'piq7911',5273.65,'en almacen','flete','2023-09-07 01:30:23','2023-09-07 01:30:23',NULL),(1030,'spk7286',6283.83,'en transito','flete','2023-09-07 01:30:23','2023-09-07 01:30:23',NULL),(1031,'eat2198',2630.32,'en almacen','flete','2023-09-07 01:30:23','2023-09-07 01:30:23',NULL),(1032,'btj7112',8960.44,'en almacen','reparto','2023-09-07 01:30:23','2023-09-07 01:30:23',NULL),(1048,'SBD1234',3131.00,'en transito','flete','2023-09-21 08:20:13','2023-09-21 08:20:13',NULL),(1049,'SBK1671',9000.50,'en transito','flete','2023-09-21 23:57:32','2023-09-21 23:57:32',NULL),(1050,'SCK1676',9000.50,'en transito','flete','2023-09-21 23:58:28','2023-09-21 23:58:28',NULL),(1051,'SCL1676',9000.50,'en transito','flete','2023-09-22 00:04:30','2023-09-22 00:04:30',NULL),(1052,'LCL1676',9000.50,'en transito','flete','2023-09-22 00:13:49','2023-09-22 00:13:49',NULL),(1053,'LCL1686',9000.50,'en transito','flete','2023-09-22 21:36:07','2023-09-22 21:36:07',NULL),(1054,'DPI1676',9000.50,'en transito','flete','2023-09-22 21:46:09','2023-09-22 21:46:09',NULL),(1060,'DPJ1222',12.34,'en transito','flete','2023-09-22 22:41:56','2023-09-22 22:41:56',NULL),(1061,'gfa3381',1234.22,'en transito','flete','2023-09-29 00:21:47','2023-09-29 00:21:47',NULL),(1062,'poi1345',3456.00,'en transito','flete','2023-10-02 00:56:10','2023-10-02 00:56:10',NULL),(1063,'DPJ1234',12.34,'en transito','flete','2023-10-23 21:31:14','2023-10-23 21:31:14',NULL);
/*!40000 ALTER TABLE `vehiculos` ENABLE KEYS */;
UNLOCK TABLES;
/*!40103 SET TIME_ZONE=@OLD_TIME_ZONE */;

/*!40101 SET SQL_MODE=@OLD_SQL_MODE */;
/*!40014 SET FOREIGN_KEY_CHECKS=@OLD_FOREIGN_KEY_CHECKS */;
/*!40014 SET UNIQUE_CHECKS=@OLD_UNIQUE_CHECKS */;
/*!40101 SET CHARACTER_SET_CLIENT=@OLD_CHARACTER_SET_CLIENT */;
/*!40101 SET CHARACTER_SET_RESULTS=@OLD_CHARACTER_SET_RESULTS */;
/*!40101 SET COLLATION_CONNECTION=@OLD_COLLATION_CONNECTION */;
/*!40111 SET SQL_NOTES=@OLD_SQL_NOTES */;

-- Dump completed on 2023-11-05 23:37:58
